id,order_id,product_id,sales,quantity,discount,profit,region,category
CA-2017-152156-0,CA-2017-152156,FUR-BO-10001798,261.96,2,0.00,41.91,South,Furniture
CA-2017-152156-1,CA-2017-152156,FUR-CH-10000454,731.94,3,0.00,219.58,South,Furniture
CA-2017-138688-0,CA-2017-138688,OFF-LA-10000240,14.62,2,0.00,6.87,West,Office Supplies
US-2016-108966-0,US-2016-108966,FUR-TA-10000577,957.58,5,0.45,-383.03,South,Furniture
US-2016-108966-1,US-2016-108966,OFF-ST-10000760,22.37,2,0.20,2.52,South,Office Supplies
CA-2015-115812-0,CA-2015-115812,FUR-FU-10001487,48.86,7,0.00,14.17,West,Furniture
CA-2015-115812-1,CA-2015-115812,OFF-AR-10002833,7.28,4,0.00,1.97,West,Office Supplies
CA-2015-115812-2,CA-2015-115812,TEC-PH-10002275,907.15,6,0.20,90.72,West,Technology
CA-2015-115812-3,CA-2015-115812,OFF-BI-10003910,18.50,3,0.20,5.78,West,Office Supplies
CA-2015-115812-4,CA-2015-115812,OFF-AP-10002892,114.90,5,0.00,34.47,West,Office Supplies
CA-2015-115812-5,CA-2015-115812,FUR-TA-10001539,1706.18,9,0.20,85.31,West,Furniture
CA-2015-115812-6,CA-2015-115812,TEC-PH-10002033,911.42,4,0.20,68.36,West,Technology
CA-2018-114412-0,CA-2018-114412,OFF-PA-10002365,15.55,3,0.20,5.44,South,Office Supplies
CA-2017-161389-0,CA-2017-161389,OFF-BI-10003656,407.98,3,0.20,132.59,West,Office Supplies
US-2016-118983-0,US-2016-118983,OFF-AP-10002311,68.81,5,0.80,-123.86,Central,Office Supplies
US-2016-118983-1,US-2016-118983,OFF-BI-10000756,2.54,3,0.80,-3.82,Central,Office Supplies
CA-2015-105893-0,CA-2015-105893,OFF-ST-10004186,665.88,6,0.00,13.32,Central,Office Supplies
CA-2015-167164-0,CA-2015-167164,OFF-ST-10000107,55.50,2,0.00,9.99,West,Office Supplies
CA-2015-143336-0,CA-2015-143336,OFF-AR-10003056,8.56,2,0.00,2.48,West,Office Supplies
CA-2015-143336-1,CA-2015-143336,TEC-PH-10001949,213.48,3,0.20,16.01,West,Technology
CA-2015-143336-2,CA-2015-143336,OFF-BI-10002215,22.72,4,0.20,7.38,West,Office Supplies
CA-2017-137330-0,CA-2017-137330,OFF-AR-10000246,19.46,7,0.00,5.06,Central,Office Supplies
CA-2017-137330-1,CA-2017-137330,OFF-AP-10001492,60.34,7,0.00,15.69,Central,Office Supplies
US-2018-156909-0,US-2018-156909,FUR-CH-10002774,71.37,2,0.30,-1.02,East,Furniture
CA-2016-106320-0,CA-2016-106320,FUR-TA-10000577,1044.63,3,0.00,240.26,West,Furniture
CA-2017-121755-0,CA-2017-121755,OFF-BI-10001634,11.65,2,0.20,4.22,West,Office Supplies
CA-2017-121755-1,CA-2017-121755,TEC-AC-10003027,90.57,3,0.00,11.77,West,Technology
US-2016-150630-0,US-2016-150630,FUR-BO-10004834,3083.43,7,0.50,-1665.05,East,Furniture
US-2016-150630-1,US-2016-150630,OFF-BI-10000474,9.62,2,0.70,-7.05,East,Office Supplies
US-2016-150630-2,US-2016-150630,FUR-FU-10004848,124.20,3,0.20,15.53,East,Furniture
US-2016-150630-3,US-2016-150630,OFF-EN-10001509,3.26,2,0.20,1.10,East,Office Supplies
US-2016-150630-4,US-2016-150630,OFF-AR-10004042,86.30,6,0.20,9.71,East,Office Supplies
US-2016-150630-5,US-2016-150630,OFF-BI-10001525,6.86,6,0.70,-5.71,East,Office Supplies
US-2016-150630-6,US-2016-150630,OFF-AR-10001683,15.76,2,0.20,3.55,East,Office Supplies
CA-2018-107727-0,CA-2018-107727,OFF-PA-10000249,29.47,3,0.20,9.95,Central,Office Supplies
CA-2017-117590-0,CA-2017-117590,TEC-PH-10004977,1097.54,7,0.20,123.47,Central,Technology
CA-2017-117590-1,CA-2017-117590,FUR-FU-10003664,190.92,5,0.60,-147.96,Central,Furniture
CA-2016-117415-0,CA-2016-117415,OFF-EN-10002986,113.33,9,0.20,35.41,Central,Office Supplies
CA-2016-117415-1,CA-2016-117415,FUR-BO-10002545,532.40,3,0.32,-46.98,Central,Furniture
CA-2016-117415-2,CA-2016-117415,FUR-CH-10004218,212.06,3,0.30,-15.15,Central,Furniture
CA-2016-117415-3,CA-2016-117415,TEC-PH-10000486,371.17,4,0.20,41.76,Central,Technology
CA-2018-120999-0,CA-2018-120999,TEC-PH-10004093,147.17,4,0.20,16.56,Central,Technology
CA-2017-101343-0,CA-2017-101343,OFF-ST-10003479,77.88,2,0.00,3.89,West,Office Supplies
CA-2018-139619-0,CA-2018-139619,OFF-ST-10003282,95.62,2,0.20,9.56,South,Office Supplies
CA-2017-118255-0,CA-2017-118255,TEC-AC-10000171,45.98,2,0.00,19.77,Central,Technology
CA-2017-118255-1,CA-2017-118255,OFF-BI-10003291,17.46,2,0.00,8.21,Central,Office Supplies
CA-2015-146703-0,CA-2015-146703,OFF-ST-10001713,211.96,4,0.00,8.48,Central,Office Supplies
CA-2017-169194-0,CA-2017-169194,TEC-AC-10002167,45.00,3,0.00,4.95,East,Technology
CA-2017-169194-1,CA-2017-169194,TEC-PH-10003988,21.80,2,0.00,6.10,East,Technology
CA-2016-115742-0,CA-2016-115742,OFF-BI-10004410,38.22,6,0.00,17.96,Central,Office Supplies
CA-2016-115742-1,CA-2016-115742,OFF-LA-10002762,75.18,6,0.00,35.33,Central,Office Supplies
CA-2016-115742-2,CA-2016-115742,FUR-FU-10001706,6.16,2,0.00,2.96,Central,Furniture
CA-2016-115742-3,CA-2016-115742,FUR-CH-10003061,89.99,1,0.00,17.10,Central,Furniture
CA-2017-105816-0,CA-2017-105816,OFF-FA-10000304,15.26,7,0.00,6.26,East,Office Supplies
CA-2017-105816-1,CA-2017-105816,TEC-PH-10002447,1029.95,5,0.00,298.69,East,Technology
CA-2017-111682-0,CA-2017-111682,OFF-ST-10000604,208.56,6,0.00,52.14,East,Office Supplies
CA-2017-111682-1,CA-2017-111682,OFF-PA-10001569,32.40,5,0.00,15.55,East,Office Supplies
CA-2017-111682-2,CA-2017-111682,FUR-CH-10003968,319.41,5,0.10,7.10,East,Furniture
CA-2017-111682-3,CA-2017-111682,OFF-PA-10000587,14.56,2,0.00,6.99,East,Office Supplies
CA-2017-111682-4,CA-2017-111682,TEC-AC-10002167,30.00,2,0.00,3.30,East,Technology
CA-2017-111682-5,CA-2017-111682,OFF-BI-10001460,48.48,4,0.20,16.36,East,Office Supplies
CA-2017-111682-6,CA-2017-111682,OFF-AR-10001868,1.68,1,0.00,0.84,East,Office Supplies
CA-2016-135545-0,CA-2016-135545,TEC-AC-10004633,13.98,2,0.00,6.15,West,Technology
CA-2016-135545-1,CA-2016-135545,OFF-BI-10001078,25.82,6,0.20,9.36,West,Office Supplies
CA-2016-135545-2,CA-2016-135545,OFF-PA-10003892,146.73,3,0.00,68.96,West,Office Supplies
CA-2016-135545-3,CA-2016-135545,FUR-FU-10000397,79.76,4,0.00,22.33,West,Furniture
US-2016-164175-0,US-2016-164175,FUR-CH-10001146,213.12,5,0.30,-15.22,Central,Furniture
CA-2015-106376-0,CA-2015-106376,OFF-AR-10002671,1113.02,8,0.20,111.30,West,Office Supplies
CA-2015-106376-1,CA-2015-106376,TEC-PH-10002726,167.97,4,0.20,62.99,West,Technology
CA-2017-119823-0,CA-2017-119823,OFF-PA-10000482,75.88,2,0.00,35.66,South,Office Supplies
CA-2017-106075-0,CA-2017-106075,OFF-BI-10004654,4.62,1,0.20,1.73,East,Office Supplies
CA-2018-114440-0,CA-2018-114440,OFF-PA-10004675,19.05,3,0.00,8.76,Central,Office Supplies
US-2016-134026-0,US-2016-134026,FUR-CH-10000513,831.94,8,0.20,-114.39,South,Furniture
US-2016-134026-1,US-2016-134026,FUR-FU-10003708,97.04,2,0.20,1.21,South,Furniture
US-2016-134026-2,US-2016-134026,OFF-ST-10004123,72.78,1,0.20,-18.20,South,Office Supplies
US-2018-118038-0,US-2018-118038,OFF-BI-10004182,1.25,3,0.80,-1.93,Central,Office Supplies
US-2018-118038-1,US-2018-118038,FUR-FU-10000260,9.71,3,0.60,-5.82,Central,Furniture
US-2018-118038-2,US-2018-118038,OFF-ST-10000615,27.24,3,0.20,2.72,Central,Office Supplies
US-2015-147606-0,US-2015-147606,FUR-FU-10003194,19.30,5,0.60,-14.47,Central,Furniture
CA-2017-127208-0,CA-2017-127208,OFF-AP-10002118,208.16,1,0.00,56.20,South,Office Supplies
CA-2017-127208-1,CA-2017-127208,OFF-BI-10002309,16.74,3,0.00,8.04,South,Office Supplies
CA-2015-139451-0,CA-2015-139451,OFF-AR-10002053,14.90,5,0.00,4.17,West,Office Supplies
CA-2015-139451-1,CA-2015-139451,OFF-ST-10002370,21.39,1,0.00,6.20,West,Office Supplies
CA-2016-149734-0,CA-2016-149734,OFF-EN-10000927,200.98,7,0.20,62.81,South,Office Supplies
US-2018-119662-0,US-2018-119662,OFF-ST-10003656,230.38,3,0.20,-48.95,Central,Office Supplies
CA-2018-140088-0,CA-2018-140088,FUR-CH-10000863,301.96,2,0.00,33.22,South,Furniture
CA-2018-155558-0,CA-2018-155558,TEC-AC-10001998,19.99,1,0.00,6.80,Central,Technology
CA-2018-155558-1,CA-2018-155558,OFF-LA-10000134,6.16,2,0.00,2.96,Central,Office Supplies
CA-2017-159695-0,CA-2017-159695,OFF-ST-10003442,158.37,7,0.20,13.86,Central,Office Supplies
CA-2017-109806-0,CA-2017-109806,OFF-AR-10004930,20.10,3,0.00,6.63,West,Office Supplies
CA-2017-109806-1,CA-2017-109806,TEC-PH-10004093,73.58,2,0.20,8.28,West,Technology
CA-2017-109806-2,CA-2017-109806,OFF-PA-10000304,6.48,1,0.00,3.11,West,Office Supplies
CA-2016-149587-0,CA-2016-149587,OFF-PA-10003177,12.96,2,0.00,6.22,Central,Office Supplies
CA-2016-149587-1,CA-2016-149587,FUR-FU-10003799,53.34,3,0.00,16.54,Central,Furniture
CA-2016-149587-2,CA-2016-149587,OFF-BI-10002852,32.96,2,0.00,16.15,Central,Office Supplies
US-2018-109484-0,US-2018-109484,OFF-BI-10004738,5.68,1,0.70,-3.79,West,Office Supplies
CA-2018-161018-0,CA-2018-161018,FUR-FU-10000629,96.53,7,0.00,40.54,East,Furniture
CA-2018-157833-0,CA-2018-157833,OFF-BI-10001721,51.31,3,0.20,17.96,West,Office Supplies
CA-2017-149223-0,CA-2017-149223,OFF-AP-10000358,77.88,6,0.00,22.59,Central,Office Supplies
CA-2017-158568-0,CA-2017-158568,OFF-PA-10003256,64.62,7,0.20,22.62,Central,Office Supplies
CA-2017-158568-1,CA-2017-158568,TEC-AC-10001767,95.98,3,0.20,-10.80,Central,Technology
CA-2017-158568-2,CA-2017-158568,OFF-BI-10002609,1.79,3,0.80,-3.04,Central,Office Supplies
CA-2017-129903-0,CA-2017-129903,OFF-PA-10004040,23.92,4,0.00,11.72,Central,Office Supplies
US-2016-156867-0,US-2016-156867,TEC-AC-10001552,238.90,6,0.20,-26.88,West,Technology
US-2016-156867-1,US-2016-156867,FUR-FU-10004006,102.36,3,0.20,-3.84,West,Furniture
US-2016-156867-2,US-2016-156867,OFF-BI-10002794,36.88,3,0.70,-25.82,West,Office Supplies
CA-2018-119004-0,CA-2018-119004,TEC-AC-10003499,74.11,8,0.20,17.60,South,Technology
CA-2018-119004-1,CA-2018-119004,TEC-PH-10002844,27.99,1,0.20,2.10,South,Technology
CA-2018-119004-2,CA-2018-119004,OFF-AR-10000390,3.30,1,0.20,1.07,South,Office Supplies
CA-2016-129476-0,CA-2016-129476,TEC-AC-10000844,339.96,5,0.20,67.99,Central,Technology
CA-2018-146780-0,CA-2018-146780,FUR-FU-10001934,41.96,2,0.00,10.91,East,Furniture
CA-2017-128867-0,CA-2017-128867,OFF-AR-10000380,75.96,2,0.00,22.79,Central,Office Supplies
CA-2017-128867-1,CA-2017-128867,OFF-BI-10003981,27.24,6,0.00,13.35,Central,Office Supplies
CA-2015-115259-0,CA-2015-115259,OFF-FA-10000621,40.10,14,0.20,14.53,East,Office Supplies
CA-2015-115259-1,CA-2015-115259,OFF-EN-10002600,4.72,2,0.20,1.65,East,Office Supplies
CA-2015-115259-2,CA-2015-115259,OFF-PA-10004965,23.98,3,0.20,7.49,East,Office Supplies
CA-2015-115259-3,CA-2015-115259,OFF-EN-10002504,130.46,6,0.20,44.03,East,Office Supplies
CA-2016-110457-0,CA-2016-110457,FUR-TA-10001768,787.53,3,0.00,165.38,West,Furniture
US-2016-136476-0,US-2016-136476,OFF-BI-10003650,157.79,1,0.70,-115.72,South,Office Supplies
CA-2017-103730-0,CA-2017-103730,FUR-FU-10002157,47.04,3,0.00,18.35,East,Furniture
CA-2017-103730-1,CA-2017-103730,OFF-BI-10003910,30.84,4,0.00,13.88,East,Office Supplies
CA-2017-103730-2,CA-2017-103730,OFF-ST-10000777,226.56,6,0.00,63.44,East,Office Supplies
CA-2017-103730-3,CA-2017-103730,OFF-EN-10002500,115.02,9,0.00,51.76,East,Office Supplies
CA-2017-103730-4,CA-2017-103730,TEC-PH-10003875,68.04,7,0.00,19.73,East,Technology
US-2015-152030-0,US-2015-152030,FUR-CH-10004063,600.56,3,0.30,-8.58,Central,Furniture
US-2015-134614-0,US-2015-134614,FUR-TA-10004534,617.70,6,0.50,-407.68,Central,Furniture
US-2018-107272-0,US-2018-107272,OFF-BI-10003274,2.39,2,0.70,-1.83,West,Office Supplies
US-2018-107272-1,US-2018-107272,OFF-ST-10002974,243.99,7,0.20,30.50,West,Office Supplies
US-2017-125969-0,US-2017-125969,FUR-CH-10001146,81.42,2,0.20,-9.16,West,Furniture
US-2017-125969-1,US-2017-125969,FUR-FU-10003773,238.56,3,0.00,26.24,West,Furniture
US-2018-164147-0,US-2018-164147,TEC-PH-10002293,59.97,5,0.40,-11.99,East,Technology
US-2018-164147-1,US-2018-164147,OFF-PA-10002377,78.30,2,0.20,29.36,East,Office Supplies
US-2018-164147-2,US-2018-164147,OFF-FA-10002780,21.46,9,0.20,6.97,East,Office Supplies
CA-2017-145583-0,CA-2017-145583,OFF-PA-10001804,20.04,3,0.00,9.62,West,Office Supplies
CA-2017-145583-1,CA-2017-145583,OFF-PA-10001736,35.44,1,0.00,16.66,West,Office Supplies
CA-2017-145583-2,CA-2017-145583,OFF-AR-10001149,11.52,4,0.00,3.46,West,Office Supplies
CA-2017-145583-3,CA-2017-145583,OFF-FA-10002988,4.02,2,0.00,1.97,West,Office Supplies
CA-2017-145583-4,CA-2017-145583,OFF-BI-10004781,76.18,3,0.20,26.66,West,Office Supplies
CA-2017-145583-5,CA-2017-145583,OFF-SU-10001218,65.88,6,0.00,18.45,West,Office Supplies
CA-2017-145583-6,CA-2017-145583,FUR-FU-10001706,43.12,14,0.00,20.70,West,Furniture
CA-2017-110366-0,CA-2017-110366,FUR-FU-10004848,82.80,2,0.20,10.35,East,Furniture
CA-2018-106180-0,CA-2018-106180,OFF-AR-10000940,8.82,3,0.00,2.38,West,Office Supplies
CA-2018-106180-1,CA-2018-106180,OFF-EN-10004030,10.86,3,0.00,5.10,West,Office Supplies
CA-2018-106180-2,CA-2018-106180,OFF-PA-10004327,143.70,3,0.00,68.98,West,Office Supplies
CA-2018-155376-0,CA-2018-155376,OFF-AP-10001058,839.43,3,0.00,218.25,Central,Office Supplies
CA-2016-110744-0,CA-2016-110744,OFF-ST-10003656,671.93,7,0.00,20.16,West,Office Supplies
CA-2015-110072-0,CA-2015-110072,FUR-FU-10000521,93.89,4,0.20,12.91,East,Furniture
CA-2017-114489-0,CA-2017-114489,TEC-PH-10000215,384.45,11,0.00,103.80,Central,Technology
CA-2017-114489-1,CA-2017-114489,TEC-PH-10001448,149.97,3,0.00,6.00,Central,Technology
CA-2017-114489-2,CA-2017-114489,FUR-CH-10000454,1951.84,8,0.00,585.55,Central,Furniture
CA-2017-114489-3,CA-2017-114489,OFF-BI-10002735,171.55,5,0.00,80.63,Central,Office Supplies
CA-2017-158834-0,CA-2017-158834,OFF-AP-10000326,157.92,5,0.20,17.77,West,Office Supplies
CA-2017-158834-1,CA-2017-158834,TEC-PH-10001254,203.18,2,0.20,15.24,West,Technology
CA-2016-124919-0,CA-2016-124919,OFF-PA-10001950,58.38,7,0.00,26.27,West,Office Supplies
CA-2016-124919-1,CA-2016-124919,OFF-PA-10002254,105.52,4,0.00,48.54,West,Office Supplies
CA-2016-124919-2,CA-2016-124919,OFF-ST-10001590,80.88,6,0.00,21.03,West,Office Supplies
CA-2016-118948-0,CA-2016-118948,OFF-AR-10001547,6.63,3,0.00,1.79,West,Office Supplies
CA-2015-104269-0,CA-2015-104269,FUR-CH-10004063,457.57,2,0.20,51.48,West,Furniture
CA-2017-114104-0,CA-2017-114104,OFF-LA-10002475,14.62,2,0.00,6.87,Central,Office Supplies
CA-2017-114104-1,CA-2017-114104,TEC-PH-10004536,944.93,7,0.00,236.23,Central,Technology
CA-2017-162733-0,CA-2017-162733,OFF-PA-10002751,5.98,1,0.00,2.69,West,Office Supplies
CA-2016-119697-0,CA-2016-119697,TEC-AC-10003657,54.38,2,0.20,1.36,East,Technology
CA-2017-154508-0,CA-2017-154508,OFF-EN-10001990,28.40,5,0.00,13.35,West,Office Supplies
CA-2017-113817-0,CA-2017-113817,OFF-BI-10004002,27.68,2,0.20,9.69,West,Office Supplies
CA-2015-139892-0,CA-2015-139892,OFF-AR-10004441,9.94,3,0.20,2.73,Central,Office Supplies
CA-2015-139892-1,CA-2015-139892,TEC-MA-10000822,8159.95,8,0.40,-1359.99,Central,Technology
CA-2015-139892-2,CA-2015-139892,OFF-ST-10000991,275.93,3,0.20,-58.63,Central,Office Supplies
CA-2015-139892-3,CA-2015-139892,FUR-CH-10004287,1740.06,9,0.30,-24.86,Central,Furniture
CA-2015-139892-4,CA-2015-139892,OFF-AR-10002656,32.06,6,0.20,6.81,Central,Office Supplies
CA-2015-139892-5,CA-2015-139892,OFF-AP-10002518,177.98,5,0.80,-453.85,Central,Office Supplies
CA-2015-139892-6,CA-2015-139892,TEC-PH-10003931,143.98,3,0.20,9.00,Central,Technology
CA-2015-118962-0,CA-2015-118962,OFF-PA-10000659,20.94,3,0.00,9.84,West,Office Supplies
CA-2015-118962-1,CA-2015-118962,OFF-PA-10001144,110.96,2,0.00,53.26,West,Office Supplies
CA-2015-118962-2,CA-2015-118962,FUR-CH-10003817,340.14,7,0.20,21.26,West,Furniture
US-2015-100853-0,US-2015-100853,OFF-AP-10000891,52.45,2,0.80,-131.12,Central,Office Supplies
US-2015-100853-1,US-2015-100853,OFF-LA-10003148,20.16,4,0.20,6.55,Central,Office Supplies
US-2018-152366-0,US-2018-152366,OFF-AP-10002684,97.26,4,0.80,-243.16,Central,Office Supplies
US-2016-101511-0,US-2016-101511,FUR-CH-10004698,396.80,7,0.30,-11.34,East,Furniture
US-2016-101511-1,US-2016-101511,OFF-SU-10002189,15.88,5,0.20,-3.77,East,Office Supplies
CA-2016-137225-0,CA-2016-137225,OFF-AR-10001940,3.28,1,0.00,1.41,East,Office Supplies
CA-2015-166191-0,CA-2015-166191,OFF-ST-10003455,24.82,2,0.20,1.86,Central,Office Supplies
CA-2015-166191-1,CA-2015-166191,TEC-AC-10004659,408.74,7,0.20,76.64,Central,Technology
CA-2015-158274-0,CA-2015-158274,TEC-PH-10003273,503.96,4,0.00,131.03,South,Technology
CA-2015-158274-1,CA-2015-158274,TEC-PH-10004896,149.95,5,0.00,41.99,South,Technology
CA-2015-158274-2,CA-2015-158274,TEC-AC-10002345,29.00,2,0.00,7.25,South,Technology
CA-2017-105018-0,CA-2017-105018,OFF-BI-10001890,7.16,2,0.00,3.44,East,Office Supplies
CA-2015-123260-0,CA-2015-123260,TEC-AC-10002323,176.80,8,0.00,22.98,West,Technology
CA-2017-157000-0,CA-2017-157000,OFF-ST-10001328,37.22,3,0.20,3.72,Central,Office Supplies
CA-2017-157000-1,CA-2017-157000,OFF-PA-10001950,20.02,3,0.20,6.25,Central,Office Supplies
CA-2016-102281-0,CA-2016-102281,FUR-BO-10002613,899.14,4,0.20,112.39,East,Furniture
CA-2016-102281-1,CA-2016-102281,TEC-PH-10001552,71.76,6,0.00,20.09,East,Technology
CA-2016-102281-2,CA-2016-102281,OFF-PA-10000061,51.84,8,0.00,24.88,East,Office Supplies
CA-2016-102281-3,CA-2016-102281,FUR-BO-10002545,626.35,3,0.20,46.98,East,Furniture
CA-2016-102281-4,CA-2016-102281,OFF-AR-10003514,19.90,5,0.00,6.57,East,Office Supplies
CA-2016-131457-0,CA-2016-131457,OFF-EN-10001509,14.28,7,0.00,6.71,West,Office Supplies
CA-2015-140004-0,CA-2015-140004,OFF-AR-10004685,7.41,2,0.20,1.20,East,Office Supplies
CA-2015-140004-1,CA-2015-140004,OFF-AR-10004027,6.05,3,0.20,1.59,East,Office Supplies
CA-2018-107720-0,CA-2018-107720,OFF-ST-10001414,46.26,3,0.00,12.03,East,Office Supplies
US-2018-124303-0,US-2018-124303,OFF-BI-10000343,2.95,2,0.70,-2.26,East,Office Supplies
US-2018-124303-1,US-2018-124303,OFF-PA-10002749,16.06,3,0.20,5.82,East,Office Supplies
CA-2018-105074-0,CA-2018-105074,OFF-PA-10002666,21.74,3,0.20,6.79,East,Office Supplies
CA-2015-133690-0,CA-2015-133690,FUR-TA-10004289,218.75,2,0.50,-161.88,West,Furniture
CA-2015-133690-1,CA-2015-133690,OFF-AP-10003622,2.60,1,0.20,0.29,West,Office Supplies
US-2018-116701-0,US-2018-116701,OFF-AP-10003217,66.28,2,0.80,-178.97,Central,Office Supplies
CA-2018-126382-0,CA-2018-126382,FUR-FU-10002960,35.17,7,0.20,9.67,South,Furniture
CA-2018-108329-0,CA-2018-108329,TEC-PH-10001918,444.77,4,0.20,44.48,West,Technology
CA-2018-135860-0,CA-2018-135860,OFF-ST-10000642,83.92,4,0.00,5.87,Central,Office Supplies
CA-2018-135860-1,CA-2018-135860,TEC-PH-10001700,131.98,2,0.00,35.63,Central,Technology
CA-2018-135860-2,CA-2018-135860,OFF-BI-10003274,15.92,4,0.00,7.48,Central,Office Supplies
CA-2018-135860-3,CA-2018-135860,OFF-FA-10000134,52.29,9,0.00,16.21,Central,Office Supplies
CA-2018-135860-4,CA-2018-135860,OFF-ST-10001522,91.99,1,0.00,3.68,Central,Office Supplies
CA-2016-101007-0,CA-2016-101007,TEC-AC-10001266,20.80,2,0.20,6.50,Central,Technology
CA-2016-146262-0,CA-2016-146262,OFF-LA-10004544,23.68,2,0.20,8.88,East,Office Supplies
CA-2016-146262-1,CA-2016-146262,FUR-BO-10004695,452.45,5,0.50,-244.32,East,Furniture
CA-2016-146262-2,CA-2016-146262,TEC-PH-10002844,62.98,3,0.40,-14.70,East,Technology
CA-2016-146262-3,CA-2016-146262,TEC-MA-10000864,1188.00,9,0.70,-950.40,East,Technology
CA-2016-146262-4,CA-2016-146262,TEC-AC-10000109,89.58,2,0.20,4.48,East,Technology
CA-2017-130162-0,CA-2017-130162,OFF-ST-10001328,93.06,6,0.00,26.06,West,Office Supplies
CA-2017-130162-1,CA-2017-130162,TEC-PH-10002563,302.38,3,0.20,22.68,West,Technology
CA-2016-169397-0,CA-2016-169397,OFF-FA-10000585,5.58,2,0.20,1.81,East,Office Supplies
CA-2016-169397-1,CA-2016-169397,OFF-PA-10004000,22.70,6,0.20,8.23,East,Office Supplies
CA-2016-169397-2,CA-2016-169397,OFF-BI-10002852,19.78,4,0.70,-13.84,East,Office Supplies
CA-2016-169397-3,CA-2016-169397,FUR-FU-10000087,72.70,4,0.20,19.08,East,Furniture
CA-2016-169397-4,CA-2016-169397,TEC-MA-10001148,479.99,4,0.70,-383.99,East,Technology
CA-2016-169397-5,CA-2016-169397,OFF-AR-10001958,27.17,2,0.20,2.72,East,Office Supplies
CA-2016-163055-0,CA-2016-163055,OFF-AR-10001026,2.20,1,0.00,0.97,Central,Office Supplies
CA-2016-163055-1,CA-2016-163055,FUR-TA-10003748,622.45,5,0.00,136.94,Central,Furniture
CA-2016-163055-2,CA-2016-163055,OFF-ST-10002485,21.98,1,0.00,0.22,Central,Office Supplies
US-2016-145436-0,US-2016-145436,FUR-CH-10004860,161.57,2,0.20,-28.27,South,Furniture
US-2016-145436-1,US-2016-145436,FUR-CH-10004477,389.70,8,0.20,43.84,South,Furniture
US-2015-156216-0,US-2015-156216,OFF-BI-10001679,18.65,7,0.70,-12.43,South,Office Supplies
US-2018-100930-0,US-2018-100930,FUR-TA-10001705,233.86,2,0.45,-102.05,South,Furniture
US-2018-100930-1,US-2018-100930,FUR-TA-10003473,620.61,3,0.45,-248.25,South,Furniture
US-2018-100930-2,US-2018-100930,OFF-BI-10001679,5.33,2,0.70,-3.55,South,Office Supplies
US-2018-100930-3,US-2018-100930,FUR-FU-10004017,258.07,3,0.20,0.00,South,Furniture
US-2018-100930-4,US-2018-100930,TEC-AC-10003832,617.98,3,0.20,-7.72,South,Technology
CA-2018-160514-0,CA-2018-160514,OFF-PA-10002479,10.56,2,0.00,4.75,West,Office Supplies
CA-2017-157749-0,CA-2017-157749,OFF-PA-10003349,25.92,5,0.20,9.40,Central,Office Supplies
CA-2017-157749-1,CA-2017-157749,FUR-FU-10000576,419.68,5,0.60,-356.73,Central,Furniture
CA-2017-157749-2,CA-2017-157749,FUR-FU-10004351,11.69,3,0.60,-4.68,Central,Furniture
CA-2017-157749-3,CA-2017-157749,TEC-PH-10000011,31.98,2,0.20,11.19,Central,Technology
CA-2017-157749-4,CA-2017-157749,FUR-TA-10002607,177.22,5,0.50,-120.51,Central,Furniture
CA-2017-157749-5,CA-2017-157749,FUR-FU-10002505,4.04,3,0.60,-2.83,Central,Furniture
CA-2017-157749-6,CA-2017-157749,OFF-AR-10004685,7.41,2,0.20,1.20,Central,Office Supplies
CA-2015-131926-0,CA-2015-131926,FUR-CH-10004063,2001.86,7,0.00,580.54,Central,Furniture
CA-2015-131926-1,CA-2015-131926,OFF-ST-10002276,166.72,2,0.00,41.68,Central,Office Supplies
CA-2015-131926-2,CA-2015-131926,OFF-PA-10004082,47.88,6,0.00,23.94,Central,Office Supplies
CA-2015-131926-3,CA-2015-131926,OFF-AP-10002945,1503.25,5,0.00,496.07,Central,Office Supplies
CA-2015-131926-4,CA-2015-131926,OFF-PA-10000061,25.92,4,0.00,12.44,Central,Office Supplies
CA-2017-154739-0,CA-2017-154739,FUR-CH-10002965,321.57,2,0.20,28.14,West,Furniture
CA-2017-145625-0,CA-2017-145625,OFF-PA-10004569,7.61,1,0.00,3.58,West,Office Supplies
CA-2017-145625-1,CA-2017-145625,TEC-AC-10003832,3347.37,13,0.00,636.00,West,Technology
CA-2017-146941-0,CA-2017-146941,OFF-ST-10001228,80.58,6,0.00,22.56,East,Office Supplies
CA-2017-146941-1,CA-2017-146941,OFF-EN-10003296,361.92,4,0.00,162.86,East,Office Supplies
US-2016-159982-0,US-2016-159982,FUR-FU-10002505,12.13,9,0.60,-8.49,Central,Furniture
US-2016-159982-1,US-2016-159982,OFF-ST-10004804,82.37,2,0.20,-19.56,Central,Office Supplies
US-2016-159982-2,US-2016-159982,OFF-ST-10001590,53.92,5,0.20,4.04,Central,Office Supplies
US-2016-159982-3,US-2016-159982,TEC-PH-10001580,647.90,6,0.20,56.69,Central,Technology
CA-2018-163139-0,CA-2018-163139,TEC-AC-10000290,20.37,3,0.00,6.93,East,Technology
CA-2018-163139-1,CA-2018-163139,OFF-ST-10002790,221.55,3,0.00,6.65,East,Office Supplies
CA-2018-163139-2,CA-2018-163139,OFF-BI-10003460,17.52,5,0.20,6.13,East,Office Supplies
US-2018-155299-0,US-2018-155299,OFF-AP-10002203,1.62,2,0.80,-4.47,Central,Office Supplies
US-2015-106992-0,US-2015-106992,TEC-MA-10000822,3059.98,3,0.40,-510.00,Central,Technology
US-2015-106992-1,US-2015-106992,TEC-MA-10003353,2519.96,7,0.40,-252.00,Central,Technology
CA-2017-125318-0,CA-2017-125318,TEC-PH-10001433,328.22,4,0.20,28.72,Central,Technology
CA-2016-155040-0,CA-2016-155040,TEC-AC-10004469,79.90,2,0.00,35.16,West,Technology
CA-2018-136826-0,CA-2018-136826,OFF-AR-10003602,14.02,3,0.20,4.73,South,Office Supplies
CA-2017-111010-0,CA-2017-111010,OFF-FA-10003472,7.56,6,0.00,0.30,East,Office Supplies
US-2018-145366-0,US-2018-145366,OFF-ST-10004180,37.21,1,0.20,-7.44,East,Office Supplies
US-2018-145366-1,US-2018-145366,OFF-EN-10004386,57.58,3,0.20,21.59,East,Office Supplies
CA-2018-163979-0,CA-2018-163979,OFF-ST-10003208,725.84,4,0.00,210.49,West,Office Supplies
CA-2016-155334-0,CA-2016-155334,TEC-AC-10003628,209.93,7,0.00,92.37,West,Technology
CA-2016-155334-1,CA-2016-155334,FUR-FU-10003274,5.28,3,0.00,2.32,West,Furniture
CA-2016-155334-2,CA-2016-155334,OFF-BI-10002557,10.92,3,0.20,4.09,West,Office Supplies
CA-2018-118136-0,CA-2018-118136,OFF-PA-10002615,8.82,2,0.00,4.06,West,Office Supplies
CA-2018-118136-1,CA-2018-118136,OFF-AR-10001427,5.98,1,0.00,1.55,West,Office Supplies
CA-2018-132976-0,CA-2018-132976,OFF-PA-10000673,11.65,2,0.20,4.08,East,Office Supplies
CA-2018-132976-1,CA-2018-132976,OFF-PA-10004470,18.18,4,0.20,5.91,East,Office Supplies
CA-2018-132976-2,CA-2018-132976,OFF-ST-10000876,59.71,6,0.20,5.97,East,Office Supplies
CA-2018-132976-3,CA-2018-132976,OFF-LA-10002043,24.84,3,0.20,8.69,East,Office Supplies
US-2016-161991-0,US-2016-161991,OFF-BI-10004967,2.08,5,0.80,-3.43,Central,Office Supplies
US-2016-161991-1,US-2016-161991,TEC-PH-10001760,1114.40,7,0.20,376.11,Central,Technology
CA-2016-130890-0,CA-2016-130890,FUR-TA-10002903,1038.84,5,0.20,51.94,West,Furniture
CA-2016-130883-0,CA-2016-130883,OFF-PA-10000474,141.76,5,0.20,47.84,West,Office Supplies
CA-2016-130883-1,CA-2016-130883,TEC-AC-10001956,239.80,5,0.20,47.96,West,Technology
CA-2016-130883-2,CA-2016-130883,OFF-PA-10004100,31.10,6,0.20,10.89,West,Office Supplies
CA-2017-112697-0,CA-2017-112697,OFF-BI-10000778,254.06,7,0.70,-169.37,South,Office Supplies
CA-2017-112697-1,CA-2017-112697,OFF-AP-10002684,194.53,2,0.20,24.32,South,Office Supplies
CA-2017-112697-2,CA-2017-112697,OFF-SU-10000646,961.48,5,0.20,-204.31,South,Office Supplies
CA-2017-110772-0,CA-2017-110772,OFF-FA-10002983,19.10,7,0.20,6.68,East,Office Supplies
CA-2017-110772-1,CA-2017-110772,OFF-LA-10004689,18.50,8,0.20,6.24,East,Office Supplies
CA-2017-110772-2,CA-2017-110772,TEC-AC-10002001,255.98,2,0.20,54.40,East,Technology
CA-2017-110772-3,CA-2017-110772,FUR-BO-10004709,86.97,3,0.50,-48.70,East,Furniture
CA-2015-111451-0,CA-2015-111451,FUR-FU-10004091,300.42,8,0.20,78.86,West,Furniture
CA-2015-111451-1,CA-2015-111451,FUR-CH-10001891,230.35,3,0.20,20.16,West,Furniture
CA-2015-111451-2,CA-2015-111451,FUR-FU-10002918,218.35,3,0.20,-24.56,West,Furniture
CA-2015-111451-3,CA-2015-111451,OFF-BI-10004593,78.60,5,0.70,-62.88,West,Office Supplies
CA-2015-111451-4,CA-2015-111451,OFF-FA-10004854,27.55,3,0.20,9.30,West,Office Supplies
CA-2017-142545-0,CA-2017-142545,OFF-PA-10002105,32.40,5,0.00,15.55,East,Office Supplies
CA-2017-142545-1,CA-2017-142545,OFF-ST-10002756,1082.48,8,0.00,10.82,East,Office Supplies
CA-2017-142545-2,CA-2017-142545,OFF-PA-10004243,56.91,3,0.00,27.32,East,Office Supplies
CA-2017-142545-3,CA-2017-142545,FUR-FU-10001861,77.60,4,0.00,38.02,East,Furniture
CA-2017-142545-4,CA-2017-142545,OFF-BI-10002706,14.28,1,0.00,6.57,East,Office Supplies
US-2018-152380-0,US-2018-152380,FUR-TA-10002533,219.07,3,0.50,-131.44,Central,Furniture
CA-2016-144253-0,CA-2016-144253,FUR-FU-10002671,26.80,2,0.00,12.86,East,Furniture
CA-2015-130960-0,CA-2015-130960,OFF-AR-10003651,9.84,3,0.00,2.85,Central,Office Supplies
CA-2015-111003-0,CA-2015-111003,OFF-BI-10001072,45.48,3,0.00,20.92,East,Office Supplies
CA-2015-111003-1,CA-2015-111003,OFF-AR-10002135,289.20,6,0.00,83.87,East,Office Supplies
CA-2018-126774-0,CA-2018-126774,OFF-AR-10002804,4.89,1,0.00,2.00,South,Office Supplies
CA-2017-142902-0,CA-2017-142902,FUR-FU-10001918,15.14,4,0.20,3.59,West,Furniture
CA-2017-142902-1,CA-2017-142902,FUR-CH-10004086,466.77,2,0.20,52.51,West,Furniture
CA-2017-142902-2,CA-2017-142902,FUR-FU-10001756,15.23,1,0.20,1.71,West,Furniture
CA-2017-142902-3,CA-2017-142902,OFF-LA-10000634,6.26,3,0.20,2.04,West,Office Supplies
CA-2015-120887-0,CA-2015-120887,FUR-FU-10001588,87.54,3,0.00,37.64,East,Furniture
CA-2015-167850-0,CA-2015-167850,TEC-PH-10002398,178.38,2,0.20,22.30,South,Technology
CA-2015-167850-1,CA-2015-167850,OFF-PA-10001937,15.55,3,0.20,5.44,South,Office Supplies
CA-2015-164259-0,CA-2015-164259,OFF-AR-10003373,99.14,4,0.20,8.67,East,Office Supplies
CA-2015-164973-0,CA-2015-164973,FUR-CH-10002602,135.88,1,0.10,24.16,East,Furniture
CA-2015-164973-1,CA-2015-164973,TEC-MA-10002927,3991.98,2,0.00,1995.99,East,Technology
CA-2015-164973-2,CA-2015-164973,TEC-PH-10004093,275.94,6,0.00,80.02,East,Technology
CA-2015-164973-3,CA-2015-164973,TEC-AC-10000892,360.00,4,0.00,129.60,East,Technology
CA-2015-164973-4,CA-2015-164973,OFF-ST-10002974,43.57,1,0.00,13.07,East,Office Supplies
CA-2015-156601-0,CA-2015-156601,OFF-FA-10000624,7.16,2,0.00,3.58,West,Office Supplies
CA-2017-162138-0,CA-2017-162138,OFF-BI-10004593,251.52,6,0.20,81.74,West,Office Supplies
CA-2017-162138-1,CA-2017-162138,TEC-AC-10001908,99.99,1,0.00,35.00,West,Technology
CA-2018-153339-0,CA-2018-153339,FUR-FU-10001967,15.99,1,0.20,1.00,South,Furniture
US-2017-141544-0,US-2017-141544,TEC-PH-10003645,290.90,3,0.40,-67.88,East,Technology
US-2017-141544-1,US-2017-141544,OFF-ST-10000675,54.22,2,0.20,3.39,East,Office Supplies
US-2017-141544-2,US-2017-141544,FUR-CH-10003312,786.74,4,0.30,-258.50,East,Furniture
US-2017-141544-3,US-2017-141544,OFF-LA-10001074,100.24,10,0.20,33.83,East,Office Supplies
US-2017-141544-4,US-2017-141544,OFF-BI-10001524,37.76,6,0.70,-27.69,East,Office Supplies
US-2017-150147-0,US-2017-150147,TEC-PH-10004614,82.80,2,0.40,-20.70,East,Technology
US-2017-150147-1,US-2017-150147,OFF-BI-10001153,20.72,2,0.70,-13.82,East,Office Supplies
US-2017-150147-2,US-2017-150147,OFF-BI-10001982,4.90,3,0.70,-3.43,East,Office Supplies
CA-2016-137946-0,CA-2016-137946,OFF-BI-10001922,4.75,1,0.20,1.60,West,Office Supplies
CA-2016-137946-1,CA-2016-137946,TEC-CO-10001449,959.98,2,0.20,335.99,West,Technology
CA-2016-137946-2,CA-2016-137946,OFF-BI-10004140,14.37,4,0.20,4.49,West,Office Supplies
CA-2015-129924-0,CA-2015-129924,OFF-BI-10003314,7.71,2,0.20,2.80,West,Office Supplies
CA-2015-129924-1,CA-2015-129924,FUR-TA-10004575,698.35,3,0.20,-17.46,West,Furniture
CA-2016-128167-0,CA-2016-128167,OFF-FA-10000490,4.96,4,0.00,2.33,West,Office Supplies
CA-2015-122336-0,CA-2015-122336,OFF-AR-10000122,17.86,4,0.20,1.12,East,Office Supplies
CA-2015-122336-1,CA-2015-122336,OFF-BI-10003656,509.97,10,0.70,-407.98,East,Office Supplies
CA-2015-122336-2,CA-2015-122336,OFF-FA-10002780,30.99,13,0.20,10.07,East,Office Supplies
CA-2015-122336-3,CA-2015-122336,TEC-PH-10000702,71.93,12,0.40,8.39,East,Technology
US-2016-120712-0,US-2016-120712,OFF-ST-10000107,88.80,4,0.20,-2.22,Central,Office Supplies
CA-2018-169901-0,CA-2018-169901,TEC-PH-10002293,47.98,3,0.20,4.80,West,Technology
CA-2018-134306-0,CA-2018-134306,OFF-AR-10004027,7.56,3,0.00,3.10,East,Office Supplies
CA-2018-134306-1,CA-2018-134306,OFF-PA-10000249,24.56,2,0.00,11.54,East,Office Supplies
CA-2018-134306-2,CA-2018-134306,OFF-AR-10001374,12.96,2,0.00,4.15,East,Office Supplies
CA-2017-129714-0,CA-2017-129714,TEC-AC-10000290,6.79,1,0.00,2.31,East,Technology
CA-2017-129714-1,CA-2017-129714,OFF-PA-10001970,24.56,2,0.00,11.54,East,Office Supplies
CA-2017-129714-2,CA-2017-129714,OFF-BI-10002160,3.05,1,0.20,1.07,East,Office Supplies
CA-2017-129714-3,CA-2017-129714,OFF-PA-10001970,49.12,4,0.00,23.09,East,Office Supplies
CA-2017-129714-4,CA-2017-129714,OFF-BI-10004995,4355.17,4,0.20,1415.43,East,Office Supplies
CA-2017-138520-0,CA-2017-138520,FUR-BO-10002268,388.70,6,0.20,-4.86,East,Furniture
CA-2017-138520-1,CA-2017-138520,OFF-EN-10001137,8.26,2,0.00,3.80,East,Office Supplies
CA-2017-138520-2,CA-2017-138520,OFF-AR-10002399,17.04,4,0.00,6.99,East,Office Supplies
CA-2017-138520-3,CA-2017-138520,OFF-PA-10002713,34.40,5,0.00,15.82,East,Office Supplies
CA-2017-130001-0,CA-2017-130001,OFF-PA-10002666,36.24,5,0.20,11.32,South,Office Supplies
CA-2018-155698-0,CA-2018-155698,OFF-AP-10001124,647.84,8,0.00,168.44,South,Office Supplies
CA-2018-155698-1,CA-2018-155698,OFF-LA-10001158,20.70,2,0.00,9.94,South,Office Supplies
CA-2018-144904-0,CA-2018-144904,OFF-LA-10001158,20.70,2,0.00,9.94,East,Office Supplies
CA-2018-144904-1,CA-2018-144904,FUR-CH-10000785,488.65,3,0.10,86.87,East,Furniture
CA-2018-144904-2,CA-2018-144904,OFF-AR-10003732,5.56,2,0.00,1.45,East,Office Supplies
CA-2018-144904-3,CA-2018-144904,FUR-FU-10000023,47.12,8,0.00,20.73,East,Furniture
CA-2015-123344-0,CA-2015-123344,OFF-ST-10001713,211.96,4,0.00,8.48,West,Office Supplies
CA-2017-155516-0,CA-2017-155516,OFF-BI-10002412,23.20,4,0.00,10.44,East,Office Supplies
CA-2017-155516-1,CA-2017-155516,OFF-SU-10001225,7.36,2,0.00,0.15,East,Office Supplies
CA-2017-155516-2,CA-2017-155516,OFF-ST-10002406,104.79,7,0.00,29.34,East,Office Supplies
CA-2017-155516-3,CA-2017-155516,FUR-BO-10002545,1043.92,4,0.00,271.42,East,Furniture
CA-2018-104745-0,CA-2018-104745,OFF-PA-10002036,25.92,5,0.20,9.40,Central,Office Supplies
CA-2018-104745-1,CA-2018-104745,OFF-ST-10002205,53.42,3,0.20,4.67,Central,Office Supplies
US-2015-119137-0,US-2015-119137,OFF-BI-10001982,8.16,5,0.70,-5.71,West,Office Supplies
US-2015-119137-1,US-2015-119137,TEC-AC-10003911,1023.94,8,0.20,179.19,West,Technology
US-2015-119137-2,US-2015-119137,OFF-AR-10000658,9.24,1,0.20,0.92,West,Office Supplies
US-2015-119137-3,US-2015-119137,TEC-AC-10002076,479.04,10,0.20,-29.94,West,Technology
US-2017-134656-0,US-2017-134656,OFF-PA-10003039,99.14,4,0.20,30.98,Central,Office Supplies
US-2018-134481-0,US-2018-134481,FUR-TA-10004915,1488.42,7,0.30,-297.68,East,Furniture
CA-2016-130792-0,CA-2016-130792,OFF-AP-10000696,8.65,3,0.80,-20.33,Central,Office Supplies
CA-2016-130792-1,CA-2016-130792,OFF-ST-10003327,23.83,3,0.20,2.68,Central,Office Supplies
CA-2016-130792-2,CA-2016-130792,OFF-BI-10000309,12.18,4,0.80,-18.87,Central,Office Supplies
CA-2017-134775-0,CA-2017-134775,OFF-PA-10004734,50.96,7,0.00,25.48,West,Office Supplies
CA-2017-134775-1,CA-2017-134775,OFF-BI-10002225,49.54,3,0.20,17.34,West,Office Supplies
CA-2016-125395-0,CA-2016-125395,TEC-AC-10004708,41.90,2,0.00,8.80,Central,Technology
US-2016-168935-0,US-2016-168935,FUR-TA-10000617,375.46,3,0.45,-157.01,South,Furniture
US-2016-168935-1,US-2016-168935,TEC-AC-10002335,83.98,3,0.20,-1.05,South,Technology
CA-2016-122756-0,CA-2016-122756,TEC-MA-10001681,482.34,4,0.70,-337.64,East,Technology
CA-2016-122756-1,CA-2016-122756,FUR-FU-10001935,2.96,1,0.20,0.78,East,Furniture
CA-2015-115973-0,CA-2015-115973,OFF-AR-10004757,2.62,1,0.20,0.43,East,Office Supplies
CA-2018-101798-0,CA-2018-101798,OFF-BI-10000050,23.36,4,0.20,7.88,East,Office Supplies
CA-2018-101798-1,CA-2018-101798,TEC-AC-10001998,39.98,2,0.00,13.59,East,Technology
US-2015-135972-0,US-2015-135972,TEC-PH-10003012,246.38,2,0.20,27.72,West,Technology
US-2015-135972-1,US-2015-135972,TEC-CO-10002313,1799.97,3,0.00,701.99,West,Technology
US-2015-134971-0,US-2015-134971,OFF-BI-10003982,12.46,3,0.80,-20.56,Central,Office Supplies
CA-2018-102946-0,CA-2018-102946,OFF-BI-10004492,75.79,3,0.20,25.58,West,Office Supplies
CA-2018-165603-0,CA-2018-165603,OFF-ST-10000798,49.96,2,0.00,9.49,East,Office Supplies
CA-2018-165603-1,CA-2018-165603,OFF-PA-10002552,12.96,2,0.00,6.22,East,Office Supplies
CA-2016-122259-0,CA-2016-122259,OFF-SU-10002573,70.12,4,0.00,21.04,Central,Office Supplies
CA-2017-108987-0,CA-2017-108987,OFF-ST-10001580,35.95,3,0.20,3.60,Central,Office Supplies
CA-2017-108987-1,CA-2017-108987,FUR-BO-10004834,2396.27,4,0.32,-317.15,Central,Furniture
CA-2017-108987-2,CA-2017-108987,OFF-ST-10000934,131.14,4,0.20,-32.78,Central,Office Supplies
CA-2017-108987-3,CA-2017-108987,TEC-AC-10000158,57.58,2,0.20,0.72,Central,Technology
CA-2015-113166-0,CA-2015-113166,OFF-PA-10001947,9.57,2,0.20,3.47,South,Office Supplies
CA-2015-155208-0,CA-2015-155208,OFF-AR-10003478,39.07,6,0.20,9.77,South,Office Supplies
CA-2018-117933-0,CA-2018-117933,OFF-AP-10004249,35.91,3,0.00,9.70,East,Office Supplies
CA-2018-117457-0,CA-2018-117457,TEC-AC-10000158,179.95,5,0.00,37.79,West,Technology
CA-2018-117457-1,CA-2018-117457,TEC-CO-10004115,1199.98,3,0.20,434.99,West,Technology
CA-2018-117457-2,CA-2018-117457,OFF-PA-10003724,27.15,5,0.00,13.30,West,Office Supplies
CA-2018-117457-3,CA-2018-117457,FUR-TA-10002041,1004.02,7,0.20,-112.95,West,Furniture
CA-2018-117457-4,CA-2018-117457,OFF-PA-10002893,9.68,1,0.00,4.65,West,Office Supplies
CA-2018-117457-5,CA-2018-117457,OFF-LA-10003766,28.35,9,0.00,13.61,West,Office Supplies
CA-2018-117457-6,CA-2018-117457,OFF-PA-10001970,55.98,1,0.00,27.43,West,Office Supplies
CA-2018-117457-7,CA-2018-117457,FUR-BO-10001972,1336.83,13,0.15,31.45,West,Furniture
CA-2018-117457-8,CA-2018-117457,FUR-CH-10003956,113.57,2,0.20,-18.45,West,Furniture
CA-2018-142636-0,CA-2018-142636,OFF-PA-10000157,139.86,7,0.00,65.73,West,Office Supplies
CA-2018-142636-1,CA-2018-142636,FUR-CH-10001891,307.14,4,0.20,26.87,West,Furniture
CA-2018-122105-0,CA-2018-122105,OFF-AR-10004344,95.92,8,0.00,25.90,West,Office Supplies
CA-2017-148796-0,CA-2017-148796,FUR-CH-10004886,383.80,5,0.20,38.38,West,Furniture
CA-2018-154816-0,CA-2018-154816,OFF-PA-10003845,5.78,1,0.00,2.83,South,Office Supplies
CA-2018-110478-0,CA-2018-110478,OFF-AR-10001573,9.32,4,0.00,2.70,West,Office Supplies
CA-2018-110478-1,CA-2018-110478,OFF-EN-10000483,15.25,1,0.00,7.01,West,Office Supplies
CA-2015-142048-0,CA-2015-142048,TEC-AC-10004114,196.75,6,0.20,56.57,West,Technology
CA-2018-125388-0,CA-2018-125388,FUR-FU-10004712,56.56,4,0.00,14.71,East,Furniture
CA-2018-125388-1,CA-2018-125388,OFF-ST-10000918,32.70,3,0.00,8.50,East,Office Supplies
CA-2018-155705-0,CA-2018-155705,FUR-CH-10000015,866.40,4,0.00,225.26,South,Furniture
CA-2018-149160-0,CA-2018-149160,FUR-FU-10003347,28.40,2,0.00,11.08,Central,Furniture
CA-2018-149160-1,CA-2018-149160,OFF-BI-10001543,287.92,8,0.00,138.20,Central,Office Supplies
CA-2015-101476-0,CA-2015-101476,TEC-MA-10000029,69.99,1,0.00,30.10,East,Technology
CA-2018-152275-0,CA-2018-152275,OFF-AR-10000369,6.67,6,0.20,0.50,Central,Office Supplies
US-2017-123750-0,US-2017-123750,OFF-BI-10004584,189.59,2,0.70,-145.35,South,Office Supplies
US-2017-123750-1,US-2017-123750,TEC-AC-10004659,408.74,7,0.20,76.64,South,Technology
US-2017-123750-2,US-2017-123750,TEC-AC-10004659,291.96,5,0.20,54.74,South,Technology
US-2017-123750-3,US-2017-123750,OFF-ST-10000617,4.77,2,0.20,-0.77,South,Office Supplies
CA-2017-127369-0,CA-2017-127369,OFF-ST-10003306,714.30,5,0.00,207.15,East,Office Supplies
US-2015-150574-0,US-2015-150574,OFF-BI-10000773,4.81,2,0.70,-3.69,South,Office Supplies
US-2015-150574-1,US-2015-150574,TEC-AC-10002600,247.80,5,0.20,-18.59,South,Technology
CA-2017-147375-0,CA-2017-147375,TEC-MA-10002937,1007.98,3,0.30,43.20,Central,Technology
CA-2017-147375-1,CA-2017-147375,OFF-PA-10001970,313.49,7,0.20,113.64,Central,Office Supplies
CA-2018-130043-0,CA-2018-130043,OFF-PA-10002230,31.87,8,0.20,11.55,Central,Office Supplies
CA-2018-157252-0,CA-2018-157252,FUR-CH-10003396,207.85,3,0.10,2.31,East,Furniture
CA-2017-115756-0,CA-2017-115756,FUR-FU-10000246,12.22,1,0.00,3.67,Central,Furniture
CA-2017-115756-1,CA-2017-115756,OFF-ST-10000060,194.94,3,0.00,23.39,Central,Office Supplies
CA-2017-115756-2,CA-2017-115756,OFF-ST-10003058,70.95,3,0.00,20.58,Central,Office Supplies
CA-2017-115756-3,CA-2017-115756,OFF-PA-10002222,91.36,4,0.00,42.03,Central,Office Supplies
CA-2017-115756-4,CA-2017-115756,FUR-CH-10002372,242.94,3,0.00,29.15,Central,Furniture
CA-2017-115756-5,CA-2017-115756,OFF-LA-10001317,22.05,7,0.00,10.58,Central,Office Supplies
CA-2018-154214-0,CA-2018-154214,FUR-FU-10000206,2.91,1,0.00,1.37,Central,Furniture
CA-2017-166674-0,CA-2017-166674,OFF-AR-10000588,59.52,3,0.00,15.48,East,Office Supplies
CA-2017-166674-1,CA-2017-166674,OFF-ST-10001469,161.94,3,0.00,9.72,East,Office Supplies
CA-2017-166674-2,CA-2017-166674,OFF-AR-10001953,263.88,6,0.00,71.25,East,Office Supplies
CA-2017-166674-3,CA-2017-166674,OFF-AR-10003156,30.48,3,0.00,7.92,East,Office Supplies
CA-2017-166674-4,CA-2017-166674,OFF-AR-10004974,9.84,3,0.00,2.85,East,Office Supplies
CA-2017-166674-5,CA-2017-166674,TEC-PH-10002365,35.12,4,0.00,9.13,East,Technology
CA-2018-147277-0,CA-2018-147277,FUR-TA-10001539,284.36,2,0.40,-75.83,East,Furniture
CA-2018-147277-1,CA-2018-147277,OFF-ST-10000142,665.41,2,0.20,66.54,East,Office Supplies
CA-2017-100153-0,CA-2017-100153,TEC-AC-10001772,63.88,4,0.00,24.91,Central,Technology
US-2015-110674-0,US-2015-110674,FUR-CH-10000225,129.57,2,0.20,-24.29,West,Furniture
US-2017-157945-0,US-2017-157945,FUR-CH-10002331,747.56,3,0.30,-96.11,Central,Furniture
US-2017-157945-1,US-2017-157945,OFF-EN-10001415,8.93,2,0.20,3.35,Central,Office Supplies
CA-2016-109638-0,CA-2016-109638,OFF-AP-10002472,103.92,4,0.00,36.37,West,Office Supplies
CA-2016-109638-1,CA-2016-109638,TEC-AC-10004571,899.91,9,0.00,377.96,West,Technology
CA-2016-109638-2,CA-2016-109638,OFF-BI-10001098,51.31,3,0.20,18.60,West,Office Supplies
CA-2017-109869-0,CA-2017-109869,FUR-FU-10000023,23.56,5,0.20,7.07,West,Furniture
CA-2017-109869-1,CA-2017-109869,FUR-TA-10001889,1272.63,6,0.50,-814.48,West,Furniture
CA-2017-109869-2,CA-2017-109869,OFF-BI-10000315,28.48,5,0.70,-20.89,West,Office Supplies
CA-2017-109869-3,CA-2017-109869,OFF-SU-10003505,185.38,2,0.20,-34.76,West,Office Supplies
CA-2017-109869-4,CA-2017-109869,OFF-AP-10002578,78.27,2,0.20,5.87,West,Office Supplies
US-2016-101399-0,US-2016-101399,FUR-FU-10002918,254.74,7,0.60,-312.06,Central,Furniture
CA-2018-154907-0,CA-2018-154907,FUR-BO-10002824,205.33,2,0.32,-36.24,Central,Furniture
US-2017-100419-0,US-2017-100419,OFF-BI-10002194,4.79,3,0.80,-7.90,Central,Office Supplies
CA-2016-154144-0,CA-2016-154144,OFF-PA-10004071,55.48,1,0.00,26.63,East,Office Supplies
CA-2015-144666-0,CA-2015-144666,OFF-ST-10002743,340.92,3,0.00,3.41,West,Office Supplies
CA-2015-144666-1,CA-2015-144666,FUR-BO-10001601,222.67,2,0.15,10.48,West,Furniture
CA-2015-144666-2,CA-2015-144666,TEC-PH-10002680,703.97,4,0.20,88.00,West,Technology
CA-2015-144666-3,CA-2015-144666,OFF-ST-10001321,92.52,6,0.00,24.98,West,Office Supplies
CA-2015-144666-4,CA-2015-144666,OFF-PA-10001509,62.65,7,0.00,28.82,West,Office Supplies
CA-2015-144666-5,CA-2015-144666,OFF-PA-10003465,94.85,5,0.00,45.53,West,Office Supplies
CA-2017-103891-0,CA-2017-103891,TEC-PH-10000149,95.76,6,0.20,7.18,West,Technology
CA-2017-152632-0,CA-2017-152632,FUR-FU-10002671,40.20,3,0.00,19.30,East,Furniture
CA-2017-100790-0,CA-2017-100790,OFF-AR-10003045,14.70,5,0.00,6.62,East,Office Supplies
CA-2017-100790-1,CA-2017-100790,OFF-ST-10000689,704.25,5,0.00,84.51,East,Office Supplies
CA-2015-134677-0,CA-2015-134677,TEC-AC-10001445,9.09,3,0.00,1.91,West,Technology
CA-2015-127691-0,CA-2015-127691,OFF-AR-10002053,5.96,2,0.00,1.67,East,Office Supplies
CA-2015-127691-1,CA-2015-127691,TEC-AC-10002567,159.98,2,0.00,57.59,East,Technology
CA-2018-140963-0,CA-2018-140963,OFF-LA-10003923,29.60,2,0.00,14.80,West,Office Supplies
CA-2018-140963-1,CA-2018-140963,FUR-BO-10001337,514.16,5,0.15,-30.25,West,Furniture
CA-2018-140963-2,CA-2018-140963,TEC-PH-10001924,279.96,5,0.20,17.50,West,Technology
CA-2015-154627-0,CA-2015-154627,TEC-PH-10001363,2735.95,6,0.20,341.99,Central,Technology
CA-2015-133753-0,CA-2015-133753,TEC-PH-10000376,7.99,1,0.20,0.60,Central,Technology
CA-2015-133753-1,CA-2015-133753,TEC-AC-10000303,63.98,2,0.20,10.40,Central,Technology
CA-2015-133753-2,CA-2015-133753,OFF-AR-10001953,70.37,2,0.20,6.16,Central,Office Supplies
CA-2015-113362-0,CA-2015-113362,OFF-ST-10001809,449.15,5,0.00,8.98,East,Office Supplies
CA-2015-113362-1,CA-2015-113362,OFF-EN-10003845,11.07,3,0.00,5.09,East,Office Supplies
CA-2017-169166-0,CA-2017-169166,TEC-AC-10000991,93.98,2,0.00,13.16,West,Technology
US-2017-120929-0,US-2017-120929,FUR-TA-10001857,189.88,3,0.40,-94.94,South,Furniture
CA-2016-134782-0,CA-2016-134782,OFF-EN-10001434,105.42,2,0.00,51.66,South,Office Supplies
CA-2017-126158-0,CA-2017-126158,OFF-BI-10002498,119.62,8,0.20,40.37,West,Office Supplies
CA-2017-126158-1,CA-2017-126158,FUR-FU-10004864,255.76,4,0.00,81.84,West,Furniture
CA-2017-126158-2,CA-2017-126158,FUR-CH-10002602,241.57,2,0.20,18.12,West,Furniture
CA-2017-126158-3,CA-2017-126158,FUR-FU-10000073,69.30,9,0.00,22.87,West,Furniture
US-2017-105578-0,US-2017-105578,OFF-BI-10001670,22.62,2,0.70,-15.08,West,Office Supplies
US-2017-105578-1,US-2017-105578,OFF-BI-10001658,14.95,2,0.70,-11.96,West,Office Supplies
US-2017-105578-2,US-2017-105578,FUR-CH-10001215,801.57,2,0.20,50.10,West,Furniture
US-2017-105578-3,US-2017-105578,OFF-BI-10000831,2.38,3,0.70,-1.90,West,Office Supplies
US-2017-105578-4,US-2017-105578,OFF-PA-10000357,32.79,1,0.20,11.89,West,Office Supplies
CA-2018-134978-0,CA-2018-134978,OFF-BI-10003274,15.92,5,0.20,5.37,East,Office Supplies
CA-2016-145352-0,CA-2016-145352,OFF-AR-10001662,2.74,1,0.00,0.74,South,Office Supplies
CA-2016-145352-1,CA-2016-145352,OFF-AR-10003856,8.34,3,0.00,2.17,South,Office Supplies
CA-2016-145352-2,CA-2016-145352,OFF-ST-10001228,46.74,3,0.00,11.69,South,Office Supplies
CA-2016-145352-3,CA-2016-145352,OFF-BI-10003527,6354.95,5,0.00,3177.47,South,Office Supplies
CA-2018-135307-0,CA-2018-135307,FUR-FU-10001290,126.30,3,0.00,40.42,Central,Furniture
CA-2018-135307-1,CA-2018-135307,TEC-AC-10002399,38.04,2,0.00,12.17,Central,Technology
CA-2017-106341-0,CA-2017-106341,OFF-AR-10002053,7.15,3,0.20,0.72,East,Office Supplies
CA-2018-163405-0,CA-2018-163405,OFF-AR-10003811,6.63,3,0.00,1.79,West,Office Supplies
CA-2018-163405-1,CA-2018-163405,OFF-AR-10001246,5.88,2,0.00,1.71,West,Office Supplies
CA-2018-127432-0,CA-2018-127432,TEC-CO-10003236,2999.95,5,0.00,1379.98,West,Technology
CA-2018-127432-1,CA-2018-127432,OFF-ST-10004507,51.45,3,0.00,13.89,West,Office Supplies
CA-2018-127432-2,CA-2018-127432,OFF-PA-10001667,11.96,2,0.00,5.38,West,Office Supplies
CA-2018-127432-3,CA-2018-127432,OFF-ST-10004459,1126.02,3,0.00,56.30,West,Office Supplies
CA-2016-157812-0,CA-2016-157812,TEC-AC-10000171,18.39,1,0.20,5.29,Central,Technology
CA-2016-157812-1,CA-2016-157812,OFF-ST-10000736,129.57,2,0.20,-25.91,Central,Office Supplies
CA-2016-157812-2,CA-2016-157812,OFF-BI-10000285,14.11,9,0.80,-21.17,Central,Office Supplies
CA-2018-145142-0,CA-2018-145142,FUR-TA-10001857,210.98,2,0.00,21.10,Central,Furniture
US-2017-139486-0,US-2017-139486,TEC-PH-10003555,55.18,3,0.20,-12.41,West,Technology
US-2017-139486-1,US-2017-139486,TEC-AC-10003832,66.26,2,0.00,27.17,West,Technology
CA-2016-158792-0,CA-2016-158792,OFF-FA-10002815,22.20,5,0.00,10.43,East,Office Supplies
CA-2018-113558-0,CA-2018-113558,FUR-CH-10003379,683.95,3,0.20,42.75,South,Furniture
CA-2018-113558-1,CA-2018-113558,FUR-FU-10001756,45.70,3,0.20,5.14,South,Furniture
US-2016-138303-0,US-2016-138303,OFF-ST-10004963,36.34,3,0.20,-7.27,East,Office Supplies
US-2016-138303-1,US-2016-138303,OFF-SU-10002881,666.25,1,0.20,-149.91,East,Office Supplies
US-2016-138303-2,US-2016-138303,OFF-EN-10001335,52.51,6,0.20,19.69,East,Office Supplies
CA-2016-102848-0,CA-2016-102848,FUR-CH-10000595,190.72,1,0.20,11.92,West,Furniture
US-2018-129441-0,US-2018-129441,FUR-FU-10000448,47.94,3,0.00,2.40,West,Furniture
CA-2017-168753-0,CA-2017-168753,TEC-PH-10000984,979.95,5,0.00,274.39,South,Technology
CA-2017-168753-1,CA-2017-168753,OFF-BI-10002557,22.75,5,0.00,11.38,South,Office Supplies
CA-2017-126613-0,CA-2017-126613,OFF-ST-10001325,16.77,2,0.20,1.47,West,Office Supplies
US-2018-122637-0,US-2018-122637,OFF-BI-10002429,42.62,7,0.80,-68.19,Central,Office Supplies
CA-2016-147851-0,CA-2016-147851,OFF-BI-10004528,10.75,4,0.20,3.36,East,Office Supplies
CA-2016-134894-0,CA-2016-134894,OFF-AP-10001271,152.94,3,0.00,41.29,South,Office Supplies
CA-2016-134894-1,CA-2016-134894,FUR-CH-10002647,283.92,4,0.00,70.98,South,Furniture
CA-2015-140795-0,CA-2015-140795,TEC-AC-10001432,468.90,6,0.00,206.32,Central,Technology
CA-2017-136924-0,CA-2017-136924,TEC-PH-10002262,380.86,8,0.20,38.09,West,Technology
US-2016-120161-0,US-2016-120161,OFF-ST-10001809,646.78,9,0.20,-145.52,East,Office Supplies
CA-2015-103849-0,CA-2015-103849,TEC-AC-10001465,58.11,2,0.20,7.26,Central,Technology
CA-2015-103849-1,CA-2015-103849,TEC-PH-10002597,100.79,1,0.20,6.30,Central,Technology
CA-2015-103849-2,CA-2015-103849,FUR-FU-10000723,66.11,4,0.60,-84.29,Central,Furniture
CA-2018-162929-0,CA-2018-162929,OFF-BI-10000404,41.28,6,0.20,13.93,East,Office Supplies
CA-2018-162929-1,CA-2018-162929,OFF-PA-10002986,13.36,2,0.00,6.41,East,Office Supplies
CA-2016-113173-0,CA-2016-113173,OFF-ST-10000604,250.27,9,0.20,15.64,Central,Office Supplies
CA-2016-113173-1,CA-2016-113173,OFF-BI-10004738,11.36,3,0.80,-17.05,Central,Office Supplies
CA-2016-113173-2,CA-2016-113173,OFF-SU-10001935,8.72,5,0.20,-1.74,Central,Office Supplies
CA-2017-136406-0,CA-2017-136406,FUR-CH-10002024,1121.57,2,0.20,0.00,West,Furniture
CA-2018-112774-0,CA-2018-112774,FUR-FU-10003039,34.50,1,0.20,6.04,South,Furniture
CA-2018-101945-0,CA-2018-101945,OFF-FA-10004248,10.82,3,0.20,2.57,Central,Office Supplies
CA-2018-100650-0,CA-2018-100650,OFF-ST-10001780,1295.78,2,0.00,310.99,West,Office Supplies
CA-2015-155852-0,CA-2015-155852,OFF-AR-10003560,19.46,4,0.20,3.40,South,Office Supplies
CA-2017-113243-0,CA-2017-113243,OFF-LA-10001297,20.70,2,0.00,9.94,West,Office Supplies
CA-2017-113243-1,CA-2017-113243,FUR-TA-10004256,1335.68,4,0.20,-217.05,West,Furniture
CA-2017-113243-2,CA-2017-113243,OFF-PA-10003441,32.40,5,0.00,15.55,West,Office Supplies
CA-2018-118731-0,CA-2018-118731,FUR-FU-10003347,42.60,3,0.00,16.61,West,Furniture
CA-2018-118731-1,CA-2018-118731,OFF-BI-10000069,84.06,7,0.20,27.32,West,Office Supplies
CA-2015-145576-0,CA-2015-145576,OFF-AP-10003914,13.00,5,0.20,1.30,South,Office Supplies
CA-2015-145576-1,CA-2015-145576,FUR-FU-10004020,13.13,3,0.20,3.77,South,Furniture
CA-2016-130736-0,CA-2016-130736,OFF-FA-10003467,3.96,2,0.00,0.00,West,Office Supplies
CA-2016-130736-1,CA-2016-130736,OFF-LA-10000634,2.61,1,0.00,1.20,West,Office Supplies
CA-2018-137099-0,CA-2018-137099,TEC-PH-10002496,374.38,3,0.20,46.80,West,Technology
CA-2018-156951-0,CA-2018-156951,OFF-PA-10004530,91.84,8,0.00,45.00,West,Office Supplies
CA-2018-156951-1,CA-2018-156951,OFF-BI-10001107,81.09,7,0.20,27.37,West,Office Supplies
CA-2018-156951-2,CA-2018-156951,OFF-PA-10004451,19.44,3,0.00,9.33,West,Office Supplies
CA-2018-156951-3,CA-2018-156951,FUR-CH-10004997,451.15,3,0.20,0.00,West,Furniture
CA-2018-164826-0,CA-2018-164826,OFF-LA-10001297,72.45,7,0.00,34.78,East,Office Supplies
CA-2018-164826-1,CA-2018-164826,OFF-FA-10000585,13.96,4,0.00,6.42,East,Office Supplies
CA-2018-164826-2,CA-2018-164826,OFF-BI-10001922,33.26,7,0.20,11.23,East,Office Supplies
CA-2018-164826-3,CA-2018-164826,TEC-PH-10000347,14.85,3,0.00,4.01,East,Technology
CA-2017-127250-0,CA-2017-127250,OFF-AR-10003394,8.82,3,0.00,2.38,West,Office Supplies
CA-2016-149713-0,CA-2016-149713,OFF-PA-10004530,160.72,14,0.00,78.75,West,Office Supplies
CA-2016-149713-1,CA-2016-149713,OFF-PA-10001450,19.92,4,0.00,9.76,West,Office Supplies
CA-2016-149713-2,CA-2016-149713,OFF-SU-10001574,7.30,2,0.00,2.19,West,Office Supplies
CA-2018-118640-0,CA-2018-118640,OFF-ST-10002974,69.71,2,0.20,8.71,Central,Office Supplies
CA-2018-118640-1,CA-2018-118640,FUR-FU-10001475,8.79,1,0.60,-5.71,Central,Furniture
CA-2016-132906-0,CA-2016-132906,OFF-SU-10004498,51.52,4,0.00,1.55,West,Office Supplies
CA-2018-145233-0,CA-2018-145233,TEC-PH-10004977,470.38,3,0.20,52.92,West,Technology
CA-2018-145233-1,CA-2018-145233,TEC-PH-10000586,105.58,2,0.20,9.24,West,Technology
CA-2018-145233-2,CA-2018-145233,OFF-AP-10000358,31.15,3,0.20,3.50,West,Office Supplies
CA-2018-145233-3,CA-2018-145233,OFF-BI-10002764,6.78,7,0.70,-4.75,West,Office Supplies
CA-2018-145233-4,CA-2018-145233,TEC-PH-10001254,406.37,4,0.20,30.48,West,Technology
CA-2016-128139-0,CA-2016-128139,FUR-CH-10003956,70.98,1,0.00,4.97,South,Furniture
CA-2016-128139-1,CA-2016-128139,OFF-LA-10003930,294.93,3,0.00,144.52,South,Office Supplies
US-2017-156986-0,US-2017-156986,TEC-PH-10003800,84.78,2,0.20,-20.14,West,Technology
US-2017-156986-1,US-2017-156986,OFF-PA-10002005,20.74,4,0.20,7.26,West,Office Supplies
US-2017-156986-2,US-2017-156986,OFF-BI-10002498,16.82,3,0.70,-12.90,West,Office Supplies
US-2017-156986-3,US-2017-156986,OFF-PA-10004101,10.37,2,0.20,3.63,West,Office Supplies
CA-2015-135405-0,CA-2015-135405,OFF-AR-10004078,9.34,2,0.20,1.17,Central,Office Supplies
CA-2015-135405-1,CA-2015-135405,TEC-AC-10001266,31.20,3,0.20,9.75,Central,Technology
CA-2015-131450-0,CA-2015-131450,OFF-AP-10004708,76.12,2,0.00,22.07,West,Office Supplies
CA-2015-131450-1,CA-2015-131450,TEC-CO-10004115,1199.98,3,0.20,434.99,West,Technology
CA-2015-131450-2,CA-2015-131450,TEC-PH-10002398,445.96,5,0.20,55.74,West,Technology
CA-2015-131450-3,CA-2015-131450,FUR-FU-10001979,327.76,8,0.00,91.77,West,Furniture
CA-2017-120180-0,CA-2017-120180,OFF-SU-10004115,11.63,2,0.20,1.02,East,Office Supplies
US-2017-100720-0,US-2017-100720,TEC-PH-10001425,143.98,3,0.40,-28.80,East,Technology
US-2017-100720-1,US-2017-100720,TEC-PH-10003963,494.38,4,0.40,-115.35,East,Technology
US-2017-100720-2,US-2017-100720,OFF-SU-10001574,5.84,2,0.20,0.73,East,Office Supplies
CA-2015-149958-0,CA-2015-149958,OFF-ST-10001490,142.78,1,0.20,17.85,South,Office Supplies
CA-2015-149958-1,CA-2015-149958,FUR-FU-10001756,45.70,3,0.20,5.14,South,Furniture
CA-2015-149958-2,CA-2015-149958,OFF-BI-10000773,7.22,3,0.70,-5.53,South,Office Supplies
CA-2015-149958-3,CA-2015-149958,OFF-BI-10001543,43.19,4,0.70,-31.67,South,Office Supplies
CA-2015-149958-4,CA-2015-149958,OFF-PA-10002120,131.90,3,0.20,47.82,South,Office Supplies
US-2015-105767-0,US-2015-105767,OFF-BI-10000848,3.28,2,0.70,-2.63,East,Office Supplies
US-2015-105767-1,US-2015-105767,OFF-AR-10001246,21.17,9,0.20,2.38,East,Office Supplies
US-2015-105767-2,US-2015-105767,TEC-PH-10003092,55.19,2,0.40,-10.12,East,Technology
CA-2017-161816-0,CA-2017-161816,TEC-PH-10003012,369.58,3,0.20,41.58,Central,Technology
CA-2017-161816-1,CA-2017-161816,OFF-LA-10004345,15.71,4,0.20,5.70,Central,Office Supplies
CA-2017-121223-0,CA-2017-121223,OFF-PA-10001204,8.45,2,0.20,2.64,East,Office Supplies
CA-2017-121223-1,CA-2017-121223,TEC-PH-10004667,728.95,9,0.40,-157.94,East,Technology
CA-2018-138611-0,CA-2018-138611,TEC-PH-10000011,119.94,10,0.40,15.99,East,Technology
CA-2018-138611-1,CA-2018-138611,OFF-BI-10002949,3.65,2,0.70,-2.80,East,Office Supplies
CA-2018-117947-0,CA-2018-117947,FUR-FU-10003849,40.48,2,0.00,15.79,East,Furniture
CA-2018-117947-1,CA-2018-117947,FUR-FU-10000010,9.94,2,0.00,3.08,East,Furniture
CA-2018-117947-2,CA-2018-117947,OFF-BI-10002824,107.42,9,0.20,33.57,East,Office Supplies
CA-2018-117947-3,CA-2018-117947,TEC-PH-10002538,37.91,1,0.00,10.99,East,Technology
CA-2018-117947-4,CA-2018-117947,FUR-FU-10000521,88.02,3,0.00,27.29,East,Furniture
US-2015-111171-0,US-2015-111171,OFF-BI-10002103,8.69,5,0.80,-14.77,Central,Office Supplies
CA-2016-138009-0,CA-2016-138009,FUR-CH-10004853,301.96,2,0.00,87.57,Central,Furniture
CA-2016-138009-1,CA-2016-138009,OFF-AP-10000179,555.21,5,0.10,178.90,Central,Office Supplies
CA-2016-138009-2,CA-2016-138009,OFF-ST-10001272,523.48,4,0.00,130.87,Central,Office Supplies
CA-2016-138009-3,CA-2016-138009,OFF-AR-10004042,161.82,9,0.00,46.93,Central,Office Supplies
CA-2018-163020-0,CA-2018-163020,FUR-FU-10000221,35.56,7,0.00,12.09,East,Furniture
CA-2018-153787-0,CA-2018-153787,OFF-AP-10001563,97.16,2,0.00,28.18,West,Office Supplies
CA-2018-133431-0,CA-2018-133431,OFF-BI-10000605,15.24,5,0.20,5.14,West,Office Supplies
CA-2018-133431-1,CA-2018-133431,OFF-PA-10002615,13.23,3,0.00,6.09,West,Office Supplies
US-2017-135720-0,US-2017-135720,OFF-ST-10001963,243.38,3,0.20,-51.72,West,Office Supplies
US-2017-135720-1,US-2017-135720,TEC-AC-10001267,119.80,5,0.20,29.95,West,Technology
US-2017-135720-2,US-2017-135720,TEC-PH-10002103,300.77,4,0.20,30.08,West,Technology
CA-2018-144694-0,CA-2018-144694,TEC-AC-10002857,17.88,3,0.20,2.46,South,Technology
CA-2018-144694-1,CA-2018-144694,OFF-LA-10003930,235.94,3,0.20,85.53,South,Office Supplies
CA-2016-168004-0,CA-2016-168004,FUR-CH-10001482,392.94,3,0.00,43.22,South,Furniture
US-2017-123470-0,US-2017-123470,OFF-BI-10001989,18.88,3,0.70,-13.85,West,Office Supplies
US-2017-123470-1,US-2017-123470,OFF-AP-10003287,122.33,3,0.20,12.23,West,Office Supplies
CA-2017-115917-0,CA-2017-115917,FUR-FU-10000576,1049.20,5,0.00,272.79,West,Furniture
CA-2017-115917-1,CA-2017-115917,OFF-BI-10004728,15.42,4,0.20,5.01,West,Office Supplies
CA-2017-147067-0,CA-2017-147067,FUR-FU-10000732,18.84,3,0.00,6.03,Central,Furniture
CA-2018-167913-0,CA-2018-167913,OFF-ST-10000585,330.40,2,0.00,85.90,West,Office Supplies
CA-2018-167913-1,CA-2018-167913,OFF-LA-10002787,26.25,7,0.00,12.60,West,Office Supplies
CA-2018-106103-0,CA-2018-106103,TEC-AC-10003832,132.52,4,0.00,54.33,Central,Technology
US-2018-127719-0,US-2018-127719,OFF-PA-10001934,6.48,1,0.00,3.18,East,Office Supplies
CA-2018-126221-0,CA-2018-126221,OFF-AP-10002457,209.30,2,0.00,56.51,Central,Office Supplies
CA-2017-103947-0,CA-2017-103947,OFF-FA-10003112,31.56,5,0.20,9.86,West,Office Supplies
CA-2017-103947-1,CA-2017-103947,OFF-AP-10002350,30.14,2,0.20,3.01,West,Office Supplies
CA-2017-160745-0,CA-2017-160745,FUR-FU-10001935,14.80,4,0.00,6.07,West,Furniture
CA-2017-160745-1,CA-2017-160745,TEC-PH-10003273,302.38,3,0.20,22.68,West,Technology
CA-2017-160745-2,CA-2017-160745,TEC-AC-10001142,316.00,4,0.00,31.60,West,Technology
CA-2017-132661-0,CA-2017-132661,OFF-PA-10000482,379.40,10,0.00,178.32,East,Office Supplies
CA-2018-140844-0,CA-2018-140844,OFF-PA-10003892,97.82,2,0.00,45.98,East,Office Supplies
CA-2018-140844-1,CA-2018-140844,TEC-AC-10001101,103.12,8,0.00,10.31,East,Technology
CA-2017-137239-0,CA-2017-137239,OFF-AP-10002439,113.55,2,0.20,8.52,East,Office Supplies
CA-2017-137239-1,CA-2017-137239,OFF-BI-10002827,3.32,2,0.70,-2.65,East,Office Supplies
CA-2017-137239-2,CA-2017-137239,OFF-EN-10002230,134.29,2,0.20,45.32,East,Office Supplies
US-2017-156097-0,US-2017-156097,FUR-CH-10001215,701.37,2,0.30,-50.10,Central,Furniture
US-2017-156097-1,US-2017-156097,OFF-BI-10004654,2.31,2,0.80,-3.46,Central,Office Supplies
CA-2016-146563-0,CA-2016-146563,OFF-ST-10001490,999.43,7,0.20,124.93,Central,Office Supplies
CA-2016-146563-1,CA-2016-146563,OFF-ST-10001511,724.08,14,0.20,-135.76,Central,Office Supplies
CA-2016-146563-2,CA-2016-146563,FUR-TA-10001768,918.78,5,0.30,-118.13,Central,Furniture
CA-2016-146563-3,CA-2016-146563,OFF-BI-10003981,2.72,3,0.80,-4.22,Central,Office Supplies
CA-2017-123666-0,CA-2017-123666,OFF-ST-10001522,459.95,5,0.00,18.40,East,Office Supplies
CA-2017-143308-0,CA-2017-143308,OFF-FA-10000621,10.74,3,0.00,5.26,South,Office Supplies
CA-2018-132682-0,CA-2018-132682,OFF-SU-10004231,23.76,3,0.20,2.08,Central,Office Supplies
CA-2018-132682-1,CA-2018-132682,OFF-PA-10000474,85.06,3,0.20,28.71,Central,Office Supplies
CA-2018-132682-2,CA-2018-132682,TEC-PH-10004042,381.58,3,0.20,28.62,Central,Technology
CA-2015-156314-0,CA-2015-156314,FUR-FU-10003096,30.36,5,0.20,8.73,East,Furniture
US-2018-106663-0,US-2018-106663,FUR-FU-10002759,23.98,3,0.60,-14.39,Central,Furniture
US-2018-106663-1,US-2018-106663,FUR-TA-10000688,108.92,1,0.50,-71.89,Central,Furniture
US-2018-106663-2,US-2018-106663,OFF-PA-10002377,36.35,8,0.20,11.36,Central,Office Supplies
CA-2018-111178-0,CA-2018-111178,OFF-AR-10001954,19.56,5,0.20,1.71,Central,Office Supplies
CA-2018-130351-0,CA-2018-130351,OFF-AP-10004532,61.44,3,0.00,16.59,Central,Office Supplies
CA-2018-130351-1,CA-2018-130351,OFF-PA-10002137,38.90,5,0.00,17.50,Central,Office Supplies
CA-2018-130351-2,CA-2018-130351,TEC-AC-10003832,99.39,3,0.00,40.75,Central,Technology
US-2018-119438-0,US-2018-119438,OFF-AP-10000804,2.69,3,0.80,-7.39,Central,Office Supplies
US-2018-119438-1,US-2018-119438,TEC-AC-10003614,27.82,3,0.20,4.52,Central,Technology
US-2018-119438-2,US-2018-119438,FUR-FU-10003553,82.52,3,0.60,-41.26,Central,Furniture
US-2018-119438-3,US-2018-119438,OFF-BI-10004632,182.99,3,0.80,-320.24,Central,Office Supplies
CA-2017-164511-0,CA-2017-164511,OFF-BI-10003305,14.35,3,0.20,4.66,East,Office Supplies
CA-2017-164511-1,CA-2017-164511,OFF-ST-10002583,64.96,2,0.00,2.60,East,Office Supplies
CA-2017-164511-2,CA-2017-164511,OFF-ST-10004507,68.60,4,0.00,18.52,East,Office Supplies
US-2018-168116-0,US-2018-168116,TEC-MA-10004125,7999.98,4,0.50,-3839.99,South,Technology
US-2018-168116-1,US-2018-168116,OFF-AP-10002457,167.44,2,0.20,14.65,South,Office Supplies
CA-2015-157784-0,CA-2015-157784,TEC-AC-10003911,479.97,3,0.00,163.19,South,Technology
CA-2015-157784-1,CA-2015-157784,OFF-LA-10001934,14.62,2,0.00,6.87,South,Office Supplies
CA-2015-157784-2,CA-2015-157784,OFF-PA-10000304,19.44,3,0.00,9.33,South,Office Supplies
CA-2018-161480-0,CA-2018-161480,FUR-BO-10004015,191.98,2,0.20,4.80,East,Furniture
US-2015-117135-0,US-2015-117135,FUR-FU-10004071,104.01,1,0.00,14.56,South,Furniture
US-2015-117135-1,US-2015-117135,TEC-PH-10002033,284.82,1,0.00,74.05,South,Technology
US-2015-117135-2,US-2015-117135,OFF-ST-10002444,36.84,3,0.00,10.32,South,Office Supplies
CA-2016-131534-0,CA-2016-131534,TEC-AC-10002253,166.24,1,0.00,24.94,West,Technology
CA-2016-131534-1,CA-2016-131534,OFF-PA-10000743,33.40,5,0.00,16.03,West,Office Supplies
CA-2016-119291-0,CA-2016-119291,OFF-AR-10003373,198.27,8,0.20,17.35,East,Office Supplies
CA-2016-119291-1,CA-2016-119291,OFF-LA-10002312,47.36,4,0.20,17.76,East,Office Supplies
CA-2016-119291-2,CA-2016-119291,OFF-EN-10000927,200.98,7,0.20,62.81,East,Office Supplies
CA-2016-119291-3,CA-2016-119291,OFF-LA-10003510,97.70,4,0.20,31.75,East,Office Supplies
CA-2016-119291-4,CA-2016-119291,OFF-AR-10001118,2.70,1,0.20,0.81,East,Office Supplies
CA-2016-119291-5,CA-2016-119291,OFF-BI-10001575,18.59,2,0.70,-13.63,East,Office Supplies
CA-2016-119291-6,CA-2016-119291,OFF-BI-10001982,4.90,3,0.70,-3.43,East,Office Supplies
CA-2018-114552-0,CA-2018-114552,FUR-FU-10002960,15.07,3,0.20,4.14,East,Furniture
CA-2017-163755-0,CA-2017-163755,FUR-FU-10003394,209.88,3,0.00,35.68,West,Furniture
CA-2016-142027-0,CA-2016-142027,FUR-TA-10002774,369.91,3,0.20,-13.87,West,Furniture
CA-2015-138527-0,CA-2015-138527,OFF-PA-10001800,10.37,2,0.20,3.63,South,Office Supplies
CA-2015-138527-1,CA-2015-138527,OFF-AP-10001469,166.84,5,0.20,18.77,South,Office Supplies
CA-2015-138527-2,CA-2015-138527,TEC-AC-10002399,15.22,1,0.20,2.28,South,Technology
CA-2015-112158-0,CA-2015-112158,TEC-AC-10003628,119.96,4,0.00,52.78,East,Technology
CA-2015-112158-1,CA-2015-112158,FUR-BO-10003272,883.92,5,0.20,-110.49,East,Furniture
CA-2015-112158-2,CA-2015-112158,OFF-BI-10000050,46.72,8,0.20,15.77,East,Office Supplies
CA-2015-113887-0,CA-2015-113887,OFF-PA-10004071,55.48,1,0.00,26.63,East,Office Supplies
CA-2018-146136-0,CA-2018-146136,OFF-EN-10001219,24.45,4,0.20,8.86,South,Office Supplies
US-2018-100048-0,US-2018-100048,OFF-AP-10001154,281.34,6,0.00,109.72,East,Office Supplies
US-2018-100048-1,US-2018-100048,TEC-PH-10003012,307.98,2,0.00,89.31,East,Technology
US-2018-100048-2,US-2018-100048,TEC-AC-10001606,299.97,3,0.00,113.99,East,Technology
CA-2015-153150-0,CA-2015-153150,OFF-BI-10003355,19.92,5,0.20,6.97,West,Office Supplies
CA-2015-130092-0,CA-2015-130092,FUR-FU-10000010,9.94,2,0.00,3.08,East,Furniture
CA-2018-108910-0,CA-2018-108910,FUR-FU-10002253,103.06,3,0.20,24.48,East,Furniture
CA-2015-104472-0,CA-2015-104472,OFF-BI-10001658,59.81,3,0.20,19.44,West,Office Supplies
CA-2015-104472-1,CA-2015-104472,FUR-FU-10000246,73.32,6,0.00,22.00,West,Furniture
CA-2017-112942-0,CA-2017-112942,OFF-PA-10004092,146.82,3,0.00,73.41,West,Office Supplies
CA-2017-142335-0,CA-2017-142335,FUR-TA-10000198,1652.94,3,0.00,231.41,Central,Furniture
CA-2017-142335-1,CA-2017-142335,OFF-ST-10000036,296.37,3,0.00,80.02,Central,Office Supplies
CA-2015-117429-0,CA-2015-117429,FUR-FU-10000222,129.92,5,0.20,21.11,East,Furniture
CA-2017-114713-0,CA-2017-114713,OFF-SU-10004664,45.58,7,0.20,5.13,South,Office Supplies
CA-2018-144113-0,CA-2018-144113,OFF-EN-10001141,17.57,2,0.20,6.37,Central,Office Supplies
CA-2018-144113-1,CA-2018-144113,TEC-PH-10002170,55.99,1,0.20,5.60,Central,Technology
US-2017-150861-0,US-2017-150861,OFF-PA-10001954,182.72,8,0.00,84.05,East,Office Supplies
US-2017-150861-1,US-2017-150861,FUR-TA-10002228,400.03,2,0.40,-153.35,East,Furniture
US-2017-150861-2,US-2017-150861,OFF-ST-10004634,33.63,3,0.00,10.09,East,Office Supplies
US-2017-150861-3,US-2017-150861,FUR-CH-10002965,542.65,3,0.10,102.50,East,Furniture
US-2017-150861-4,US-2017-150861,OFF-LA-10001317,6.30,2,0.00,3.02,East,Office Supplies
CA-2018-131954-0,CA-2018-131954,OFF-ST-10000736,242.94,3,0.00,9.72,West,Office Supplies
CA-2018-131954-1,CA-2018-131954,TEC-AC-10003610,179.97,3,0.00,86.39,West,Technology
CA-2018-131954-2,CA-2018-131954,OFF-BI-10003982,99.70,6,0.20,33.65,West,Office Supplies
CA-2018-131954-3,CA-2018-131954,OFF-BI-10003291,27.94,4,0.20,9.43,West,Office Supplies
CA-2018-131954-4,CA-2018-131954,FUR-BO-10001619,84.98,1,0.00,18.70,West,Furniture
CA-2018-131954-5,CA-2018-131954,OFF-BI-10000138,18.72,5,0.20,6.55,West,Office Supplies
CA-2015-132500-0,CA-2015-132500,TEC-AC-10001383,49.98,2,0.00,8.50,West,Technology
CA-2015-112326-0,CA-2015-112326,OFF-LA-10003223,11.78,3,0.20,4.27,Central,Office Supplies
CA-2015-112326-1,CA-2015-112326,OFF-ST-10002743,272.74,3,0.20,-64.77,Central,Office Supplies
CA-2015-112326-2,CA-2015-112326,OFF-BI-10004094,3.54,2,0.80,-5.49,Central,Office Supplies
US-2017-146710-0,US-2017-146710,OFF-SU-10004498,51.52,5,0.20,-10.95,Central,Office Supplies
US-2017-146710-1,US-2017-146710,OFF-PA-10002615,3.53,1,0.20,1.15,Central,Office Supplies
US-2017-146710-2,US-2017-146710,OFF-PA-10004971,4.62,1,0.20,1.68,Central,Office Supplies
US-2017-146710-3,US-2017-146710,OFF-SU-10004261,55.17,4,0.20,6.21,Central,Office Supplies
CA-2015-124429-0,CA-2015-124429,FUR-TA-10002607,567.12,10,0.20,-28.36,West,Furniture
CA-2015-124429-1,CA-2015-124429,OFF-ST-10001809,359.32,4,0.00,7.19,West,Office Supplies
CA-2017-150889-0,CA-2017-150889,TEC-PH-10000004,11.99,1,0.20,0.90,Central,Technology
CA-2018-126074-0,CA-2018-126074,OFF-BI-10003638,58.05,3,0.00,26.70,Central,Office Supplies
CA-2018-126074-1,CA-2018-126074,FUR-FU-10003577,157.74,11,0.00,56.79,Central,Furniture
CA-2018-126074-2,CA-2018-126074,OFF-AR-10003478,56.98,7,0.00,22.79,Central,Office Supplies
CA-2018-126074-3,CA-2018-126074,OFF-BI-10000546,2.88,1,0.00,1.41,Central,Office Supplies
CA-2017-110499-0,CA-2017-110499,TEC-CO-10002095,1199.98,3,0.20,374.99,West,Technology
CA-2016-135272-0,CA-2016-135272,FUR-FU-10002759,79.92,4,0.00,28.77,West,Furniture
CA-2017-140928-0,CA-2017-140928,FUR-TA-10001095,383.44,4,0.45,-167.32,South,Furniture
CA-2015-106803-0,CA-2015-106803,OFF-ST-10002444,24.56,2,0.00,6.88,Central,Office Supplies
CA-2015-106803-1,CA-2015-106803,TEC-AC-10001267,119.80,4,0.00,47.92,Central,Technology
CA-2018-117240-0,CA-2018-117240,OFF-BI-10000848,13.13,3,0.20,4.27,East,Office Supplies
CA-2018-133333-0,CA-2018-133333,OFF-PA-10002377,22.72,4,0.00,10.22,Central,Office Supplies
CA-2016-112319-0,CA-2016-112319,OFF-PA-10003441,58.32,9,0.00,27.99,West,Office Supplies
CA-2018-126046-0,CA-2018-126046,OFF-LA-10004484,12.39,3,0.00,5.70,South,Office Supplies
CA-2016-114923-0,CA-2016-114923,TEC-PH-10003931,107.98,3,0.40,-27.00,East,Technology
CA-2015-162775-0,CA-2015-162775,OFF-EN-10001990,11.36,2,0.00,5.34,South,Office Supplies
CA-2015-162775-1,CA-2015-162775,OFF-EN-10001532,50.94,3,0.00,25.47,South,Office Supplies
CA-2015-162775-2,CA-2015-162775,TEC-AC-10003174,646.74,6,0.00,258.70,South,Technology
CA-2015-162775-3,CA-2015-162775,OFF-BI-10004187,5.64,3,0.00,2.71,South,Office Supplies
CA-2015-162775-4,CA-2015-162775,OFF-ST-10000025,572.58,6,0.00,34.35,South,Office Supplies
CA-2015-106810-0,CA-2015-106810,FUR-FU-10004306,310.88,2,0.20,23.32,South,Furniture
CA-2017-157245-0,CA-2017-157245,FUR-CH-10003746,641.96,2,0.00,179.75,South,Furniture
CA-2018-104220-0,CA-2018-104220,OFF-BI-10001036,18.28,2,0.00,9.14,Central,Office Supplies
CA-2018-104220-1,CA-2018-104220,TEC-PH-10004614,207.00,3,0.00,51.75,Central,Technology
CA-2018-104220-2,CA-2018-104220,OFF-BI-10000301,32.35,5,0.00,16.18,Central,Office Supplies
CA-2018-104220-3,CA-2018-104220,OFF-BI-10003910,7.71,1,0.00,3.47,Central,Office Supplies
CA-2018-104220-4,CA-2018-104220,OFF-AR-10004648,40.30,2,0.00,10.88,Central,Office Supplies
CA-2018-104220-5,CA-2018-104220,FUR-FU-10002597,34.58,7,0.00,14.52,Central,Furniture
CA-2015-165974-0,CA-2015-165974,OFF-AR-10003405,32.76,7,0.20,3.69,East,Office Supplies
CA-2016-144267-0,CA-2016-144267,FUR-CH-10002335,544.01,3,0.20,40.80,West,Furniture
CA-2016-144267-1,CA-2016-144267,OFF-PA-10000157,59.94,3,0.00,28.17,West,Office Supplies
CA-2016-144267-2,CA-2016-144267,OFF-PA-10001947,23.92,4,0.00,11.72,West,Office Supplies
CA-2016-144267-3,CA-2016-144267,OFF-PA-10003657,4.28,1,0.00,1.93,West,Office Supplies
US-2016-157014-0,US-2016-157014,OFF-BI-10001098,32.07,5,0.70,-22.45,East,Office Supplies
US-2016-157014-1,US-2016-157014,TEC-AC-10002167,24.00,2,0.20,-2.70,East,Technology
US-2016-157014-2,US-2016-157014,FUR-BO-10004409,35.49,1,0.50,-15.62,East,Furniture
US-2016-157014-3,US-2016-157014,TEC-AC-10000057,47.98,2,0.20,0.60,East,Technology
CA-2016-154921-0,CA-2016-154921,OFF-EN-10000056,186.69,3,0.00,87.74,South,Office Supplies
CA-2018-129567-0,CA-2018-129567,OFF-BI-10000014,17.46,2,0.20,5.89,West,Office Supplies
CA-2016-154620-0,CA-2016-154620,FUR-CH-10004675,348.93,2,0.20,34.89,West,Furniture
CA-2016-115938-0,CA-2016-115938,OFF-BI-10001543,143.96,4,0.00,69.10,South,Office Supplies
CA-2016-115938-1,CA-2016-115938,OFF-ST-10001321,15.42,1,0.00,4.16,South,Office Supplies
CA-2016-115938-2,CA-2016-115938,OFF-BI-10001132,43.04,8,0.00,21.09,South,Office Supplies
CA-2016-115938-3,CA-2016-115938,FUR-CH-10003199,332.94,3,0.00,79.91,South,Furniture
CA-2017-105256-0,CA-2017-105256,TEC-PH-10001530,1363.96,5,0.20,85.25,South,Technology
CA-2015-156433-0,CA-2015-156433,OFF-LA-10001569,9.96,2,0.00,4.58,West,Office Supplies
CA-2015-156433-1,CA-2015-156433,OFF-PA-10003724,21.72,4,0.00,10.64,West,Office Supplies
CA-2018-151428-0,CA-2018-151428,OFF-BI-10000546,20.16,7,0.00,9.88,Central,Office Supplies
CA-2016-124653-0,CA-2016-124653,OFF-PA-10000176,132.79,7,0.00,63.74,East,Office Supplies
CA-2016-124653-1,CA-2016-124653,OFF-PA-10002365,12.96,2,0.00,6.22,East,Office Supplies
CA-2016-124653-2,CA-2016-124653,OFF-LA-10002271,21.56,7,0.00,10.35,East,Office Supplies
CA-2016-101910-0,CA-2016-101910,FUR-CH-10002647,283.92,5,0.20,17.75,West,Furniture
CA-2018-105809-0,CA-2018-105809,FUR-FU-10004090,22.23,1,0.00,7.34,West,Furniture
CA-2018-105809-1,CA-2018-105809,TEC-PH-10001580,215.97,2,0.20,18.90,West,Technology
CA-2017-136133-0,CA-2017-136133,OFF-AP-10000576,355.32,9,0.00,99.49,East,Office Supplies
CA-2017-115504-0,CA-2017-115504,OFF-PA-10003953,12.96,2,0.00,6.22,South,Office Supplies
CA-2018-135783-0,CA-2018-135783,FUR-FU-10000794,18.28,2,0.00,6.22,West,Furniture
CA-2015-134313-0,CA-2015-134313,OFF-AR-10001897,43.18,3,0.20,4.32,West,Office Supplies
CA-2015-134313-1,CA-2015-134313,TEC-PH-10001795,1983.97,4,0.20,248.00,West,Technology
CA-2016-140921-0,CA-2016-140921,FUR-FU-10003347,28.40,2,0.00,11.08,Central,Furniture
CA-2016-140921-1,CA-2016-140921,TEC-AC-10004901,149.97,3,0.00,50.99,Central,Technology
CA-2015-151995-0,CA-2015-151995,OFF-AR-10003190,11.52,4,0.00,3.23,West,Office Supplies
CA-2015-151995-1,CA-2015-151995,FUR-TA-10002903,1298.55,5,0.00,311.65,West,Furniture
CA-2015-151995-2,CA-2015-151995,OFF-AP-10000240,213.92,4,0.00,62.04,West,Office Supplies
CA-2015-151995-3,CA-2015-151995,TEC-AC-10001101,25.78,2,0.00,2.58,West,Technology
CA-2018-143686-0,CA-2018-143686,FUR-FU-10000794,18.28,2,0.00,6.22,West,Furniture
CA-2018-143686-1,CA-2018-143686,TEC-AC-10001838,1399.93,7,0.00,601.97,West,Technology
CA-2016-106565-0,CA-2016-106565,OFF-PA-10000061,51.84,8,0.00,24.88,Central,Office Supplies
CA-2017-149370-0,CA-2017-149370,OFF-PA-10003651,5.34,1,0.20,1.87,East,Office Supplies
CA-2015-140858-0,CA-2015-140858,OFF-PA-10000304,41.47,8,0.20,14.52,East,Office Supplies
CA-2015-140858-1,CA-2015-140858,OFF-BI-10003094,3.17,3,0.70,-2.43,East,Office Supplies
CA-2015-140858-2,CA-2015-140858,FUR-CH-10001394,1228.46,5,0.30,0.00,East,Furniture
CA-2015-140858-3,CA-2015-140858,OFF-BI-10004230,31.09,3,0.70,-22.80,East,Office Supplies
CA-2015-140858-4,CA-2015-140858,OFF-PA-10003395,335.52,4,0.20,117.43,East,Office Supplies
CA-2018-101434-0,CA-2018-101434,TEC-AC-10002402,239.97,3,0.00,71.99,East,Technology
CA-2018-101434-1,CA-2018-101434,OFF-LA-10003223,9.82,2,0.00,4.81,East,Office Supplies
US-2015-102071-0,US-2015-102071,TEC-AC-10003441,67.80,4,0.00,4.07,West,Technology
US-2015-102071-1,US-2015-102071,TEC-AC-10000109,167.97,3,0.00,40.31,West,Technology
CA-2018-126956-0,CA-2018-126956,OFF-FA-10002280,35.00,7,0.00,16.80,Central,Office Supplies
CA-2018-126956-1,CA-2018-126956,OFF-SU-10000381,37.24,4,0.00,10.80,Central,Office Supplies
CA-2018-126956-2,CA-2018-126956,OFF-EN-10004459,15.28,2,0.00,7.49,Central,Office Supplies
CA-2018-129462-0,CA-2018-129462,FUR-CH-10000665,301.96,2,0.00,90.59,South,Furniture
CA-2018-129462-1,CA-2018-129462,OFF-AP-10003884,180.66,3,0.00,50.58,South,Office Supplies
CA-2018-129462-2,CA-2018-129462,TEC-PH-10001557,191.98,2,0.00,51.83,South,Technology
CA-2018-129462-3,CA-2018-129462,TEC-PH-10002085,65.99,1,0.00,17.16,South,Technology
CA-2017-165316-0,CA-2017-165316,OFF-AR-10002956,35.22,2,0.20,2.64,South,Office Supplies
CA-2017-165316-1,CA-2017-165316,OFF-AP-10003266,23.70,2,0.20,6.52,South,Office Supplies
CA-2017-165316-2,CA-2017-165316,TEC-MA-10004002,265.48,1,0.50,-111.50,South,Technology
US-2015-115987-0,US-2015-115987,OFF-BI-10001071,51.18,4,0.80,-79.34,Central,Office Supplies
US-2018-156083-0,US-2018-156083,OFF-PA-10001560,9.66,2,0.20,3.26,South,Office Supplies
US-2017-137547-0,US-2017-137547,TEC-PH-10002365,21.07,3,0.20,1.58,Central,Technology
CA-2016-100454-0,CA-2016-100454,OFF-AR-10004648,60.45,3,0.00,16.32,East,Office Supplies
CA-2016-100454-1,CA-2016-100454,OFF-AR-10002578,11.52,4,0.00,3.34,East,Office Supplies
CA-2016-100454-2,CA-2016-100454,FUR-BO-10001519,186.05,4,0.20,9.30,East,Furniture
CA-2017-161669-0,CA-2017-161669,OFF-BI-10001294,37.44,4,0.20,11.70,West,Office Supplies
CA-2017-161669-1,CA-2017-161669,OFF-BI-10001636,26.98,4,0.20,8.77,West,Office Supplies
CA-2017-161669-2,CA-2017-161669,OFF-SU-10002503,11.36,2,0.00,3.29,West,Office Supplies
CA-2017-161669-3,CA-2017-161669,OFF-LA-10004093,14.62,2,0.00,6.87,West,Office Supplies
CA-2016-114300-0,CA-2016-114300,TEC-PH-10001552,83.72,7,0.00,23.44,South,Technology
CA-2016-114300-1,CA-2016-114300,FUR-CH-10001891,287.94,3,0.00,77.74,South,Furniture
CA-2018-107503-0,CA-2018-107503,FUR-FU-10003878,48.90,4,0.20,8.56,East,Furniture
CA-2015-107755-0,CA-2015-107755,TEC-AC-10000710,115.36,7,0.00,49.60,East,Technology
CA-2017-152534-0,CA-2017-152534,OFF-AR-10002335,5.16,2,0.00,1.34,West,Office Supplies
CA-2017-152534-1,CA-2017-152534,OFF-PA-10001870,38.88,6,0.00,18.66,West,Office Supplies
CA-2017-113747-0,CA-2017-113747,OFF-AR-10003373,185.88,6,0.00,50.19,South,Office Supplies
CA-2017-123274-0,CA-2017-123274,FUR-FU-10004090,44.46,2,0.00,14.67,East,Furniture
CA-2017-123274-1,CA-2017-123274,OFF-ST-10000736,242.94,3,0.00,9.72,East,Office Supplies
CA-2015-125612-0,CA-2015-125612,OFF-PA-10001019,39.96,2,0.00,18.78,East,Office Supplies
CA-2015-125612-1,CA-2015-125612,OFF-SU-10002537,102.30,10,0.00,26.60,East,Office Supplies
CA-2015-125612-2,CA-2015-125612,OFF-ST-10003221,21.36,2,0.00,5.77,East,Office Supplies
CA-2018-161984-0,CA-2018-161984,OFF-PA-10004569,7.61,1,0.00,3.58,East,Office Supplies
CA-2018-161984-1,CA-2018-161984,OFF-FA-10000624,7.16,2,0.00,3.58,East,Office Supplies
CA-2015-133851-0,CA-2015-133851,OFF-SU-10001225,7.36,2,0.00,0.15,West,Office Supplies
CA-2015-133851-1,CA-2015-133851,OFF-AR-10003752,23.10,2,0.00,10.63,West,Office Supplies
CA-2017-134474-0,CA-2017-134474,TEC-AC-10001714,191.47,6,0.20,40.69,South,Technology
CA-2017-134474-1,CA-2017-134474,OFF-AR-10003958,5.25,2,0.20,0.59,South,Office Supplies
CA-2017-134474-2,CA-2017-134474,TEC-PH-10002923,59.18,2,0.20,5.18,South,Technology
CA-2015-149020-0,CA-2015-149020,OFF-LA-10004272,2.89,1,0.00,1.36,South,Office Supplies
CA-2015-149020-1,CA-2015-149020,FUR-FU-10000965,51.94,1,0.00,21.30,South,Furniture
CA-2017-134362-0,CA-2017-134362,OFF-LA-10004853,15.94,4,0.20,5.18,East,Office Supplies
CA-2015-136742-0,CA-2015-136742,OFF-BI-10003719,44.91,6,0.70,-35.93,East,Office Supplies
CA-2017-158099-0,CA-2017-158099,OFF-BI-10000545,1141.47,5,0.70,-760.98,East,Office Supplies
CA-2017-158099-1,CA-2017-158099,TEC-PH-10002496,280.78,3,0.40,-46.80,East,Technology
CA-2016-131128-0,CA-2016-131128,OFF-PA-10003591,34.44,3,0.00,17.22,East,Office Supplies
CA-2015-148488-0,CA-2015-148488,OFF-PA-10004470,11.36,2,0.00,5.23,East,Office Supplies
CA-2015-148488-1,CA-2015-148488,OFF-BI-10000315,106.34,7,0.20,37.22,East,Office Supplies
CA-2018-114636-0,CA-2018-114636,OFF-PA-10001790,192.16,5,0.20,67.26,South,Office Supplies
CA-2017-116736-0,CA-2017-116736,FUR-FU-10004017,322.59,3,0.00,64.52,East,Furniture
CA-2017-116736-1,CA-2017-116736,TEC-AC-10003628,29.99,1,0.00,13.20,East,Technology
CA-2017-116736-2,CA-2017-116736,TEC-AC-10002049,371.97,3,0.00,66.95,East,Technology
US-2015-158638-0,US-2015-158638,OFF-BI-10003712,5.89,4,0.70,-4.12,East,Office Supplies
CA-2018-111689-0,CA-2018-111689,OFF-BI-10003984,68.47,3,0.20,23.11,East,Office Supplies
CA-2018-111689-1,CA-2018-111689,FUR-CH-10004287,1242.90,5,0.10,262.39,East,Furniture
CA-2016-129098-0,CA-2016-129098,OFF-ST-10001321,30.84,2,0.00,8.33,South,Office Supplies
US-2018-123463-0,US-2018-123463,OFF-AR-10001118,13.48,4,0.00,5.93,West,Office Supplies
CA-2017-165148-0,CA-2017-165148,FUR-FU-10000732,31.40,5,0.00,10.05,Central,Furniture
CA-2015-134061-0,CA-2015-134061,FUR-FU-10001424,17.46,2,0.00,5.94,East,Furniture
CA-2016-143602-0,CA-2016-143602,OFF-BI-10002071,13.94,3,0.20,4.53,West,Office Supplies
CA-2018-115364-0,CA-2018-115364,OFF-ST-10002486,83.76,12,0.00,1.68,West,Office Supplies
CA-2018-150707-0,CA-2018-150707,OFF-BI-10001078,37.66,7,0.00,18.45,East,Office Supplies
CA-2015-104976-0,CA-2015-104976,OFF-PA-10003845,34.68,6,0.00,16.99,West,Office Supplies
CA-2018-132934-0,CA-2018-132934,TEC-AC-10000927,149.95,5,0.00,14.99,East,Technology
CA-2018-132934-1,CA-2018-132934,OFF-BI-10001098,51.31,3,0.20,18.60,East,Office Supplies
CA-2018-133256-0,CA-2018-133256,OFF-PA-10001622,4.54,1,0.00,2.04,Central,Office Supplies
CA-2018-133256-1,CA-2018-133256,OFF-AR-10003158,15.92,4,0.00,5.41,Central,Office Supplies
CA-2018-133256-2,CA-2018-133256,TEC-PH-10002660,543.92,8,0.00,135.98,Central,Technology
CA-2017-105494-0,CA-2017-105494,OFF-ST-10002205,155.82,7,0.00,42.07,West,Office Supplies
CA-2017-105494-1,CA-2017-105494,OFF-BI-10003364,70.01,3,0.20,24.50,West,Office Supplies
CA-2017-140634-0,CA-2017-140634,OFF-EN-10001099,15.65,2,0.20,5.09,Central,Office Supplies
CA-2015-144407-0,CA-2015-144407,OFF-LA-10003923,103.60,7,0.00,51.80,Central,Office Supplies
CA-2018-160983-0,CA-2018-160983,OFF-PA-10002250,46.96,8,0.00,22.54,East,Office Supplies
US-2017-114622-0,US-2017-114622,OFF-BI-10004716,8.90,2,0.70,-6.53,East,Office Supplies
CA-2018-150959-0,CA-2018-150959,OFF-LA-10001045,10.44,5,0.20,3.39,Central,Office Supplies
CA-2018-150959-1,CA-2018-150959,OFF-BI-10001510,18.34,4,0.80,-32.09,Central,Office Supplies
CA-2018-132353-0,CA-2018-132353,TEC-PH-10004536,323.98,3,0.20,20.25,Central,Technology
CA-2017-130477-0,CA-2017-130477,OFF-PA-10002947,20.04,3,0.00,9.62,West,Office Supplies
CA-2017-130477-1,CA-2017-130477,OFF-ST-10002583,64.96,2,0.00,2.60,West,Office Supplies
CA-2017-130477-2,CA-2017-130477,OFF-PA-10000019,12.96,2,0.00,6.22,West,Office Supplies
CA-2018-143259-0,CA-2018-143259,FUR-BO-10003441,323.14,4,0.20,12.12,East,Furniture
CA-2018-143259-1,CA-2018-143259,TEC-PH-10004774,90.93,7,0.00,2.73,East,Technology
CA-2018-143259-2,CA-2018-143259,OFF-BI-10003684,52.78,3,0.20,19.79,East,Office Supplies
CA-2018-137596-0,CA-2018-137596,TEC-PH-10001494,1199.80,4,0.00,323.95,Central,Technology
CA-2018-137596-1,CA-2018-137596,TEC-AC-10004666,1928.78,7,0.00,829.38,Central,Technology
CA-2018-137596-2,CA-2018-137596,OFF-ST-10003816,352.38,2,0.00,81.05,Central,Office Supplies
CA-2016-133627-0,CA-2016-133627,FUR-FU-10001935,22.20,6,0.00,9.10,East,Furniture
CA-2018-102519-0,CA-2018-102519,FUR-FU-10004091,46.94,1,0.00,19.25,Central,Furniture
CA-2018-102519-1,CA-2018-102519,TEC-AC-10001772,143.73,9,0.00,56.05,Central,Technology
US-2015-141215-0,US-2015-141215,FUR-TA-10001520,99.92,2,0.30,-18.56,Central,Furniture
US-2015-141215-1,US-2015-141215,FUR-CH-10003379,797.94,4,0.30,-57.00,Central,Furniture
US-2015-141215-2,US-2015-141215,OFF-BI-10002706,8.57,3,0.80,-14.57,Central,Office Supplies
CA-2017-165218-0,CA-2017-165218,OFF-EN-10000056,149.35,3,0.20,50.41,Central,Office Supplies
CA-2017-165218-1,CA-2017-165218,OFF-ST-10001558,12.99,1,0.20,-0.81,Central,Office Supplies
CA-2015-138296-0,CA-2015-138296,OFF-ST-10002444,24.56,2,0.00,6.88,South,Office Supplies
CA-2016-111164-0,CA-2016-111164,TEC-AC-10002473,85.14,3,0.00,34.91,East,Technology
CA-2016-111164-1,CA-2016-111164,TEC-PH-10004531,21.99,1,0.00,10.56,East,Technology
CA-2016-111164-2,CA-2016-111164,OFF-AP-10004487,406.60,5,0.00,113.85,East,Office Supplies
CA-2017-149797-0,CA-2017-149797,OFF-BI-10003650,841.57,2,0.20,294.55,East,Office Supplies
CA-2015-132962-0,CA-2015-132962,OFF-PA-10003543,15.55,3,0.20,5.44,East,Office Supplies
CA-2015-132962-1,CA-2015-132962,TEC-AC-10004353,252.00,5,0.20,53.55,East,Technology
CA-2016-115091-0,CA-2016-115091,OFF-AR-10000658,46.20,4,0.00,12.94,South,Office Supplies
CA-2016-115091-1,CA-2016-115091,OFF-AP-10000696,28.84,2,0.00,9.52,South,Office Supplies
CA-2018-144932-0,CA-2018-144932,OFF-AR-10003560,14.59,3,0.20,2.55,East,Office Supplies
CA-2018-144932-1,CA-2018-144932,OFF-AR-10001468,89.86,3,0.20,21.34,East,Office Supplies
CA-2018-144932-2,CA-2018-144932,OFF-PA-10004971,13.87,3,0.20,5.03,East,Office Supplies
CA-2018-114216-0,CA-2018-114216,OFF-PA-10002195,12.19,3,0.20,4.11,East,Office Supplies
CA-2017-140081-0,CA-2017-140081,OFF-PA-10001745,45.06,8,0.20,15.21,East,Office Supplies
CA-2017-140081-1,CA-2017-140081,OFF-BI-10004826,29.72,6,0.70,-21.79,East,Office Supplies
CA-2017-140081-2,CA-2017-140081,OFF-PA-10001870,15.55,3,0.20,5.44,East,Office Supplies
CA-2017-140081-3,CA-2017-140081,OFF-AP-10001058,447.70,2,0.20,33.58,East,Office Supplies
US-2018-111745-0,US-2018-111745,TEC-AC-10003911,159.99,1,0.00,54.40,West,Technology
CA-2016-148250-0,CA-2016-148250,OFF-PA-10000289,12.96,2,0.00,6.22,West,Office Supplies
CA-2016-148250-1,CA-2016-148250,OFF-AP-10003040,134.48,4,0.00,34.96,West,Office Supplies
CA-2017-105760-0,CA-2017-105760,OFF-PA-10000350,17.12,2,0.00,8.05,West,Office Supplies
CA-2017-142958-0,CA-2017-142958,OFF-BI-10001759,6.10,2,0.20,2.21,West,Office Supplies
CA-2017-142958-1,CA-2017-142958,FUR-TA-10000577,1114.27,4,0.20,41.79,West,Furniture
CA-2016-120880-0,CA-2016-120880,OFF-PA-10004101,32.40,5,0.00,15.55,West,Office Supplies
CA-2016-120880-1,CA-2016-120880,OFF-ST-10001496,540.57,3,0.00,140.55,West,Office Supplies
CA-2016-120880-2,CA-2016-120880,OFF-BI-10002931,167.76,5,0.20,62.91,West,Office Supplies
US-2016-140200-0,US-2016-140200,FUR-TA-10002356,393.17,3,0.50,-204.45,West,Furniture
US-2018-110576-0,US-2018-110576,FUR-FU-10003601,516.49,7,0.20,-12.91,East,Furniture
US-2018-110576-1,US-2018-110576,FUR-FU-10000576,1007.23,6,0.20,75.54,East,Furniture
US-2018-110576-2,US-2018-110576,FUR-TA-10004154,2065.32,12,0.40,-619.60,East,Furniture
US-2018-110576-3,US-2018-110576,OFF-PA-10000788,15.55,3,0.20,5.44,East,Office Supplies
US-2018-110576-4,US-2018-110576,OFF-PA-10002479,25.34,6,0.20,7.92,East,Office Supplies
CA-2018-131156-0,CA-2018-131156,FUR-FU-10001940,25.47,4,0.20,7.64,East,Furniture
CA-2018-136539-0,CA-2018-136539,OFF-AR-10001958,27.17,2,0.20,2.72,Central,Office Supplies
CA-2018-136539-1,CA-2018-136539,FUR-BO-10004709,78.85,2,0.32,-11.60,Central,Furniture
CA-2018-119305-0,CA-2018-119305,OFF-ST-10000604,173.80,5,0.00,43.45,South,Office Supplies
CA-2018-102414-0,CA-2018-102414,TEC-PH-10002923,29.59,1,0.20,2.59,West,Technology
CA-2018-102414-1,CA-2018-102414,OFF-BI-10004465,4.75,2,0.70,-3.17,West,Office Supplies
CA-2018-102414-2,CA-2018-102414,OFF-PA-10002333,15.55,3,0.20,5.64,West,Office Supplies
CA-2016-112571-0,CA-2016-112571,FUR-FU-10004188,204.60,2,0.00,53.20,West,Furniture
CA-2018-152142-0,CA-2018-152142,FUR-CH-10002965,321.57,2,0.20,28.14,West,Furniture
CA-2016-160059-0,CA-2016-160059,OFF-BI-10000145,6.24,2,0.00,3.06,South,Office Supplies
CA-2017-120859-0,CA-2017-120859,OFF-EN-10001335,21.88,2,0.00,10.94,West,Office Supplies
CA-2015-127488-0,CA-2015-127488,OFF-LA-10001613,4.61,2,0.20,1.67,South,Office Supplies
CA-2018-135279-0,CA-2018-135279,OFF-LA-10004055,9.82,2,0.00,4.81,East,Office Supplies
CA-2018-135279-1,CA-2018-135279,OFF-AR-10004344,35.97,3,0.00,9.71,East,Office Supplies
CA-2018-135279-2,CA-2018-135279,OFF-PA-10004621,12.96,2,0.00,6.22,East,Office Supplies
CA-2018-135279-3,CA-2018-135279,OFF-PA-10001281,191.60,4,0.00,91.97,East,Office Supplies
CA-2018-135279-4,CA-2018-135279,OFF-LA-10001613,8.64,3,0.00,4.23,East,Office Supplies
CA-2018-135279-5,CA-2018-135279,OFF-ST-10001097,501.81,3,0.00,0.00,East,Office Supplies
CA-2015-115791-0,CA-2015-115791,FUR-FU-10001095,127.10,6,0.20,28.60,East,Furniture
CA-2015-115791-1,CA-2015-115791,TEC-PH-10004614,124.20,3,0.40,-31.05,East,Technology
CA-2015-115791-2,CA-2015-115791,OFF-BI-10001575,18.59,2,0.70,-13.63,East,Office Supplies
CA-2015-115791-3,CA-2015-115791,OFF-LA-10001074,30.07,3,0.20,10.15,East,Office Supplies
US-2018-103247-0,US-2018-103247,TEC-PH-10003555,160.93,7,0.00,3.22,East,Technology
US-2018-103247-1,US-2018-103247,OFF-BI-10004492,75.79,3,0.20,25.58,East,Office Supplies
US-2018-100209-0,US-2018-100209,OFF-BI-10002012,1.08,2,0.70,-0.79,West,Office Supplies
CA-2018-159366-0,CA-2018-159366,TEC-MA-10000822,3059.98,2,0.10,680.00,Central,Technology
CA-2017-145499-0,CA-2017-145499,OFF-BI-10000848,3.28,2,0.70,-2.63,South,Office Supplies
CA-2016-157035-0,CA-2016-157035,OFF-PA-10004156,34.02,3,0.00,16.67,Central,Office Supplies
CA-2017-144939-0,CA-2017-144939,FUR-CH-10003199,599.29,6,0.10,93.22,East,Furniture
CA-2015-163419-0,CA-2015-163419,OFF-AR-10000034,3.39,1,0.20,0.81,West,Office Supplies
CA-2015-163419-1,CA-2015-163419,TEC-PH-10000560,559.98,2,0.20,56.00,West,Technology
CA-2015-163419-2,CA-2015-163419,FUR-CH-10000665,603.92,5,0.20,75.49,West,Furniture
CA-2018-100314-0,CA-2018-100314,OFF-LA-10001569,7.97,2,0.20,2.59,Central,Office Supplies
CA-2018-100314-1,CA-2018-100314,OFF-EN-10000461,27.97,4,0.20,9.44,Central,Office Supplies
CA-2018-100314-2,CA-2018-100314,TEC-MA-10003066,336.51,3,0.40,44.87,Central,Technology
CA-2016-146829-0,CA-2016-146829,OFF-BI-10004022,1.11,2,0.80,-1.89,Central,Office Supplies
CA-2018-167899-0,CA-2018-167899,FUR-FU-10004071,520.05,5,0.00,72.81,East,Furniture
CA-2018-167899-1,CA-2018-167899,OFF-AR-10001988,17.97,3,0.00,5.21,East,Office Supplies
CA-2016-153549-0,CA-2016-153549,FUR-CH-10004086,1166.92,5,0.20,131.28,South,Furniture
CA-2017-110023-0,CA-2017-110023,OFF-BI-10001036,14.62,2,0.20,5.48,East,Office Supplies
CA-2017-105585-0,CA-2017-105585,OFF-FA-10002983,10.23,3,0.00,4.91,West,Office Supplies
CA-2017-105585-1,CA-2017-105585,OFF-PA-10003625,154.90,5,0.00,69.70,West,Office Supplies
CA-2015-117639-0,CA-2015-117639,OFF-BI-10003925,2715.93,7,0.00,1276.49,South,Office Supplies
CA-2015-117639-1,CA-2015-117639,TEC-PH-10001530,617.97,3,0.00,173.03,South,Technology
CA-2016-162537-0,CA-2016-162537,OFF-EN-10003862,10.67,1,0.00,4.91,South,Office Supplies
CA-2016-162537-1,CA-2016-162537,OFF-ST-10004258,36.63,3,0.00,9.89,South,Office Supplies
CA-2016-162537-2,CA-2016-162537,FUR-FU-10002885,24.10,5,0.00,9.16,South,Furniture
CA-2016-162537-3,CA-2016-162537,FUR-FU-10001918,33.11,7,0.00,12.91,South,Furniture
CA-2017-155488-0,CA-2017-155488,OFF-AR-10002956,44.02,2,0.00,11.45,West,Office Supplies
CA-2016-124891-0,CA-2016-124891,TEC-AC-10003033,2309.65,7,0.00,762.18,East,Technology
CA-2016-124891-1,CA-2016-124891,FUR-TA-10002903,1090.78,7,0.40,-290.88,East,Furniture
CA-2016-124891-2,CA-2016-124891,OFF-PA-10004621,19.44,3,0.00,9.33,East,Office Supplies
CA-2016-126445-0,CA-2016-126445,OFF-ST-10000046,484.65,3,0.00,92.08,West,Office Supplies
CA-2016-111199-0,CA-2016-111199,OFF-PA-10001790,115.30,3,0.20,40.35,South,Office Supplies
CA-2016-105312-0,CA-2016-105312,OFF-EN-10002600,7.08,3,0.20,2.48,West,Office Supplies
CA-2016-105312-1,CA-2016-105312,OFF-BI-10002049,4.40,3,0.70,-3.52,West,Office Supplies
US-2018-106705-0,US-2018-106705,OFF-PA-10001509,44.75,5,0.00,20.59,Central,Office Supplies
CA-2018-135034-0,CA-2018-135034,TEC-PH-10003931,95.98,2,0.20,6.00,Central,Technology
CA-2015-158540-0,CA-2015-158540,FUR-FU-10001602,151.72,4,0.00,27.31,West,Furniture
CA-2018-118437-0,CA-2018-118437,FUR-FU-10004848,155.25,3,0.00,46.58,West,Furniture
CA-2018-118437-1,CA-2018-118437,OFF-ST-10003722,14.03,1,0.00,4.07,West,Office Supplies
US-2016-126214-0,US-2016-126214,FUR-TA-10003748,1618.37,13,0.00,356.04,West,Furniture
US-2016-126214-1,US-2016-126214,TEC-AC-10003198,99.60,1,0.00,36.85,West,Technology
CA-2016-133025-0,CA-2016-133025,OFF-PA-10004100,32.40,5,0.00,15.55,West,Office Supplies
CA-2016-108665-0,CA-2016-108665,FUR-FU-10002191,13.96,2,0.00,6.70,East,Furniture
CA-2016-108665-1,CA-2016-108665,FUR-FU-10000965,155.82,3,0.00,63.89,East,Furniture
CA-2016-108665-2,CA-2016-108665,TEC-PH-10004188,124.95,5,0.00,2.50,East,Technology
CA-2016-108665-3,CA-2016-108665,OFF-ST-10001526,601.65,5,0.00,156.43,East,Office Supplies
CA-2016-124450-0,CA-2016-124450,OFF-AR-10001166,22.74,3,0.00,8.87,East,Office Supplies
CA-2016-124450-1,CA-2016-124450,FUR-CH-10000309,1267.53,3,0.00,316.88,East,Furniture
CA-2016-124450-2,CA-2016-124450,TEC-MA-10004212,1379.92,8,0.00,648.56,East,Technology
CA-2016-167269-0,CA-2016-167269,OFF-EN-10003072,6.21,2,0.20,2.17,East,Office Supplies
CA-2018-106964-0,CA-2018-106964,OFF-BI-10000320,11.81,2,0.20,4.28,West,Office Supplies
CA-2017-126529-0,CA-2017-126529,OFF-PA-10001166,15.55,3,0.20,5.44,East,Office Supplies
CA-2017-126529-1,CA-2017-126529,OFF-PA-10003656,63.31,3,0.20,20.58,East,Office Supplies
CA-2017-126529-2,CA-2017-126529,TEC-PH-10000148,15.59,2,0.40,-9.87,East,Technology
CA-2015-163552-0,CA-2015-163552,OFF-PA-10000474,177.20,5,0.00,83.28,East,Office Supplies
CA-2015-163552-1,CA-2015-163552,TEC-PH-10003885,197.97,3,0.00,57.41,East,Technology
CA-2015-163552-2,CA-2015-163552,FUR-CH-10003379,854.94,3,0.00,213.74,East,Furniture
CA-2015-163552-3,CA-2015-163552,FUR-FU-10000629,124.11,9,0.00,52.13,East,Furniture
CA-2015-163552-4,CA-2015-163552,OFF-LA-10001175,14.40,5,0.00,7.06,East,Office Supplies
CA-2017-109820-0,CA-2017-109820,OFF-PA-10000955,15.70,3,0.20,5.10,East,Office Supplies
CA-2017-109820-1,CA-2017-109820,OFF-BI-10003460,2.63,2,0.70,-1.93,East,Office Supplies
CA-2017-109820-2,CA-2017-109820,OFF-BI-10000474,14.43,3,0.70,-10.58,East,Office Supplies
CA-2017-113061-0,CA-2017-113061,FUR-FU-10003975,86.62,2,0.00,8.66,Central,Furniture
CA-2016-127418-0,CA-2016-127418,OFF-BI-10003707,36.62,3,0.20,13.73,West,Office Supplies
CA-2018-121818-0,CA-2018-121818,OFF-AR-10000203,23.97,7,0.20,2.70,South,Office Supplies
CA-2018-121818-1,CA-2018-121818,OFF-AR-10004790,28.73,3,0.20,1.80,South,Office Supplies
CA-2017-127670-0,CA-2017-127670,FUR-TA-10001095,697.16,4,0.00,146.40,Central,Furniture
CA-2017-102981-0,CA-2017-102981,TEC-AC-10004761,31.86,2,0.00,11.15,East,Technology
CA-2017-102981-1,CA-2017-102981,FUR-BO-10001811,722.35,3,0.20,90.29,East,Furniture
CA-2018-115651-0,CA-2018-115651,OFF-AR-10001130,8.84,5,0.20,2.98,Central,Office Supplies
CA-2018-115651-1,CA-2018-115651,OFF-AP-10000055,58.46,9,0.80,-146.16,Central,Office Supplies
CA-2018-152702-0,CA-2018-152702,FUR-CH-10002304,254.60,14,0.30,-18.19,Central,Furniture
CA-2017-169103-0,CA-2017-169103,TEC-PH-10001530,1363.96,5,0.20,85.25,South,Technology
CA-2017-169103-1,CA-2017-169103,FUR-FU-10004006,102.36,3,0.20,-3.84,South,Furniture
CA-2015-139192-0,CA-2015-139192,TEC-PH-10000486,1113.50,12,0.20,125.27,West,Technology
CA-2015-139192-1,CA-2015-139192,TEC-AC-10001606,99.99,1,0.00,38.00,West,Technology
US-2016-153500-0,US-2016-153500,FUR-FU-10000293,168.46,2,0.20,-29.48,East,Furniture
US-2016-153500-1,US-2016-153500,OFF-PA-10001307,6.72,2,0.20,2.44,East,Office Supplies
US-2016-153500-2,US-2016-153500,FUR-FU-10004460,282.89,9,0.20,56.58,East,Furniture
CA-2016-110667-0,CA-2016-110667,OFF-AR-10000716,11.16,2,0.00,4.35,East,Office Supplies
CA-2016-110667-1,CA-2016-110667,FUR-FU-10004622,108.40,2,0.00,22.76,East,Furniture
CA-2016-110667-2,CA-2016-110667,OFF-BI-10002735,82.34,3,0.20,27.79,East,Office Supplies
CA-2016-110667-3,CA-2016-110667,OFF-BI-10003529,9.09,4,0.20,3.29,East,Office Supplies
CA-2018-167150-0,CA-2018-167150,OFF-BI-10001097,19.94,4,0.20,7.23,West,Office Supplies
CA-2018-167150-1,CA-2018-167150,OFF-BI-10001597,65.57,2,0.20,22.95,West,Office Supplies
CA-2017-105284-0,CA-2017-105284,OFF-FA-10001754,4.42,3,0.20,1.60,East,Office Supplies
US-2016-125374-0,US-2016-125374,FUR-CH-10003396,107.77,2,0.30,-29.25,Central,Furniture
CA-2016-161263-0,CA-2016-161263,OFF-AP-10002350,45.22,3,0.20,4.52,East,Office Supplies
CA-2016-161263-1,CA-2016-161263,OFF-FA-10004838,10.42,7,0.20,-2.21,East,Office Supplies
CA-2016-161263-2,CA-2016-161263,OFF-AR-10004757,7.87,3,0.20,1.28,East,Office Supplies
CA-2016-161263-3,CA-2016-161263,TEC-PH-10002115,118.78,3,0.40,-27.72,East,Technology
CA-2016-161263-4,CA-2016-161263,OFF-FA-10003059,1.45,1,0.20,0.24,East,Office Supplies
CA-2016-161263-5,CA-2016-161263,OFF-BI-10004330,55.47,5,0.70,-46.23,East,Office Supplies
CA-2017-157686-0,CA-2017-157686,FUR-CH-10001146,194.85,4,0.20,12.18,West,Furniture
US-2018-139955-0,US-2018-139955,OFF-SU-10001935,1.74,1,0.20,-0.35,Central,Office Supplies
US-2016-150161-0,US-2016-150161,OFF-BI-10001524,25.18,4,0.70,-18.46,East,Office Supplies
CA-2016-144652-0,CA-2016-144652,OFF-AR-10003732,19.46,7,0.00,5.06,West,Office Supplies
CA-2017-152814-0,CA-2017-152814,OFF-PA-10001970,29.47,3,0.20,9.95,West,Office Supplies
CA-2018-106943-0,CA-2018-106943,OFF-BI-10003669,8.64,2,0.20,3.02,East,Office Supplies
CA-2017-134348-0,CA-2017-134348,OFF-BI-10003727,6.27,5,0.70,-4.60,West,Office Supplies
CA-2017-134348-1,CA-2017-134348,OFF-BI-10004967,4.37,7,0.70,-3.35,West,Office Supplies
CA-2017-134348-2,CA-2017-134348,TEC-AC-10003447,31.98,2,0.20,2.00,West,Technology
CA-2017-161781-0,CA-2017-161781,OFF-AR-10000255,40.88,7,0.00,10.63,Central,Office Supplies
CA-2018-132521-0,CA-2018-132521,OFF-AP-10002191,119.96,2,0.00,33.59,West,Office Supplies
CA-2018-132521-1,CA-2018-132521,OFF-ST-10001325,31.44,3,0.00,8.49,West,Office Supplies
CA-2018-132521-2,CA-2018-132521,OFF-BI-10000404,6.88,1,0.20,2.32,West,Office Supplies
CA-2016-110016-0,CA-2016-110016,OFF-PA-10000349,19.92,4,0.00,9.36,Central,Office Supplies
CA-2016-110016-1,CA-2016-110016,FUR-CH-10002880,1106.91,9,0.00,121.76,Central,Furniture
US-2017-143819-0,US-2017-143819,FUR-TA-10001095,836.59,8,0.40,-264.92,East,Furniture
US-2017-143819-1,US-2017-143819,OFF-PA-10003127,26.38,1,0.00,12.13,East,Office Supplies
US-2017-143819-2,US-2017-143819,OFF-ST-10003208,362.92,2,0.00,105.25,East,Office Supplies
US-2017-143819-3,US-2017-143819,TEC-MA-10003979,4899.93,7,0.00,2400.97,East,Technology
CA-2017-167584-0,CA-2017-167584,OFF-PA-10000029,6.48,1,0.00,3.11,Central,Office Supplies
CA-2017-166163-0,CA-2017-166163,TEC-PH-10004896,71.98,3,0.20,7.20,West,Technology
CA-2017-166163-1,CA-2017-166163,OFF-LA-10000452,3.15,1,0.00,1.51,West,Office Supplies
CA-2018-158407-0,CA-2018-158407,FUR-FU-10001967,31.98,2,0.20,2.00,South,Furniture
CA-2018-158407-1,CA-2018-158407,TEC-PH-10001819,71.98,2,0.20,25.19,South,Technology
CA-2016-143490-0,CA-2016-143490,OFF-AR-10002952,120.15,9,0.00,33.64,West,Office Supplies
CA-2016-143490-1,CA-2016-143490,TEC-PH-10000576,219.18,2,0.20,19.18,West,Technology
CA-2016-165085-0,CA-2016-165085,OFF-PA-10000605,28.90,5,0.00,14.16,East,Office Supplies
CA-2016-165085-1,CA-2016-165085,OFF-AP-10002518,355.96,2,0.00,103.23,East,Office Supplies
CA-2018-160423-0,CA-2018-160423,OFF-ST-10004340,348.21,7,0.20,30.47,South,Office Supplies
CA-2018-160423-1,CA-2018-160423,OFF-BI-10004001,35.78,7,0.70,-28.63,South,Office Supplies
CA-2015-159338-0,CA-2015-159338,FUR-TA-10004147,447.84,5,0.20,11.20,West,Furniture
CA-2017-107216-0,CA-2017-107216,OFF-AR-10001545,7.04,4,0.00,2.04,West,Office Supplies
CA-2017-107216-1,CA-2017-107216,FUR-FU-10000206,8.73,3,0.00,4.10,West,Furniture
CA-2017-107216-2,CA-2017-107216,TEC-AC-10001013,29.29,1,0.00,9.67,West,Technology
CA-2017-107216-3,CA-2017-107216,OFF-AR-10002255,8.64,3,0.00,2.51,West,Office Supplies
US-2018-145863-0,US-2018-145863,OFF-BI-10004140,2.69,3,0.80,-4.71,Central,Office Supplies
US-2018-145863-1,US-2018-145863,OFF-BI-10002049,2.93,3,0.80,-4.99,Central,Office Supplies
CA-2017-112340-0,CA-2017-112340,OFF-PA-10001892,22.92,3,0.00,11.23,West,Office Supplies
US-2017-110156-0,US-2017-110156,OFF-ST-10000642,100.70,6,0.20,-16.36,Central,Office Supplies
US-2017-110156-1,US-2017-110156,FUR-FU-10000206,2.33,2,0.60,-0.76,Central,Furniture
US-2017-110156-2,US-2017-110156,OFF-BI-10003676,10.78,5,0.80,-17.25,Central,Office Supplies
US-2017-110156-3,US-2017-110156,OFF-FA-10003495,58.37,12,0.20,21.89,Central,Office Supplies
US-2017-110156-4,US-2017-110156,OFF-EN-10003798,40.97,3,0.20,13.83,Central,Office Supplies
US-2017-110156-5,US-2017-110156,TEC-PH-10003589,71.96,5,0.20,25.19,Central,Technology
US-2017-110156-6,US-2017-110156,OFF-PA-10004735,10.37,2,0.20,3.63,Central,Office Supplies
US-2017-110156-7,US-2017-110156,OFF-BI-10002609,1.19,2,0.80,-2.03,Central,Office Supplies
CA-2018-140585-0,CA-2018-140585,OFF-BI-10003364,46.67,2,0.20,16.34,West,Office Supplies
CA-2018-140585-1,CA-2018-140585,FUR-BO-10002206,119.83,1,0.15,-12.69,West,Furniture
CA-2018-140585-2,CA-2018-140585,TEC-AC-10003610,119.98,2,0.00,57.59,West,Technology
CA-2017-144855-0,CA-2017-144855,OFF-LA-10003766,6.30,2,0.00,3.02,West,Office Supplies
CA-2016-142755-0,CA-2016-142755,OFF-PA-10001970,279.90,5,0.00,137.15,South,Office Supplies
CA-2016-142755-1,CA-2016-142755,TEC-AC-10002049,619.95,5,0.00,111.59,South,Technology
CA-2016-142755-2,CA-2016-142755,OFF-PA-10000141,4.36,2,0.00,2.05,South,Office Supplies
CA-2016-142755-3,CA-2016-142755,OFF-EN-10004459,15.28,2,0.00,7.49,South,Office Supplies
US-2015-147627-0,US-2015-147627,TEC-PH-10001061,699.93,7,0.00,181.98,South,Technology
US-2015-147627-1,US-2015-147627,OFF-AR-10002375,22.96,7,0.00,6.66,South,Office Supplies
US-2015-147627-2,US-2015-147627,FUR-FU-10003194,38.60,4,0.00,11.58,South,Furniture
US-2015-147627-3,US-2015-147627,OFF-AR-10003811,6.63,3,0.00,1.79,South,Office Supplies
US-2015-147627-4,US-2015-147627,OFF-EN-10001539,23.34,3,0.00,10.97,South,Office Supplies
US-2015-147627-5,US-2015-147627,FUR-CH-10002331,1067.94,3,0.00,224.27,South,Furniture
CA-2016-105970-0,CA-2016-105970,OFF-AR-10003156,10.16,1,0.00,2.64,Central,Office Supplies
CA-2016-105970-1,CA-2016-105970,OFF-EN-10001532,101.88,6,0.00,50.94,Central,Office Supplies
CA-2017-112102-0,CA-2017-112102,FUR-TA-10004086,343.92,4,0.00,75.66,South,Furniture
CA-2017-112102-1,CA-2017-112102,OFF-PA-10000100,40.99,1,0.00,20.09,South,Office Supplies
CA-2017-112102-2,CA-2017-112102,OFF-EN-10002500,63.90,5,0.00,28.75,South,Office Supplies
US-2017-114776-0,US-2017-114776,OFF-PA-10004100,19.44,3,0.00,9.33,West,Office Supplies
US-2017-134908-0,US-2017-134908,OFF-ST-10003479,124.61,4,0.20,-23.36,East,Office Supplies
US-2017-134908-1,US-2017-134908,OFF-LA-10000973,7.56,3,0.20,2.65,East,Office Supplies
US-2017-148803-0,US-2017-148803,OFF-ST-10001476,85.22,3,0.20,7.46,South,Office Supplies
CA-2017-152170-0,CA-2017-152170,OFF-EN-10002831,287.52,8,0.00,129.38,Central,Office Supplies
CA-2017-152170-1,CA-2017-152170,OFF-AP-10002350,37.68,2,0.00,10.55,Central,Office Supplies
CA-2017-152170-2,CA-2017-152170,OFF-PA-10001763,19.98,2,0.00,8.99,Central,Office Supplies
CA-2017-152170-3,CA-2017-152170,OFF-AR-10003394,20.58,7,0.00,5.56,Central,Office Supplies
CA-2017-152170-4,CA-2017-152170,OFF-BI-10002072,17.38,2,0.00,8.69,Central,Office Supplies
CA-2015-146969-0,CA-2015-146969,FUR-FU-10004188,204.60,2,0.00,53.20,West,Furniture
CA-2015-146969-1,CA-2015-146969,OFF-FA-10001561,8.72,4,0.00,2.88,West,Office Supplies
CA-2015-146969-2,CA-2015-146969,OFF-PA-10002105,6.48,1,0.00,3.11,West,Office Supplies
CA-2015-146969-3,CA-2015-146969,TEC-MA-10004241,686.32,2,0.20,223.05,West,Technology
CA-2015-146969-4,CA-2015-146969,OFF-ST-10004340,62.18,1,0.00,16.79,West,Office Supplies
CA-2016-112452-0,CA-2016-112452,OFF-AP-10003849,644.08,2,0.10,107.35,Central,Office Supplies
CA-2016-112452-1,CA-2016-112452,OFF-FA-10000735,5.84,2,0.00,2.63,Central,Office Supplies
CA-2016-112452-2,CA-2016-112452,OFF-BI-10003350,12.76,2,0.00,5.87,Central,Office Supplies
CA-2016-112452-3,CA-2016-112452,TEC-PH-10000307,10.95,1,0.00,0.44,Central,Technology
CA-2016-112452-4,CA-2016-112452,TEC-CO-10004202,599.98,2,0.00,209.99,Central,Technology
CA-2016-113971-0,CA-2016-113971,FUR-FU-10001852,8.35,6,0.20,1.25,East,Furniture
CA-2017-160395-0,CA-2017-160395,OFF-AR-10003759,3.64,2,0.00,1.64,West,Office Supplies
CA-2017-160395-1,CA-2017-160395,OFF-BI-10003984,159.77,7,0.20,53.92,West,Office Supplies
CA-2015-136567-0,CA-2015-136567,OFF-ST-10004337,122.48,2,0.00,0.00,South,Office Supplies
CA-2015-136567-1,CA-2015-136567,FUR-TA-10001932,2244.48,7,0.00,493.79,South,Furniture
CA-2015-136567-2,CA-2015-136567,OFF-BI-10003982,62.31,3,0.00,29.29,South,Office Supplies
CA-2015-136567-3,CA-2015-136567,FUR-TA-10000617,455.10,2,0.00,100.12,South,Furniture
CA-2017-149314-0,CA-2017-149314,FUR-CH-10002126,195.18,1,0.20,19.52,West,Furniture
CA-2018-147039-0,CA-2018-147039,OFF-AP-10000576,362.94,3,0.00,90.73,Central,Office Supplies
CA-2018-147039-1,CA-2018-147039,OFF-BI-10004654,11.54,2,0.00,5.77,Central,Office Supplies
CA-2015-126522-0,CA-2015-126522,OFF-AR-10004042,53.94,3,0.00,15.64,West,Office Supplies
CA-2015-127964-0,CA-2015-127964,TEC-PH-10004700,9.99,1,0.00,4.60,East,Technology
CA-2015-127964-1,CA-2015-127964,OFF-BI-10004593,125.76,3,0.20,40.87,East,Office Supplies
CA-2015-127964-2,CA-2015-127964,OFF-BI-10003429,25.32,5,0.20,9.18,East,Office Supplies
CA-2015-117709-0,CA-2015-117709,OFF-BI-10001294,46.80,4,0.00,21.06,Central,Office Supplies
CA-2016-125416-0,CA-2016-125416,TEC-AC-10001552,447.93,9,0.00,49.27,West,Technology
CA-2018-145226-0,CA-2018-145226,FUR-FU-10004952,109.48,2,0.00,33.94,East,Furniture
CA-2018-145226-1,CA-2018-145226,OFF-ST-10004123,272.94,3,0.00,0.00,East,Office Supplies
CA-2018-145226-2,CA-2018-145226,OFF-PA-10003172,19.44,3,0.00,9.33,East,Office Supplies
CA-2018-145226-3,CA-2018-145226,OFF-ST-10002352,31.92,4,0.00,8.30,East,Office Supplies
US-2015-100279-0,US-2015-100279,OFF-PA-10002259,22.38,2,0.00,10.74,Central,Office Supplies
CA-2015-158064-0,CA-2015-158064,OFF-BI-10002976,16.52,5,0.20,5.58,West,Office Supplies
US-2016-104430-0,US-2016-104430,OFF-BI-10000301,5.18,4,0.80,-7.76,Central,Office Supplies
CA-2016-132080-0,CA-2016-132080,OFF-BI-10003694,50.11,6,0.20,16.29,East,Office Supplies
CA-2017-161207-0,CA-2017-161207,OFF-SU-10000381,27.93,3,0.00,8.10,East,Office Supplies
CA-2015-120243-0,CA-2015-120243,OFF-LA-10004425,11.56,4,0.00,5.43,West,Office Supplies
CA-2017-113621-0,CA-2017-113621,FUR-CH-10001270,172.50,2,0.00,51.75,East,Furniture
CA-2017-113621-1,CA-2017-113621,TEC-PH-10003931,179.97,3,0.00,44.99,East,Technology
CA-2017-168081-0,CA-2017-168081,TEC-AC-10003174,258.70,3,0.20,64.67,Central,Technology
CA-2015-128146-0,CA-2015-128146,TEC-PH-10004539,1322.93,7,0.00,357.19,East,Technology
CA-2015-128146-1,CA-2015-128146,OFF-AR-10001919,3.76,2,0.00,1.09,East,Office Supplies
CA-2018-138779-0,CA-2018-138779,OFF-EN-10002504,21.74,1,0.20,7.34,South,Office Supplies
CA-2018-138779-1,CA-2018-138779,TEC-PH-10003655,7.92,5,0.20,0.69,South,Technology
CA-2015-127131-0,CA-2015-127131,OFF-BI-10004656,12.10,7,0.20,4.23,West,Office Supplies
CA-2015-127131-1,CA-2015-127131,OFF-ST-10002344,485.88,6,0.00,9.72,West,Office Supplies
CA-2015-127131-2,CA-2015-127131,OFF-PA-10001800,25.92,4,0.00,12.44,West,Office Supplies
CA-2015-127131-3,CA-2015-127131,OFF-ST-10000036,197.58,2,0.00,53.35,West,Office Supplies
CA-2018-117212-0,CA-2018-117212,OFF-AP-10004532,81.92,4,0.00,22.12,West,Office Supplies
CA-2018-117212-1,CA-2018-117212,TEC-PH-10004447,889.54,8,0.20,66.72,West,Technology
CA-2018-117212-2,CA-2018-117212,FUR-CH-10003973,892.22,3,0.20,89.22,West,Furniture
CA-2018-117212-3,CA-2018-117212,OFF-PA-10001970,223.92,4,0.00,109.72,West,Office Supplies
CA-2018-117212-4,CA-2018-117212,OFF-PA-10000682,23.12,4,0.00,11.33,West,Office Supplies
US-2016-130519-0,US-2016-130519,OFF-PA-10001937,15.55,3,0.20,5.44,South,Office Supplies
US-2016-130519-1,US-2016-130519,FUR-FU-10002268,15.71,4,0.20,2.55,South,Furniture
US-2016-130519-2,US-2016-130519,OFF-ST-10001321,24.67,2,0.20,2.16,South,Office Supplies
US-2016-130519-3,US-2016-130519,FUR-FU-10003394,55.97,1,0.20,-2.10,South,Furniture
CA-2017-130946-0,CA-2017-130946,TEC-AC-10001990,431.93,9,0.20,64.79,Central,Technology
CA-2017-130946-1,CA-2017-130946,FUR-CH-10004540,95.98,4,0.30,-4.11,Central,Furniture
CA-2017-130946-2,CA-2017-130946,OFF-BI-10004995,1088.79,4,0.80,-1850.95,Central,Office Supplies
CA-2017-114727-0,CA-2017-114727,FUR-CH-10002335,544.01,3,0.20,40.80,West,Furniture
CA-2017-114727-1,CA-2017-114727,OFF-BI-10004967,1.87,3,0.70,-1.44,West,Office Supplies
CA-2017-114727-2,CA-2017-114727,FUR-CH-10002331,854.35,3,0.20,10.68,West,Furniture
CA-2017-114727-3,CA-2017-114727,OFF-ST-10002292,593.57,2,0.20,0.00,West,Office Supplies
CA-2017-114727-4,CA-2017-114727,OFF-ST-10000689,338.04,3,0.20,-33.80,West,Office Supplies
CA-2018-133235-0,CA-2018-133235,TEC-PH-10002660,271.96,5,0.20,17.00,South,Technology
CA-2017-137050-0,CA-2017-137050,OFF-ST-10004634,11.21,1,0.00,3.36,East,Office Supplies
CA-2017-137050-1,CA-2017-137050,OFF-BI-10002160,9.14,3,0.20,3.20,East,Office Supplies
CA-2017-137050-2,CA-2017-137050,OFF-FA-10002988,14.07,7,0.00,6.89,East,Office Supplies
CA-2017-137050-3,CA-2017-137050,OFF-AR-10004999,41.86,7,0.00,10.46,East,Office Supplies
CA-2017-137050-4,CA-2017-137050,OFF-BI-10001031,8.54,2,0.20,2.88,East,Office Supplies
CA-2017-137050-5,CA-2017-137050,FUR-BO-10004695,579.14,4,0.20,21.72,East,Furniture
US-2018-118087-0,US-2018-118087,FUR-CH-10004860,141.37,2,0.30,-48.47,East,Furniture
US-2018-118087-1,US-2018-118087,OFF-BI-10002432,3.04,2,0.70,-2.33,East,Office Supplies
US-2018-118087-2,US-2018-118087,OFF-BI-10000069,4.50,1,0.70,-3.60,East,Office Supplies
US-2018-118087-3,US-2018-118087,OFF-AR-10003602,4.67,1,0.20,1.58,East,Office Supplies
US-2018-118087-4,US-2018-118087,TEC-AC-10004469,95.88,3,0.20,28.76,East,Technology
US-2018-118087-5,US-2018-118087,FUR-FU-10001867,17.02,2,0.20,1.70,East,Furniture
US-2018-118087-6,US-2018-118087,TEC-AC-10003174,258.70,3,0.20,64.67,East,Technology
US-2018-118087-7,US-2018-118087,TEC-PH-10002200,1931.96,7,0.40,-386.39,East,Technology
CA-2015-110184-0,CA-2015-110184,OFF-ST-10000107,249.75,9,0.00,44.95,West,Office Supplies
CA-2015-110184-1,CA-2015-110184,TEC-PH-10000439,255.94,8,0.20,28.79,West,Technology
CA-2017-126004-0,CA-2017-126004,FUR-FU-10001602,113.79,3,0.00,20.48,East,Furniture
CA-2017-126004-1,CA-2017-126004,TEC-AC-10001432,78.15,1,0.00,34.39,East,Technology
CA-2017-126004-2,CA-2017-126004,OFF-BI-10004656,1.73,1,0.20,0.60,East,Office Supplies
CA-2017-126004-3,CA-2017-126004,OFF-PA-10001685,40.56,4,0.00,19.87,East,Office Supplies
CA-2017-126004-4,CA-2017-126004,OFF-ST-10001418,182.94,3,0.00,3.66,East,Office Supplies
CA-2017-126004-5,CA-2017-126004,OFF-ST-10000676,193.86,2,0.00,11.63,East,Office Supplies
CA-2018-100013-0,CA-2018-100013,OFF-EN-10001219,15.28,2,0.00,7.49,West,Office Supplies
CA-2018-100013-1,CA-2018-100013,FUR-FU-10001424,8.73,1,0.00,2.97,West,Furniture
CA-2018-100013-2,CA-2018-100013,OFF-AR-10001022,5.68,2,0.00,1.76,West,Office Supplies
CA-2016-132570-0,CA-2016-132570,OFF-AR-10000369,2.78,2,0.00,0.72,East,Office Supplies
CA-2016-132570-1,CA-2016-132570,OFF-EN-10003055,79.96,2,0.00,35.98,East,Office Supplies
CA-2017-153682-0,CA-2017-153682,TEC-CO-10001046,839.99,2,0.40,70.00,East,Technology
CA-2017-144344-0,CA-2017-144344,FUR-FU-10000076,47.95,3,0.20,13.79,South,Furniture
CA-2017-144344-1,CA-2017-144344,OFF-BI-10003719,37.42,5,0.70,-29.94,South,Office Supplies
CA-2017-144344-2,CA-2017-144344,FUR-FU-10003268,63.97,2,0.20,0.00,South,Furniture
CA-2017-144344-3,CA-2017-144344,FUR-FU-10003553,165.05,3,0.20,41.26,South,Furniture
CA-2015-127012-0,CA-2015-127012,FUR-FU-10003691,12.35,1,0.00,5.43,West,Furniture
CA-2015-127012-1,CA-2015-127012,OFF-AR-10003903,40.97,1,0.00,10.65,West,Office Supplies
CA-2015-127012-2,CA-2015-127012,OFF-FA-10004854,22.96,2,0.00,10.79,West,Office Supplies
CA-2017-128727-0,CA-2017-128727,TEC-PH-10003442,22.00,4,0.00,5.50,East,Technology
US-2017-162859-0,US-2017-162859,OFF-BI-10004519,398.35,3,0.20,124.48,East,Office Supplies
US-2017-162859-1,US-2017-162859,OFF-FA-10000304,8.72,4,0.00,3.58,East,Office Supplies
CA-2018-133641-0,CA-2018-133641,OFF-EN-10004955,48.69,9,0.00,23.86,South,Office Supplies
CA-2015-168494-0,CA-2015-168494,FUR-TA-10004619,764.69,6,0.20,95.59,West,Furniture
CA-2015-168494-1,CA-2015-168494,FUR-TA-10003473,3610.85,12,0.20,135.41,West,Furniture
CA-2015-168494-2,CA-2015-168494,FUR-BO-10004467,254.97,3,0.15,12.00,West,Furniture
CA-2018-115602-0,CA-2018-115602,OFF-AR-10002280,38.82,6,0.00,17.47,East,Office Supplies
CA-2018-115602-1,CA-2018-115602,FUR-CH-10001708,1141.94,9,0.10,139.57,East,Furniture
CA-2018-115602-2,CA-2018-115602,OFF-AP-10000891,1704.56,13,0.00,511.37,East,Office Supplies
CA-2018-115602-3,CA-2018-115602,OFF-AR-10000462,3.20,2,0.00,1.38,East,Office Supplies
CA-2016-154956-0,CA-2016-154956,TEC-PH-10004165,1099.96,4,0.00,285.99,Central,Technology
CA-2018-144638-0,CA-2018-144638,OFF-AR-10003958,5.25,2,0.20,0.59,East,Office Supplies
CA-2018-144638-1,CA-2018-144638,TEC-PH-10000149,35.91,3,0.40,-8.38,East,Technology
CA-2018-144638-2,CA-2018-144638,FUR-FU-10003724,6.70,1,0.20,0.50,East,Furniture
CA-2018-144638-3,CA-2018-144638,FUR-FU-10003535,43.87,2,0.20,11.52,East,Furniture
US-2017-168620-0,US-2017-168620,OFF-BI-10001575,27.88,3,0.70,-20.45,South,Office Supplies
US-2017-168620-1,US-2017-168620,OFF-ST-10003716,540.05,3,0.20,-47.25,South,Office Supplies
US-2017-168620-2,US-2017-168620,TEC-AC-10004469,255.68,8,0.20,76.70,South,Technology
CA-2018-117079-0,CA-2018-117079,TEC-PH-10004586,863.88,3,0.20,107.98,South,Technology
US-2017-144393-0,US-2017-144393,OFF-BI-10004236,17.62,4,0.70,-14.09,South,Office Supplies
CA-2018-105053-0,CA-2018-105053,OFF-BI-10001634,17.47,3,0.20,6.33,East,Office Supplies
CA-2017-155992-0,CA-2017-155992,TEC-PH-10000215,69.90,2,0.00,18.87,Central,Technology
CA-2017-155992-1,CA-2017-155992,FUR-FU-10003724,41.85,5,0.00,10.88,Central,Furniture
CA-2018-110380-0,CA-2018-110380,OFF-AR-10000422,6.57,3,0.00,1.77,West,Office Supplies
US-2015-167738-0,US-2015-167738,OFF-ST-10003306,142.86,1,0.00,41.43,West,Office Supplies
US-2015-167738-1,US-2015-167738,FUR-CH-10001146,292.27,6,0.20,18.27,West,Furniture
CA-2018-121412-0,CA-2018-121412,FUR-FU-10000246,29.33,3,0.20,3.67,West,Furniture
CA-2018-100426-0,CA-2018-100426,OFF-PA-10002870,12.48,2,0.00,5.62,South,Office Supplies
US-2017-103646-0,US-2017-103646,OFF-ST-10000563,102.34,4,0.20,-12.79,Central,Office Supplies
US-2017-103646-1,US-2017-103646,OFF-AP-10004487,48.79,3,0.80,-126.86,Central,Office Supplies
US-2017-103646-2,US-2017-103646,OFF-BI-10002854,44.85,8,0.80,-67.27,Central,Office Supplies
CA-2017-119186-0,CA-2017-119186,OFF-PA-10004621,10.37,2,0.20,3.63,Central,Office Supplies
CA-2017-119186-1,CA-2017-119186,FUR-CH-10001973,388.43,5,0.30,-88.78,Central,Furniture
CA-2017-119186-2,CA-2017-119186,OFF-PA-10004040,14.35,3,0.20,5.20,Central,Office Supplies
CA-2017-119186-3,CA-2017-119186,TEC-AC-10000580,63.99,1,0.20,-7.20,Central,Technology
CA-2017-148698-0,CA-2017-148698,OFF-AR-10004022,86.35,3,0.20,5.40,Central,Office Supplies
CA-2015-163293-0,CA-2015-163293,TEC-AC-10004209,32.97,3,0.00,12.86,South,Technology
CA-2015-163293-1,CA-2015-163293,TEC-AC-10000023,83.88,4,0.00,30.20,South,Technology
CA-2017-160815-0,CA-2017-160815,TEC-PH-10003505,278.40,3,0.00,80.74,Central,Technology
CA-2018-122154-0,CA-2018-122154,OFF-LA-10000121,15.12,3,0.20,4.91,South,Office Supplies
CA-2018-122154-1,CA-2018-122154,OFF-BI-10002026,17.43,1,0.70,-13.36,South,Office Supplies
CA-2018-122154-2,CA-2018-122154,OFF-PA-10000994,251.64,3,0.20,88.07,South,Office Supplies
US-2016-149692-0,US-2016-149692,OFF-BI-10002813,2.77,7,0.80,-4.85,Central,Office Supplies
CA-2017-119445-0,CA-2017-119445,OFF-ST-10000617,14.90,5,0.00,1.04,East,Office Supplies
CA-2016-124268-0,CA-2016-124268,OFF-AR-10004817,15.48,3,0.00,4.49,East,Office Supplies
CA-2017-154711-0,CA-2017-154711,FUR-FU-10000397,39.88,2,0.00,11.17,East,Furniture
CA-2017-154711-1,CA-2017-154711,OFF-BI-10000605,12.19,4,0.20,4.11,East,Office Supplies
CA-2017-154711-2,CA-2017-154711,OFF-AR-10001860,20.82,3,0.00,7.50,East,Office Supplies
CA-2017-163384-0,CA-2017-163384,OFF-BI-10004970,13.22,4,0.20,4.46,West,Office Supplies
CA-2017-163384-1,CA-2017-163384,OFF-PA-10003172,32.40,5,0.00,15.55,West,Office Supplies
CA-2016-101707-0,CA-2016-101707,OFF-SU-10001218,32.94,3,0.00,9.22,West,Office Supplies
CA-2016-101707-1,CA-2016-101707,OFF-PA-10002968,114.20,5,0.00,52.53,West,Office Supplies
CA-2016-101707-2,CA-2016-101707,OFF-LA-10000134,3.08,1,0.00,1.48,West,Office Supplies
CA-2016-138898-0,CA-2016-138898,OFF-AP-10004487,845.73,13,0.20,84.57,West,Office Supplies
CA-2018-115427-0,CA-2018-115427,OFF-BI-10002103,13.90,2,0.20,4.52,West,Office Supplies
CA-2018-115427-1,CA-2018-115427,OFF-BI-10004632,20.72,2,0.20,6.47,West,Office Supplies
CA-2017-134425-0,CA-2017-134425,TEC-PH-10003555,114.95,5,0.00,2.30,Central,Technology
CA-2016-121391-0,CA-2016-121391,OFF-ST-10001590,26.96,2,0.00,7.01,West,Office Supplies
CA-2017-137043-0,CA-2017-137043,FUR-FU-10003664,572.76,6,0.00,166.10,South,Furniture
CA-2017-137043-1,CA-2017-137043,FUR-FU-10003664,286.38,3,0.00,83.05,South,Furniture
CA-2016-115847-0,CA-2016-115847,FUR-BO-10003433,61.96,2,0.00,4.34,South,Furniture
US-2018-126179-0,US-2018-126179,FUR-FU-10002554,23.99,1,0.00,5.52,South,Furniture
US-2018-126179-1,US-2018-126179,TEC-PH-10001557,287.97,3,0.00,77.75,South,Technology
CA-2017-101966-0,CA-2017-101966,TEC-PH-10003437,419.94,7,0.20,52.49,Central,Technology
CA-2017-141397-0,CA-2017-141397,OFF-PA-10002986,46.76,7,0.00,22.44,West,Office Supplies
CA-2017-141397-1,CA-2017-141397,OFF-BI-10000320,17.71,3,0.20,6.42,West,Office Supplies
CA-2017-141397-2,CA-2017-141397,OFF-AP-10003971,21.78,2,0.00,5.66,West,Office Supplies
CA-2017-141397-3,CA-2017-141397,OFF-ST-10001469,161.94,3,0.00,9.72,West,Office Supplies
CA-2017-141397-4,CA-2017-141397,FUR-CH-10003846,161.57,2,0.20,-8.08,West,Furniture
CA-2017-141082-0,CA-2017-141082,OFF-LA-10001404,3.69,1,0.00,1.73,East,Office Supplies
CA-2017-141082-1,CA-2017-141082,OFF-LA-10001474,122.12,4,0.00,56.18,East,Office Supplies
US-2017-134488-0,US-2017-134488,FUR-CH-10003199,155.37,2,0.30,-13.32,East,Furniture
CA-2017-145919-0,CA-2017-145919,OFF-PA-10003072,38.88,6,0.00,18.66,West,Office Supplies
CA-2017-145919-1,CA-2017-145919,FUR-FU-10004960,183.84,8,0.00,62.51,West,Furniture
CA-2017-145919-2,CA-2017-145919,OFF-SU-10003505,579.30,5,0.00,28.96,West,Office Supplies
CA-2018-157651-0,CA-2018-157651,TEC-AC-10003116,14.20,1,0.20,3.37,East,Technology
CA-2015-160773-0,CA-2015-160773,TEC-PH-10004586,575.92,2,0.20,71.99,South,Technology
CA-2015-160773-1,CA-2015-160773,OFF-BI-10000546,5.18,6,0.70,-3.63,South,Office Supplies
CA-2018-167703-0,CA-2018-167703,OFF-BI-10002071,5.23,3,0.70,-4.18,East,Office Supplies
CA-2018-167703-1,CA-2018-167703,OFF-ST-10001490,285.55,2,0.20,35.69,East,Office Supplies
CA-2018-121804-0,CA-2018-121804,OFF-AP-10004859,72.80,5,0.00,19.66,South,Office Supplies
CA-2018-162635-0,CA-2018-162635,OFF-PA-10002659,10.82,4,0.20,3.52,South,Office Supplies
CA-2015-107153-0,CA-2015-107153,OFF-ST-10001321,46.26,3,0.00,12.49,East,Office Supplies
US-2015-117058-0,US-2015-117058,OFF-BI-10004139,17.46,6,0.80,-30.55,Central,Office Supplies
CA-2016-120439-0,CA-2016-120439,FUR-FU-10001867,51.07,6,0.20,5.11,East,Furniture
CA-2017-128258-0,CA-2017-128258,OFF-PA-10004156,11.34,1,0.00,5.56,East,Office Supplies
CA-2018-106033-0,CA-2018-106033,OFF-AR-10002818,87.92,4,0.00,26.38,West,Office Supplies
CA-2017-142762-0,CA-2017-142762,FUR-FU-10003691,37.05,3,0.00,16.30,West,Furniture
CA-2018-127705-0,CA-2018-127705,TEC-PH-10000347,2.97,1,0.40,-0.64,East,Technology
CA-2018-127705-1,CA-2018-127705,OFF-ST-10004507,27.44,2,0.20,2.40,East,Office Supplies
CA-2015-122567-0,CA-2015-122567,OFF-BI-10002012,1.08,3,0.80,-1.73,Central,Office Supplies
CA-2015-122567-1,CA-2015-122567,OFF-AP-10001303,7.96,2,0.80,-13.93,Central,Office Supplies
CA-2015-121664-0,CA-2015-121664,OFF-BI-10003684,140.74,8,0.20,52.78,West,Office Supplies
CA-2017-122133-0,CA-2017-122133,OFF-ST-10002574,552.56,4,0.00,0.00,East,Office Supplies
US-2018-123281-0,US-2018-123281,FUR-FU-10003724,25.11,3,0.00,6.53,West,Furniture
CA-2018-100524-0,CA-2018-100524,FUR-FU-10004018,29.78,2,0.00,8.04,East,Furniture
CA-2018-100524-1,CA-2018-100524,TEC-PH-10002549,677.58,3,0.00,176.17,East,Technology
CA-2018-100524-2,CA-2018-100524,OFF-PA-10004911,75.04,8,0.00,36.02,East,Office Supplies
CA-2018-113481-0,CA-2018-113481,TEC-MA-10002178,695.70,2,0.50,-27.83,South,Technology
CA-2018-113481-1,CA-2018-113481,OFF-BI-10003694,15.66,5,0.70,-12.53,South,Office Supplies
CA-2018-113481-2,CA-2018-113481,OFF-BI-10000474,28.85,6,0.70,-21.16,South,Office Supplies
CA-2016-131758-0,CA-2016-131758,OFF-AR-10000411,47.82,3,0.00,14.35,East,Office Supplies
CA-2016-131758-1,CA-2016-131758,OFF-LA-10000262,13.05,5,0.00,6.00,East,Office Supplies
CA-2015-118339-0,CA-2015-118339,OFF-AP-10001154,93.78,2,0.00,36.57,Central,Office Supplies
CA-2015-118339-1,CA-2015-118339,OFF-PA-10000466,47.18,7,0.00,23.59,Central,Office Supplies
CA-2015-118339-2,CA-2015-118339,OFF-AR-10003829,19.68,6,0.00,5.71,Central,Office Supplies
CA-2015-118339-3,CA-2015-118339,OFF-BI-10001758,53.40,10,0.00,25.10,Central,Office Supplies
CA-2015-118339-4,CA-2015-118339,OFF-BI-10000136,35.88,6,0.00,17.22,Central,Office Supplies
CA-2015-153976-0,CA-2015-153976,FUR-CH-10002880,258.28,3,0.30,-70.10,Central,Furniture
CA-2017-162901-0,CA-2017-162901,OFF-ST-10000649,31.40,2,0.00,7.85,South,Office Supplies
CA-2018-162978-0,CA-2018-162978,TEC-PH-10003092,183.96,5,0.20,20.70,West,Technology
CA-2018-162978-1,CA-2018-162978,OFF-PA-10002250,17.61,3,0.00,8.45,West,Office Supplies
CA-2018-162978-2,CA-2018-162978,FUR-TA-10003473,300.90,1,0.20,11.28,West,Furniture
US-2015-160444-0,US-2015-160444,OFF-ST-10001522,220.78,3,0.20,-44.16,Central,Office Supplies
US-2015-160444-1,US-2015-160444,OFF-ST-10000563,281.42,11,0.20,-35.18,Central,Office Supplies
CA-2017-145247-0,CA-2017-145247,OFF-PA-10003641,79.14,3,0.00,36.40,South,Office Supplies
CA-2018-160045-0,CA-2018-160045,FUR-FU-10000010,1.99,1,0.60,-1.44,Central,Furniture
US-2015-151925-0,US-2015-151925,FUR-CH-10002961,145.57,2,0.20,0.00,West,Furniture
CA-2018-125199-0,CA-2018-125199,OFF-AR-10002956,123.26,7,0.20,9.24,East,Office Supplies
CA-2018-125199-1,CA-2018-125199,OFF-PA-10004041,23.68,4,0.20,7.40,East,Office Supplies
CA-2018-125199-2,CA-2018-125199,TEC-PH-10001336,309.58,4,0.40,-56.76,East,Technology
US-2018-155425-0,US-2018-155425,OFF-BI-10001036,38.39,14,0.70,-25.59,West,Office Supplies
US-2018-155425-1,US-2018-155425,TEC-MA-10003183,95.99,2,0.70,-64.00,West,Technology
US-2018-155425-2,US-2018-155425,TEC-AC-10001314,239.95,6,0.20,-35.99,West,Technology
US-2018-155425-3,US-2018-155425,TEC-PH-10002563,201.58,2,0.20,15.12,West,Technology
US-2018-155425-4,US-2018-155425,FUR-CH-10003312,899.14,4,0.20,-146.11,West,Furniture
CA-2018-133249-0,CA-2018-133249,FUR-FU-10001588,145.90,5,0.00,62.74,West,Furniture
US-2016-103471-0,US-2016-103471,FUR-BO-10002613,590.06,7,0.70,-786.74,West,Furniture
US-2016-103471-1,US-2016-103471,OFF-AR-10003405,14.04,3,0.20,1.58,West,Office Supplies
CA-2018-136672-0,CA-2018-136672,TEC-AC-10004510,49.08,3,0.00,4.91,East,Technology
US-2015-157021-0,US-2015-157021,OFF-LA-10002312,29.60,2,0.00,14.80,West,Office Supplies
US-2015-157021-1,US-2015-157021,OFF-BI-10000042,17.09,4,0.20,5.55,West,Office Supplies
CA-2016-120362-0,CA-2016-120362,FUR-TA-10003008,912.75,5,0.00,118.66,West,Furniture
CA-2015-126361-0,CA-2015-126361,OFF-AP-10003590,1089.75,3,0.00,305.13,West,Office Supplies
CA-2015-126361-1,CA-2015-126361,OFF-PA-10000806,447.84,8,0.00,219.44,West,Office Supplies
CA-2015-126361-2,CA-2015-126361,OFF-AR-10000896,16.40,5,0.00,4.26,West,Office Supplies
CA-2015-126361-3,CA-2015-126361,TEC-PH-10002310,399.96,5,0.20,35.00,West,Technology
CA-2015-126361-4,CA-2015-126361,OFF-ST-10002289,158.90,5,0.00,7.95,West,Office Supplies
CA-2015-126361-5,CA-2015-126361,OFF-BI-10002852,13.18,1,0.20,4.78,West,Office Supplies
US-2017-100566-0,US-2017-100566,FUR-FU-10003394,83.95,3,0.60,-90.25,Central,Furniture
US-2017-108504-0,US-2017-108504,OFF-ST-10002344,80.98,1,0.00,1.62,South,Office Supplies
US-2017-108504-1,US-2017-108504,OFF-PA-10001289,348.84,9,0.00,170.93,South,Office Supplies
US-2017-108504-2,US-2017-108504,OFF-FA-10000053,9.45,5,0.00,0.19,South,Office Supplies
US-2017-108504-3,US-2017-108504,FUR-FU-10004091,18.84,3,0.00,7.16,South,Furniture
US-2017-108504-4,US-2017-108504,FUR-BO-10004015,239.98,2,0.00,52.80,South,Furniture
US-2017-108504-5,US-2017-108504,OFF-EN-10003001,167.96,2,0.00,78.94,South,Office Supplies
US-2017-108504-6,US-2017-108504,TEC-PH-10000215,104.85,3,0.00,28.31,South,Technology
US-2017-108504-7,US-2017-108504,TEC-PH-10003645,484.83,3,0.00,126.06,South,Technology
US-2017-108504-8,US-2017-108504,OFF-PA-10000357,122.97,3,0.00,60.26,South,Office Supplies
US-2017-108504-9,US-2017-108504,OFF-ST-10004804,154.44,3,0.00,1.54,South,Office Supplies
US-2017-108504-10,US-2017-108504,OFF-PA-10003892,342.37,7,0.00,160.91,South,Office Supplies
CA-2018-124828-0,CA-2018-124828,OFF-AR-10003514,9.55,3,0.20,1.55,South,Office Supplies
US-2018-117247-0,US-2018-117247,FUR-TA-10002958,652.45,5,0.50,-430.62,Central,Furniture
US-2018-117247-1,US-2018-117247,FUR-TA-10001676,66.64,3,0.50,-42.65,Central,Furniture
CA-2017-124485-0,CA-2017-124485,OFF-BI-10000822,17.22,4,0.20,6.03,East,Office Supplies
CA-2017-124485-1,CA-2017-124485,OFF-PA-10004971,11.56,2,0.00,5.66,East,Office Supplies
CA-2017-124485-2,CA-2017-124485,TEC-AC-10002323,88.40,4,0.00,11.49,East,Technology
CA-2017-124485-3,CA-2017-124485,OFF-PA-10004888,6.48,1,0.00,3.11,East,Office Supplies
CA-2017-159212-0,CA-2017-159212,TEC-PH-10003988,21.80,2,0.00,6.10,South,Technology
CA-2017-159212-1,CA-2017-159212,OFF-EN-10002230,251.79,3,0.00,118.34,South,Office Supplies
US-2017-161396-0,US-2017-161396,FUR-TA-10002622,205.18,2,0.40,-58.13,East,Furniture
US-2017-161396-1,US-2017-161396,OFF-PA-10000418,419.40,5,0.20,146.79,East,Office Supplies
US-2015-118486-0,US-2015-118486,OFF-SU-10004498,10.30,1,0.20,-2.19,East,Office Supplies
US-2015-118486-1,US-2015-118486,FUR-TA-10001039,154.76,3,0.40,-36.11,East,Furniture
US-2015-118486-2,US-2015-118486,TEC-AC-10004659,116.78,2,0.20,21.90,East,Technology
CA-2017-130407-0,CA-2017-130407,OFF-AR-10002240,75.48,2,0.00,19.62,East,Office Supplies
CA-2017-130407-1,CA-2017-130407,FUR-FU-10001967,39.98,2,0.00,9.99,East,Furniture
US-2017-122245-0,US-2017-122245,FUR-TA-10002356,393.17,3,0.50,-204.45,West,Furniture
CA-2018-105144-0,CA-2018-105144,OFF-LA-10003923,23.68,2,0.20,8.88,Central,Office Supplies
CA-2017-136329-0,CA-2017-136329,FUR-CH-10002335,408.01,2,0.10,72.53,East,Furniture
CA-2017-136329-1,CA-2017-136329,FUR-FU-10000723,165.28,4,0.00,14.88,East,Furniture
CA-2015-146640-0,CA-2015-146640,OFF-BI-10002867,334.77,7,0.20,108.80,East,Office Supplies
CA-2018-115994-0,CA-2018-115994,TEC-AC-10000580,239.97,3,0.00,26.40,West,Technology
CA-2018-115994-1,CA-2018-115994,FUR-FU-10003976,37.74,3,0.00,12.83,West,Furniture
CA-2016-126697-0,CA-2016-126697,TEC-PH-10002922,946.34,7,0.20,118.29,Central,Technology
CA-2016-126697-1,CA-2016-126697,TEC-AC-10004353,151.20,3,0.20,32.13,Central,Technology
CA-2016-126697-2,CA-2016-126697,FUR-FU-10001706,4.93,4,0.60,-1.48,Central,Furniture
CA-2016-124800-0,CA-2016-124800,OFF-PA-10000501,86.27,4,0.20,31.27,West,Office Supplies
CA-2016-124800-1,CA-2016-124800,OFF-BI-10000778,72.59,2,0.70,-48.39,West,Office Supplies
CA-2016-124800-2,CA-2016-124800,OFF-AP-10004980,60.67,2,0.20,14.41,West,Office Supplies
CA-2016-124800-3,CA-2016-124800,OFF-BI-10003984,77.03,9,0.70,-59.06,West,Office Supplies
CA-2016-124800-4,CA-2016-124800,OFF-ST-10000798,119.90,6,0.20,-1.50,West,Office Supplies
CA-2016-124800-5,CA-2016-124800,TEC-PH-10001750,263.96,5,0.20,23.10,West,Technology
CA-2016-124800-6,CA-2016-124800,OFF-ST-10002743,363.65,4,0.20,-86.37,West,Office Supplies
US-2016-164448-0,US-2016-164448,OFF-BI-10002949,9.73,2,0.20,3.28,West,Office Supplies
US-2016-164448-1,US-2016-164448,OFF-EN-10002600,14.75,5,0.00,7.08,West,Office Supplies
US-2016-164448-2,US-2016-164448,OFF-BI-10003708,29.80,5,0.20,9.31,West,Office Supplies
US-2016-164448-3,US-2016-164448,OFF-LA-10003510,427.42,14,0.00,196.61,West,Office Supplies
CA-2018-122700-0,CA-2018-122700,TEC-PH-10003092,220.75,8,0.40,-40.47,East,Technology
CA-2015-120768-0,CA-2015-120768,OFF-BI-10001191,152.76,6,0.00,74.85,South,Office Supplies
CA-2015-120768-1,CA-2015-120768,OFF-SU-10004115,7.27,1,0.00,1.96,South,Office Supplies
CA-2015-120768-2,CA-2015-120768,FUR-CH-10000513,1819.86,14,0.00,163.79,South,Furniture
US-2017-153129-0,US-2017-153129,OFF-PA-10003673,33.90,5,0.00,15.59,West,Office Supplies
CA-2018-106852-0,CA-2018-106852,OFF-PA-10001639,31.10,6,0.20,10.89,East,Office Supplies
CA-2018-106852-1,CA-2018-106852,OFF-AR-10003829,5.25,2,0.20,0.59,East,Office Supplies
CA-2016-139731-0,CA-2016-139731,TEC-AC-10004975,263.88,3,0.20,42.88,Central,Technology
CA-2016-139731-1,CA-2016-139731,FUR-CH-10002024,2453.43,5,0.30,-350.49,Central,Furniture
CA-2018-122735-0,CA-2018-122735,OFF-BI-10004364,29.70,5,0.00,13.37,East,Office Supplies
CA-2018-122735-1,CA-2018-122735,OFF-PA-10001712,39.96,4,0.00,17.98,East,Office Supplies
CA-2018-128160-0,CA-2018-128160,OFF-BI-10001510,36.67,2,0.20,11.46,West,Office Supplies
CA-2018-117695-0,CA-2018-117695,OFF-PA-10002713,13.76,2,0.00,6.33,South,Office Supplies
CA-2016-166135-0,CA-2016-166135,OFF-ST-10002974,139.42,4,0.20,17.43,West,Office Supplies
CA-2017-133725-0,CA-2017-133725,TEC-PH-10004165,1979.93,9,0.20,148.49,Central,Technology
CA-2018-102337-0,CA-2018-102337,OFF-ST-10004804,164.74,4,0.20,-39.12,Central,Office Supplies
CA-2018-102337-1,CA-2018-102337,FUR-CH-10004289,470.30,7,0.30,-87.34,Central,Furniture
CA-2018-102337-2,CA-2018-102337,TEC-PH-10002564,47.98,2,0.20,6.00,Central,Technology
US-2015-112564-0,US-2015-112564,OFF-BI-10004876,2.50,3,0.70,-1.75,East,Office Supplies
CA-2016-145821-0,CA-2016-145821,TEC-PH-10004348,88.75,3,0.20,11.09,West,Technology
US-2016-160150-0,US-2016-160150,OFF-BI-10004352,2.02,1,0.70,-1.35,West,Office Supplies
CA-2017-133711-0,CA-2017-133711,OFF-PA-10001685,70.98,7,0.00,34.78,South,Office Supplies
CA-2017-133711-1,CA-2017-133711,OFF-BI-10000666,91.68,3,0.00,45.84,South,Office Supplies
CA-2017-133711-2,CA-2017-133711,OFF-BI-10004352,33.75,5,0.00,16.88,South,Office Supplies
CA-2017-133711-3,CA-2017-133711,TEC-MA-10000010,3040.00,8,0.00,1459.20,South,Technology
CA-2018-148474-0,CA-2018-148474,OFF-BI-10000977,91.20,3,0.00,41.95,South,Office Supplies
CA-2018-148474-1,CA-2018-148474,FUR-TA-10002530,452.94,3,0.00,67.94,South,Furniture
CA-2016-111297-0,CA-2016-111297,OFF-BI-10002412,52.20,9,0.00,23.49,East,Office Supplies
CA-2017-123722-0,CA-2017-123722,OFF-LA-10001569,15.94,4,0.20,5.18,Central,Office Supplies
CA-2015-155271-0,CA-2015-155271,FUR-FU-10001473,27.46,2,0.00,9.89,East,Furniture
CA-2016-119907-0,CA-2016-119907,OFF-BI-10001765,55.42,2,0.20,19.40,West,Office Supplies
US-2017-128902-0,US-2017-128902,FUR-TA-10001095,244.01,2,0.30,-31.37,East,Furniture
CA-2017-152289-0,CA-2017-152289,TEC-AC-10004571,159.98,2,0.20,44.00,Central,Technology
CA-2017-152289-1,CA-2017-152289,FUR-CH-10002126,1024.72,6,0.30,-29.28,Central,Furniture
US-2017-104794-0,US-2017-104794,OFF-FA-10001754,3.68,2,0.00,1.80,East,Office Supplies
CA-2015-151708-0,CA-2015-151708,FUR-FU-10001602,121.38,4,0.20,-3.03,West,Furniture
CA-2015-151708-1,CA-2015-151708,TEC-AC-10001767,95.98,3,0.20,-10.80,West,Technology
CA-2016-100769-0,CA-2016-100769,TEC-AC-10002402,255.97,4,0.20,32.00,South,Technology
CA-2018-139199-0,CA-2018-139199,FUR-CH-10000847,872.94,3,0.00,226.96,Central,Furniture
CA-2018-139199-1,CA-2018-139199,OFF-BI-10003982,41.54,2,0.00,19.52,Central,Office Supplies
CA-2018-139199-2,CA-2018-139199,OFF-PA-10001293,12.96,2,0.00,6.22,Central,Office Supplies
US-2016-161466-0,US-2016-161466,OFF-AR-10000634,6.85,2,0.20,0.60,East,Office Supplies
CA-2018-164959-0,CA-2018-164959,OFF-LA-10004272,8.67,3,0.00,4.07,West,Office Supplies
US-2016-105676-0,US-2016-105676,FUR-FU-10004270,6.69,4,0.60,-4.01,Central,Furniture
CA-2017-113138-0,CA-2017-113138,OFF-AR-10003770,17.28,6,0.00,5.01,East,Office Supplies
CA-2017-113138-1,CA-2017-113138,OFF-BI-10000320,17.71,3,0.20,6.42,East,Office Supplies
US-2018-104955-0,US-2018-104955,OFF-LA-10003121,28.91,7,0.00,13.30,East,Office Supplies
CA-2017-121958-0,CA-2017-121958,OFF-SU-10000381,52.14,7,0.20,5.87,South,Office Supplies
CA-2018-121468-0,CA-2018-121468,TEC-PH-10000376,31.97,4,0.20,2.40,West,Technology
US-2017-108455-0,US-2017-108455,OFF-PA-10002262,25.92,4,0.00,12.44,West,Office Supplies
US-2017-108455-1,US-2017-108455,OFF-PA-10002464,40.46,7,0.00,19.83,West,Office Supplies
US-2017-108455-2,US-2017-108455,OFF-ST-10002214,33.87,3,0.00,8.81,West,Office Supplies
CA-2018-101210-0,CA-2018-101210,OFF-AR-10003560,9.73,2,0.20,1.70,South,Office Supplies
CA-2018-101210-1,CA-2018-101210,OFF-PA-10000130,3.42,1,0.20,1.07,South,Office Supplies
US-2017-108098-0,US-2017-108098,TEC-AC-10000865,177.00,3,0.00,30.09,West,Technology
CA-2015-119032-0,CA-2015-119032,OFF-FA-10003021,3.76,2,0.00,1.32,East,Office Supplies
CA-2016-140410-0,CA-2016-140410,TEC-PH-10003580,1212.85,7,0.20,106.12,West,Technology
CA-2016-140410-1,CA-2016-140410,TEC-AC-10001109,89.97,3,0.00,37.79,West,Technology
CA-2016-140410-2,CA-2016-140410,FUR-FU-10003347,42.60,3,0.00,16.61,West,Furniture
CA-2015-136280-0,CA-2015-136280,OFF-LA-10000452,5.04,2,0.20,1.76,East,Office Supplies
CA-2018-151911-0,CA-2018-151911,OFF-EN-10002986,62.96,4,0.00,28.33,East,Office Supplies
CA-2018-166436-0,CA-2018-166436,OFF-PA-10001838,5.88,1,0.00,2.88,East,Office Supplies
CA-2018-166436-1,CA-2018-166436,FUR-CH-10000785,977.29,6,0.10,173.74,East,Furniture
CA-2018-139661-0,CA-2018-139661,FUR-FU-10002885,9.64,2,0.00,3.66,West,Furniture
CA-2015-123925-0,CA-2015-123925,OFF-AR-10002952,40.05,3,0.00,11.21,South,Office Supplies
CA-2018-152485-0,CA-2018-152485,OFF-AR-10003759,10.19,7,0.20,3.19,Central,Office Supplies
CA-2018-152485-1,CA-2018-152485,OFF-ST-10004950,16.78,1,0.20,-0.21,Central,Office Supplies
CA-2018-152485-2,CA-2018-152485,OFF-AR-10001940,13.12,5,0.20,3.77,Central,Office Supplies
CA-2017-141586-0,CA-2017-141586,OFF-BI-10003981,18.16,5,0.20,6.58,West,Office Supplies
CA-2018-130386-0,CA-2018-130386,OFF-PA-10002749,16.06,3,0.20,5.82,Central,Office Supplies
CA-2018-130386-1,CA-2018-130386,OFF-PA-10003823,223.06,9,0.20,69.70,Central,Office Supplies
CA-2018-130386-2,CA-2018-130386,OFF-ST-10003716,540.05,3,0.20,-47.25,Central,Office Supplies
CA-2017-100468-0,CA-2017-100468,TEC-PH-10001300,33.52,2,0.20,3.35,West,Technology
CA-2017-100468-1,CA-2017-100468,FUR-FU-10000010,9.94,2,0.00,3.08,West,Furniture
CA-2016-153388-0,CA-2016-153388,OFF-AR-10001868,6.72,4,0.00,3.36,West,Office Supplies
CA-2016-153388-1,CA-2016-153388,FUR-TA-10003715,1004.98,6,0.20,-175.87,West,Furniture
CA-2018-154935-0,CA-2018-154935,OFF-BI-10003708,17.88,3,0.20,5.59,East,Office Supplies
CA-2017-134208-0,CA-2017-134208,TEC-MA-10004458,396.00,4,0.00,190.08,South,Technology
CA-2018-108294-0,CA-2018-108294,OFF-BI-10004965,34.50,3,0.00,15.53,Central,Office Supplies
CA-2018-103611-0,CA-2018-103611,FUR-FU-10004270,8.36,2,0.00,3.01,West,Furniture
CA-2018-100384-0,CA-2018-100384,OFF-AR-10002135,385.60,8,0.00,111.82,West,Office Supplies
CA-2018-100384-1,CA-2018-100384,OFF-AR-10003514,35.82,9,0.00,11.82,West,Office Supplies
CA-2018-112809-0,CA-2018-112809,OFF-ST-10002276,200.06,3,0.20,12.50,Central,Office Supplies
CA-2018-112809-1,CA-2018-112809,OFF-BI-10001098,21.38,5,0.80,-33.14,Central,Office Supplies
CA-2018-112809-2,CA-2018-112809,OFF-BI-10001636,6.74,4,0.80,-11.46,Central,Office Supplies
US-2018-160759-0,US-2018-160759,FUR-CH-10002961,63.69,1,0.30,-9.10,East,Furniture
CA-2018-148446-0,CA-2018-148446,FUR-TA-10004256,1669.60,4,0.00,116.87,West,Furniture
CA-2015-111059-0,CA-2015-111059,OFF-BI-10004593,83.84,2,0.20,27.25,West,Office Supplies
CA-2015-111059-1,CA-2015-111059,OFF-BI-10002827,13.27,3,0.20,4.31,West,Office Supplies
CA-2018-116204-0,CA-2018-116204,OFF-BI-10001759,21.34,7,0.20,7.73,West,Office Supplies
CA-2018-109946-0,CA-2018-109946,OFF-AR-10001419,16.52,5,0.20,2.06,Central,Office Supplies
CA-2016-144806-0,CA-2016-144806,FUR-FU-10002253,206.11,6,0.20,48.95,West,Furniture
CA-2016-144806-1,CA-2016-144806,OFF-PA-10002586,19.92,5,0.20,6.72,West,Office Supplies
CA-2016-144806-2,CA-2016-144806,OFF-PA-10003039,198.27,8,0.20,61.96,West,Office Supplies
CA-2016-144806-3,CA-2016-144806,OFF-ST-10004804,247.10,6,0.20,-58.69,West,Office Supplies
CA-2016-144806-4,CA-2016-144806,OFF-AR-10004042,86.30,6,0.20,9.71,West,Office Supplies
CA-2017-122392-0,CA-2017-122392,OFF-AR-10002221,4.16,2,0.20,0.36,East,Office Supplies
CA-2017-122392-1,CA-2017-122392,FUR-FU-10002456,11.65,2,0.20,3.35,East,Furniture
CA-2016-148432-0,CA-2016-148432,OFF-FA-10004968,26.18,7,0.00,0.52,East,Office Supplies
CA-2016-148432-1,CA-2016-148432,OFF-PA-10001274,7.30,2,0.00,3.43,East,Office Supplies
CA-2016-103793-0,CA-2016-103793,OFF-PA-10001125,74.35,3,0.20,23.23,South,Office Supplies
CA-2018-159884-0,CA-2018-159884,OFF-ST-10000344,10.74,1,0.20,0.81,West,Office Supplies
CA-2018-159884-1,CA-2018-159884,OFF-FA-10000585,8.38,3,0.20,2.72,West,Office Supplies
CA-2017-139885-0,CA-2017-139885,OFF-ST-10003324,212.88,6,0.00,0.00,East,Office Supplies
CA-2018-124086-0,CA-2018-124086,FUR-BO-10004015,203.98,2,0.15,16.80,West,Furniture
CA-2017-112389-0,CA-2017-112389,OFF-ST-10000419,40.74,3,0.00,0.41,East,Office Supplies
CA-2017-112389-1,CA-2017-112389,OFF-AP-10001626,11.67,3,0.00,3.03,East,Office Supplies
CA-2018-121888-0,CA-2018-121888,TEC-PH-10000439,39.99,1,0.00,11.60,East,Technology
CA-2018-121888-1,CA-2018-121888,OFF-AR-10003478,16.28,2,0.00,6.51,East,Office Supplies
CA-2018-121888-2,CA-2018-121888,FUR-BO-10002545,782.94,3,0.00,203.56,East,Furniture
CA-2018-121888-3,CA-2018-121888,OFF-BI-10001765,242.48,7,0.00,116.39,East,Office Supplies
CA-2015-166884-0,CA-2015-166884,FUR-FU-10003981,8.32,5,0.20,2.29,East,Furniture
CA-2015-166884-1,CA-2015-166884,OFF-FA-10001561,10.46,6,0.20,1.70,East,Office Supplies
CA-2015-107181-0,CA-2015-107181,OFF-BI-10004230,82.90,3,0.20,29.01,West,Office Supplies
CA-2015-107181-1,CA-2015-107181,OFF-PA-10000350,34.24,4,0.00,16.09,West,Office Supplies
CA-2015-150245-0,CA-2015-150245,FUR-BO-10002613,1573.49,7,0.20,196.69,East,Furniture
CA-2016-111395-0,CA-2016-111395,OFF-PA-10000994,335.52,4,0.20,117.43,Central,Office Supplies
CA-2016-111395-1,CA-2016-111395,OFF-BI-10002867,23.91,2,0.80,-40.65,Central,Office Supplies
CA-2016-111395-2,CA-2016-111395,OFF-ST-10001291,27.06,2,0.20,2.37,Central,Office Supplies
CA-2015-134278-0,CA-2015-134278,TEC-CO-10001046,559.99,1,0.20,175.00,East,Technology
US-2018-124926-0,US-2018-124926,OFF-AP-10004868,9.32,6,0.80,-24.71,Central,Office Supplies
CA-2017-159345-0,CA-2017-159345,OFF-PA-10000806,111.96,2,0.00,54.86,West,Office Supplies
CA-2015-130274-0,CA-2015-130274,OFF-LA-10002195,21.56,7,0.00,10.35,Central,Office Supplies
CA-2018-158386-0,CA-2018-158386,OFF-BI-10003719,124.75,5,0.00,57.38,South,Office Supplies
CA-2016-111507-0,CA-2016-111507,OFF-AR-10001315,5.28,3,0.00,1.53,West,Office Supplies
CA-2018-120761-0,CA-2018-120761,TEC-AC-10000171,91.96,4,0.00,39.54,East,Technology
CA-2017-109176-0,CA-2017-109176,OFF-EN-10003134,9.34,1,0.20,3.50,East,Office Supplies
CA-2017-109176-1,CA-2017-109176,OFF-AR-10001955,79.36,5,0.20,9.92,East,Office Supplies
CA-2016-112116-0,CA-2016-112116,FUR-TA-10001039,171.96,2,0.00,44.71,West,Furniture
CA-2017-126809-0,CA-2017-126809,OFF-BI-10003712,35.35,9,0.20,12.82,West,Office Supplies
CA-2015-105172-0,CA-2015-105172,OFF-LA-10001641,18.90,6,0.00,9.07,West,Office Supplies
CA-2018-107293-0,CA-2018-107293,OFF-AR-10003732,2.78,1,0.00,0.72,West,Office Supplies
US-2018-102890-0,US-2018-102890,FUR-TA-10000577,1044.63,5,0.40,-295.98,East,Furniture
CA-2016-158554-0,CA-2016-158554,OFF-PA-10004000,11.35,3,0.20,4.12,East,Office Supplies
CA-2015-116239-0,CA-2015-116239,OFF-ST-10001370,354.90,5,0.00,17.75,South,Office Supplies
CA-2016-132101-0,CA-2016-132101,TEC-PH-10004539,453.58,3,0.20,39.69,West,Technology
CA-2016-129112-0,CA-2016-129112,TEC-AC-10003038,21.48,3,0.20,-0.27,Central,Technology
CA-2016-129112-1,CA-2016-129112,OFF-BI-10000088,8.78,4,0.80,-13.62,Central,Office Supplies
US-2018-152002-0,US-2018-152002,OFF-PA-10000357,122.97,3,0.00,60.26,West,Office Supplies
CA-2018-165029-0,CA-2018-165029,OFF-AR-10003504,12.84,3,0.00,3.72,South,Office Supplies
US-2015-157385-0,US-2015-157385,FUR-CH-10000863,603.92,5,0.20,-67.94,West,Furniture
US-2015-157385-1,US-2015-157385,OFF-EN-10003160,21.84,3,0.00,10.48,West,Office Supplies
US-2015-157385-2,US-2015-157385,TEC-AC-10003280,29.99,1,0.00,6.30,West,Technology
US-2015-157385-3,US-2015-157385,FUR-CH-10000595,381.44,2,0.20,23.84,West,Furniture
CA-2015-101602-0,CA-2015-101602,TEC-PH-10000169,40.68,3,0.20,-9.15,Central,Technology
CA-2015-101602-1,CA-2015-101602,FUR-CH-10004675,763.28,5,0.30,-21.81,Central,Furniture
CA-2017-109057-0,CA-2017-109057,OFF-ST-10002406,23.95,2,0.20,2.40,Central,Office Supplies
CA-2017-154403-0,CA-2017-154403,OFF-PA-10001526,4.98,1,0.00,2.44,South,Office Supplies
CA-2017-102456-0,CA-2017-102456,OFF-AP-10004336,170.88,3,0.00,49.56,East,Office Supplies
CA-2016-131338-0,CA-2016-131338,TEC-PH-10003012,307.98,2,0.00,89.31,East,Technology
CA-2016-131338-1,CA-2016-131338,FUR-TA-10002607,382.81,9,0.40,-153.12,East,Furniture
CA-2016-131338-2,CA-2016-131338,OFF-ST-10000642,41.96,2,0.00,2.94,East,Office Supplies
CA-2016-131338-3,CA-2016-131338,OFF-BI-10000545,1217.57,2,0.20,456.59,East,Office Supplies
CA-2016-131338-4,CA-2016-131338,FUR-FU-10002157,47.04,3,0.00,18.35,East,Furniture
CA-2016-131338-5,CA-2016-131338,FUR-FU-10001706,6.16,2,0.00,2.96,East,Furniture
CA-2016-131338-6,CA-2016-131338,TEC-PH-10000984,979.95,5,0.00,274.39,East,Technology
CA-2016-131338-7,CA-2016-131338,OFF-PA-10001357,143.70,3,0.00,68.98,East,Office Supplies
CA-2016-131338-8,CA-2016-131338,OFF-FA-10000992,10.65,3,0.00,5.01,East,Office Supplies
CA-2016-131338-9,CA-2016-131338,TEC-AC-10002600,247.80,4,0.00,34.69,East,Technology
CA-2017-109911-0,CA-2017-109911,OFF-AR-10001662,10.96,4,0.00,2.96,South,Office Supplies
US-2017-132423-0,US-2017-132423,OFF-AR-10001221,33.49,7,0.20,5.86,Central,Office Supplies
US-2017-132423-1,US-2017-132423,OFF-FA-10002988,8.04,5,0.20,2.91,Central,Office Supplies
CA-2016-122826-0,CA-2016-122826,TEC-PH-10004830,201.57,4,0.20,22.68,West,Technology
CA-2015-117317-0,CA-2015-117317,OFF-PA-10004519,13.44,3,0.00,6.59,West,Office Supplies
CA-2016-118423-0,CA-2016-118423,FUR-BO-10000362,359.06,3,0.30,-35.91,Central,Furniture
CA-2018-149181-0,CA-2018-149181,FUR-CH-10004540,47.99,2,0.30,-2.06,East,Furniture
CA-2018-132234-0,CA-2018-132234,FUR-FU-10001290,547.30,13,0.00,175.14,East,Furniture
CA-2018-158876-0,CA-2018-158876,OFF-PA-10000308,16.90,4,0.20,5.28,Central,Office Supplies
CA-2018-158876-1,CA-2018-158876,OFF-SU-10001165,6.67,1,0.20,0.50,Central,Office Supplies
CA-2018-158876-2,CA-2018-158876,OFF-AR-10003373,99.14,4,0.20,8.67,Central,Office Supplies
CA-2018-158876-3,CA-2018-158876,FUR-FU-10001967,15.99,2,0.60,-13.99,Central,Furniture
CA-2017-164672-0,CA-2017-164672,FUR-FU-10001488,211.96,2,0.00,42.39,East,Furniture
US-2017-132857-0,US-2017-132857,OFF-AR-10003251,6.67,3,0.20,1.67,South,Office Supplies
CA-2018-116645-0,CA-2018-116645,OFF-AR-10001044,155.94,6,0.00,45.22,East,Office Supplies
US-2017-115819-0,US-2017-115819,TEC-PH-10004700,39.96,5,0.20,12.99,West,Technology
US-2017-115819-1,US-2017-115819,OFF-AR-10000823,5.46,3,0.00,1.53,West,Office Supplies
US-2017-115819-2,US-2017-115819,OFF-AR-10004456,73.20,5,0.00,21.23,West,Office Supplies
US-2017-115819-3,US-2017-115819,OFF-BI-10000050,5.84,1,0.20,1.97,West,Office Supplies
US-2017-115819-4,US-2017-115819,OFF-PA-10002377,22.72,4,0.00,10.22,West,Office Supplies
US-2017-115819-5,US-2017-115819,OFF-BI-10000591,9.34,3,0.20,3.27,West,Office Supplies
CA-2015-156349-0,CA-2015-156349,FUR-BO-10000362,290.67,2,0.15,27.36,West,Furniture
CA-2015-156349-1,CA-2015-156349,TEC-PH-10000441,201.58,2,0.20,20.16,West,Technology
CA-2015-156349-2,CA-2015-156349,TEC-PH-10002726,83.98,2,0.20,31.49,West,Technology
CA-2018-138380-0,CA-2018-138380,OFF-ST-10003306,1000.02,7,0.00,290.01,West,Office Supplies
US-2017-113509-0,US-2017-113509,TEC-AC-10004855,83.98,3,0.20,-13.65,East,Technology
CA-2016-130022-0,CA-2016-130022,OFF-LA-10002787,3.75,1,0.00,1.80,Central,Office Supplies
CA-2016-130022-1,CA-2016-130022,OFF-LA-10002043,41.40,4,0.00,19.87,Central,Office Supplies
CA-2016-130022-2,CA-2016-130022,OFF-AR-10001915,29.79,3,0.00,12.51,Central,Office Supplies
US-2017-118780-0,US-2017-118780,OFF-ST-10000352,59.48,2,0.00,8.92,East,Office Supplies
US-2017-118780-1,US-2017-118780,OFF-PA-10000575,6.69,1,0.00,3.08,East,Office Supplies
CA-2018-108560-0,CA-2018-108560,FUR-FU-10002937,198.46,2,0.00,99.23,West,Furniture
CA-2018-108560-1,CA-2018-108560,OFF-LA-10003930,786.48,8,0.00,385.38,West,Office Supplies
CA-2018-108560-2,CA-2018-108560,OFF-BI-10001107,23.17,2,0.20,7.82,West,Office Supplies
CA-2018-108560-3,CA-2018-108560,TEC-AC-10003063,50.00,2,0.00,10.50,West,Technology
CA-2016-157084-0,CA-2016-157084,TEC-PH-10002922,675.96,5,0.20,84.50,West,Technology
CA-2016-157084-1,CA-2016-157084,TEC-AC-10002049,1265.85,3,0.00,556.97,West,Technology
CA-2016-164539-0,CA-2016-164539,OFF-AP-10002457,523.25,5,0.00,141.28,East,Office Supplies
CA-2016-143119-0,CA-2016-143119,FUR-CH-10001270,517.50,6,0.00,155.25,South,Furniture
CA-2018-101049-0,CA-2018-101049,FUR-FU-10004415,17.92,5,0.20,2.46,East,Furniture
CA-2018-101049-1,CA-2018-101049,OFF-BI-10001510,41.26,6,0.70,-34.38,East,Office Supplies
CA-2017-106530-0,CA-2017-106530,OFF-ST-10002011,1006.06,3,0.20,88.03,East,Office Supplies
CA-2017-106530-1,CA-2017-106530,OFF-PA-10002986,10.69,2,0.20,3.74,East,Office Supplies
CA-2017-106530-2,CA-2017-106530,OFF-PA-10004451,10.37,2,0.20,3.63,East,Office Supplies
CA-2017-106530-3,CA-2017-106530,OFF-ST-10000649,25.12,2,0.20,1.57,East,Office Supplies
CA-2017-106530-4,CA-2017-106530,TEC-AC-10001465,58.11,2,0.20,7.26,East,Technology
CA-2015-168984-0,CA-2015-168984,OFF-PA-10001166,15.55,3,0.20,5.44,West,Office Supplies
CA-2015-168984-1,CA-2015-168984,OFF-ST-10001097,669.08,5,0.20,-167.27,West,Office Supplies
CA-2015-168984-2,CA-2015-168984,TEC-PH-10000038,438.34,4,0.20,-87.67,West,Technology
CA-2017-157266-0,CA-2017-157266,OFF-PA-10002689,19.44,3,0.00,9.33,East,Office Supplies
CA-2017-157266-1,CA-2017-157266,OFF-BI-10004728,9.64,2,0.00,4.43,East,Office Supplies
CA-2017-157266-2,CA-2017-157266,OFF-PA-10004675,12.70,2,0.00,5.84,East,Office Supplies
CA-2017-157266-3,CA-2017-157266,FUR-FU-10000629,41.37,3,0.00,17.38,East,Furniture
US-2015-134712-0,US-2015-134712,OFF-FA-10003112,12.62,2,0.20,3.94,Central,Office Supplies
CA-2016-111829-0,CA-2016-111829,OFF-ST-10000142,1247.64,3,0.00,349.34,West,Office Supplies
CA-2016-111829-1,CA-2016-111829,TEC-CO-10001766,3149.93,7,0.00,1480.47,West,Technology
CA-2016-111829-2,CA-2016-111829,OFF-PA-10004359,209.70,2,0.00,100.66,West,Office Supplies
CA-2016-105221-0,CA-2016-105221,TEC-AC-10002323,35.36,2,0.20,-3.09,East,Technology
CA-2016-105221-1,CA-2016-105221,OFF-FA-10001135,3.17,2,0.20,-0.71,East,Office Supplies
CA-2016-120341-0,CA-2016-120341,OFF-BI-10004224,121.10,6,0.70,-100.92,East,Office Supplies
CA-2016-120341-1,CA-2016-120341,TEC-PH-10003357,45.89,1,0.40,-9.18,East,Technology
CA-2015-135699-0,CA-2015-135699,OFF-PA-10004475,109.92,2,0.00,53.86,West,Office Supplies
CA-2015-135699-1,CA-2015-135699,OFF-PA-10003001,13.36,2,0.00,6.41,West,Office Supplies
US-2018-132444-0,US-2018-132444,OFF-ST-10003442,169.68,6,0.00,45.81,West,Office Supplies
US-2018-132444-1,US-2018-132444,TEC-AC-10003832,132.52,4,0.00,54.33,West,Technology
US-2018-132444-2,US-2018-132444,OFF-FA-10000611,2.96,2,0.00,1.42,West,Office Supplies
US-2018-132444-3,US-2018-132444,OFF-BI-10001116,8.45,2,0.20,2.96,West,Office Supplies
US-2018-132444-4,US-2018-132444,OFF-ST-10000563,95.94,3,0.00,9.59,West,Office Supplies
CA-2015-127159-0,CA-2015-127159,FUR-FU-10000010,34.79,7,0.00,10.78,Central,Furniture
CA-2018-161809-0,CA-2018-161809,TEC-PH-10004922,160.78,3,0.20,10.05,West,Technology
CA-2018-127285-0,CA-2018-127285,OFF-BI-10004330,88.75,3,0.20,27.73,West,Office Supplies
CA-2018-127285-1,CA-2018-127285,OFF-BI-10002072,13.90,2,0.20,5.21,West,Office Supplies
CA-2018-144526-0,CA-2018-144526,TEC-PH-10002549,677.58,5,0.40,-158.10,East,Technology
CA-2018-144526-1,CA-2018-144526,OFF-BI-10002353,13.90,3,0.70,-9.26,East,Office Supplies
CA-2017-128531-0,CA-2017-128531,OFF-ST-10001325,41.92,5,0.20,3.67,Central,Office Supplies
CA-2017-128531-1,CA-2017-128531,TEC-AC-10002049,297.58,3,0.20,-7.44,Central,Technology
CA-2017-128531-2,CA-2017-128531,OFF-FA-10002676,4.34,3,0.20,0.87,Central,Office Supplies
CA-2017-128531-3,CA-2017-128531,TEC-AC-10003023,94.99,2,0.20,-2.37,Central,Technology
CA-2017-128531-4,CA-2017-128531,OFF-PA-10000167,74.35,3,0.20,23.23,Central,Office Supplies
CA-2017-128531-5,CA-2017-128531,OFF-AR-10003405,14.04,3,0.20,1.58,Central,Office Supplies
US-2016-157154-0,US-2016-157154,FUR-TA-10001889,1018.10,4,0.40,-373.30,East,Furniture
CA-2018-159457-0,CA-2018-159457,TEC-PH-10002185,16.68,3,0.20,5.21,Central,Technology
CA-2017-107615-0,CA-2017-107615,TEC-AC-10001013,58.58,2,0.00,19.33,West,Technology
CA-2018-111647-0,CA-2018-111647,TEC-PH-10002726,167.97,4,0.20,62.99,Central,Technology
CA-2016-150560-0,CA-2016-150560,OFF-LA-10003930,196.62,2,0.00,96.34,South,Office Supplies
CA-2016-143077-0,CA-2016-143077,FUR-FU-10003535,21.94,2,0.60,-10.42,Central,Furniture
CA-2016-143077-1,CA-2016-143077,OFF-BI-10000088,6.59,3,0.80,-10.21,Central,Office Supplies
CA-2017-122728-0,CA-2017-122728,OFF-ST-10000604,104.28,3,0.00,26.07,West,Office Supplies
CA-2017-122728-1,CA-2017-122728,OFF-PA-10004040,17.94,3,0.00,8.79,West,Office Supplies
CA-2015-122882-0,CA-2015-122882,OFF-ST-10002344,64.78,1,0.20,-14.58,East,Office Supplies
CA-2015-122882-1,CA-2015-122882,TEC-PH-10003589,32.38,3,0.40,4.32,East,Technology
CA-2015-122882-2,CA-2015-122882,FUR-FU-10000758,42.37,2,0.20,8.47,East,Furniture
CA-2015-122882-3,CA-2015-122882,TEC-MA-10004679,399.54,4,0.70,-559.36,East,Technology
US-2017-101497-0,US-2017-101497,OFF-PA-10000176,18.97,1,0.00,9.11,West,Office Supplies
CA-2017-147585-0,CA-2017-147585,FUR-FU-10002597,14.82,3,0.00,6.22,West,Furniture
CA-2018-149489-0,CA-2018-149489,OFF-AP-10002495,99.28,2,0.20,12.41,East,Office Supplies
CA-2018-149489-1,CA-2018-149489,OFF-BI-10002813,1.19,2,0.70,-0.99,East,Office Supplies
CA-2018-149489-2,CA-2018-149489,OFF-BI-10002414,7.52,2,0.70,-5.76,East,Office Supplies
CA-2018-143798-0,CA-2018-143798,OFF-PA-10000788,10.37,2,0.20,3.63,East,Office Supplies
CA-2018-143798-1,CA-2018-143798,FUR-FU-10004306,310.88,2,0.20,23.32,East,Furniture
CA-2015-142839-0,CA-2015-142839,FUR-TA-10001539,853.09,6,0.40,-227.49,East,Furniture
CA-2018-129833-0,CA-2018-129833,OFF-PA-10000575,33.45,5,0.00,15.39,Central,Office Supplies
CA-2018-129833-1,CA-2018-129833,OFF-BI-10004182,10.40,5,0.00,5.10,Central,Office Supplies
US-2017-154361-0,US-2017-154361,FUR-FU-10004020,21.88,5,0.20,6.29,East,Furniture
US-2017-158708-0,US-2017-158708,TEC-AC-10003133,13.62,2,0.20,3.57,Central,Technology
CA-2016-156335-0,CA-2016-156335,TEC-AC-10002006,63.96,4,0.00,19.83,East,Technology
CA-2016-156335-1,CA-2016-156335,OFF-BI-10003314,14.46,3,0.00,7.09,East,Office Supplies
CA-2016-156335-2,CA-2016-156335,TEC-PH-10002726,104.98,2,0.00,52.49,East,Technology
CA-2016-148376-0,CA-2016-148376,OFF-AP-10000240,106.96,2,0.00,31.02,West,Office Supplies
CA-2016-148376-1,CA-2016-148376,OFF-LA-10002381,21.56,7,0.00,10.35,West,Office Supplies
CA-2015-135657-0,CA-2015-135657,FUR-TA-10004086,515.88,6,0.00,113.49,West,Furniture
CA-2016-114069-0,CA-2016-114069,OFF-BI-10000320,11.81,2,0.20,4.28,East,Office Supplies
CA-2016-114069-1,CA-2016-114069,FUR-CH-10000595,1931.04,9,0.10,321.84,East,Furniture
CA-2016-114069-2,CA-2016-114069,OFF-PA-10000349,9.96,2,0.00,4.68,East,Office Supplies
CA-2015-139857-0,CA-2015-139857,OFF-FA-10001843,12.35,5,0.00,5.80,West,Office Supplies
CA-2017-106306-0,CA-2017-106306,OFF-BI-10003676,9.70,3,0.70,-7.11,West,Office Supplies
CA-2016-100545-0,CA-2016-100545,OFF-BI-10003638,11.61,2,0.70,-9.29,East,Office Supplies
CA-2018-123491-0,CA-2018-123491,OFF-LA-10003077,43.86,6,0.00,20.61,West,Office Supplies
CA-2018-123491-1,CA-2018-123491,TEC-PH-10003505,148.48,2,0.20,16.70,West,Technology
CA-2018-123491-2,CA-2018-123491,OFF-PA-10003424,7.42,2,0.00,3.71,West,Office Supplies
CA-2018-123491-3,CA-2018-123491,FUR-CH-10003061,71.99,1,0.20,-0.90,West,Furniture
CA-2018-123491-4,CA-2018-123491,OFF-AR-10003514,19.90,5,0.00,6.57,West,Office Supplies
CA-2018-123491-5,CA-2018-123491,OFF-AP-10002684,1702.12,14,0.00,510.64,West,Office Supplies
CA-2016-145401-0,CA-2016-145401,OFF-PA-10004405,14.30,6,0.20,5.01,Central,Office Supplies
US-2018-124968-0,US-2018-124968,FUR-TA-10004289,765.63,7,0.50,-566.56,Central,Furniture
CA-2018-104003-0,CA-2018-104003,FUR-BO-10003965,307.67,2,0.15,-14.48,West,Furniture
CA-2017-154788-0,CA-2017-154788,OFF-BI-10003314,7.71,2,0.20,2.80,East,Office Supplies
CA-2017-169943-0,CA-2017-169943,OFF-AP-10001563,242.90,5,0.00,70.44,East,Office Supplies
CA-2017-169943-1,CA-2017-169943,OFF-ST-10004123,454.90,5,0.00,0.00,East,Office Supplies
CA-2017-169943-2,CA-2017-169943,FUR-FU-10002088,35.92,4,0.00,15.09,East,Furniture
CA-2017-169943-3,CA-2017-169943,FUR-FU-10000010,39.76,8,0.00,12.33,East,Furniture
CA-2017-169943-4,CA-2017-169943,OFF-BI-10002824,47.74,4,0.20,14.92,East,Office Supplies
US-2016-123218-0,US-2016-123218,TEC-PH-10001061,159.98,2,0.20,12.00,Central,Technology
US-2016-123218-1,US-2016-123218,TEC-AC-10000736,255.97,4,0.20,51.19,Central,Technology
US-2016-123218-2,US-2016-123218,FUR-BO-10003966,359.06,3,0.30,-71.81,Central,Furniture
CA-2016-127453-0,CA-2016-127453,OFF-AP-10000828,434.35,3,0.20,43.44,East,Office Supplies
CA-2016-127453-1,CA-2016-127453,OFF-AP-10002906,3.55,2,0.20,0.44,East,Office Supplies
CA-2016-127453-2,CA-2016-127453,OFF-AP-10003860,88.83,4,0.20,7.77,East,Office Supplies
US-2018-164056-0,US-2018-164056,FUR-TA-10001307,1048.35,5,0.40,-69.89,East,Furniture
CA-2017-106894-0,CA-2017-106894,TEC-AC-10003063,100.00,4,0.00,21.00,South,Technology
CA-2017-106894-1,CA-2017-106894,OFF-LA-10001045,7.83,3,0.00,3.60,South,Office Supplies
CA-2015-125136-0,CA-2015-125136,OFF-PA-10001457,96.26,8,0.20,31.28,South,Office Supplies
CA-2015-125136-1,CA-2015-125136,OFF-PA-10001804,10.69,2,0.20,3.74,South,Office Supplies
US-2017-131149-0,US-2017-131149,OFF-ST-10000689,338.04,3,0.20,-33.80,Central,Office Supplies
US-2017-131149-1,US-2017-131149,OFF-AR-10002135,154.24,4,0.20,17.35,Central,Office Supplies
CA-2018-101483-0,CA-2018-101483,OFF-AP-10002082,34.85,2,0.20,6.53,South,Office Supplies
CA-2018-101483-1,CA-2018-101483,TEC-PH-10003442,22.00,5,0.20,1.38,South,Technology
CA-2018-101483-2,CA-2018-101483,OFF-AR-10002833,4.37,3,0.20,0.38,South,Office Supplies
CA-2016-130204-0,CA-2016-130204,OFF-ST-10001325,31.44,3,0.00,8.49,West,Office Supplies
CA-2016-130204-1,CA-2016-130204,TEC-AC-10003038,17.90,2,0.00,3.40,West,Technology
CA-2016-130204-2,CA-2016-130204,TEC-AC-10003590,129.45,5,0.00,46.60,West,Technology
CA-2015-110527-0,CA-2015-110527,OFF-LA-10000262,20.88,8,0.00,9.60,West,Office Supplies
CA-2018-152807-0,CA-2018-152807,OFF-PA-10004355,20.74,4,0.20,7.26,East,Office Supplies
CA-2018-152807-1,CA-2018-152807,FUR-FU-10004415,7.17,2,0.20,0.99,East,Furniture
CA-2018-152807-2,CA-2018-152807,OFF-ST-10002486,11.17,2,0.20,-2.51,East,Office Supplies
CA-2018-152807-3,CA-2018-152807,TEC-AC-10001142,442.40,7,0.20,-55.30,East,Technology
CA-2015-133270-0,CA-2015-133270,OFF-AR-10002656,13.36,2,0.00,4.94,East,Office Supplies
CA-2017-155670-0,CA-2017-155670,OFF-BI-10000138,11.23,8,0.70,-8.24,South,Office Supplies
CA-2017-155670-1,CA-2017-155670,OFF-PA-10004947,10.27,3,0.20,3.21,South,Office Supplies
US-2015-157406-0,US-2015-157406,OFF-PA-10003543,10.37,2,0.20,3.63,Central,Office Supplies
US-2015-157406-1,US-2015-157406,OFF-AR-10002221,6.24,3,0.20,0.55,Central,Office Supplies
CA-2016-139094-0,CA-2016-139094,FUR-TA-10004607,206.96,2,0.30,-32.52,Central,Furniture
CA-2018-168837-0,CA-2018-168837,FUR-FU-10001918,9.46,2,0.00,3.69,West,Furniture
CA-2018-116715-0,CA-2018-116715,OFF-ST-10004340,559.62,9,0.00,151.10,West,Office Supplies
CA-2018-116715-1,CA-2018-116715,OFF-PA-10004475,109.92,2,0.00,53.86,West,Office Supplies
CA-2018-116715-2,CA-2018-116715,OFF-PA-10003893,8.56,2,0.00,3.85,West,Office Supplies
CA-2016-135622-0,CA-2016-135622,OFF-PA-10000100,360.71,11,0.20,130.76,Central,Office Supplies
CA-2016-135622-1,CA-2016-135622,TEC-PH-10001817,1718.40,6,0.20,150.36,Central,Technology
US-2016-107349-0,US-2016-107349,OFF-BI-10001765,41.57,6,0.80,-66.51,Central,Office Supplies
CA-2015-139017-0,CA-2015-139017,TEC-AC-10001013,46.86,2,0.20,7.62,Central,Technology
CA-2015-141817-0,CA-2015-141817,OFF-AR-10003478,19.54,3,0.20,4.88,East,Office Supplies
CA-2016-130785-0,CA-2016-130785,FUR-BO-10000330,411.33,4,0.15,-4.84,West,Furniture
CA-2016-130785-1,CA-2016-130785,OFF-BI-10001900,28.75,6,0.20,9.70,West,Office Supplies
CA-2016-130785-2,CA-2016-130785,FUR-BO-10003159,293.20,3,0.15,-20.70,West,Furniture
CA-2017-110254-0,CA-2017-110254,OFF-SU-10002573,35.06,2,0.00,10.52,South,Office Supplies
CA-2017-110254-1,CA-2017-110254,OFF-LA-10004484,4.13,1,0.00,1.90,South,Office Supplies
CA-2017-110254-2,CA-2017-110254,FUR-FU-10001591,109.80,9,0.00,46.12,South,Furniture
CA-2017-110254-3,CA-2017-110254,OFF-LA-10002034,9.82,2,0.00,4.81,South,Office Supplies
US-2015-158057-0,US-2015-158057,OFF-BI-10004410,7.64,4,0.70,-5.86,South,Office Supplies
US-2015-158057-1,US-2015-158057,OFF-BI-10002735,51.47,5,0.70,-39.46,South,Office Supplies
CA-2018-146024-0,CA-2018-146024,OFF-SU-10001935,6.98,4,0.20,-1.40,Central,Office Supplies
CA-2018-146024-1,CA-2018-146024,OFF-BI-10003291,12.22,7,0.80,-20.17,Central,Office Supplies
CA-2017-129686-0,CA-2017-129686,OFF-ST-10004337,97.98,2,0.20,-24.50,Central,Office Supplies
CA-2017-129686-1,CA-2017-129686,TEC-AC-10001266,62.40,6,0.20,19.50,Central,Technology
CA-2015-118976-0,CA-2015-118976,OFF-BI-10001628,20.86,2,0.00,9.39,East,Office Supplies
CA-2015-118976-1,CA-2015-118976,OFF-ST-10000877,497.61,9,0.00,129.38,East,Office Supplies
CA-2015-118976-2,CA-2015-118976,OFF-AR-10004752,5.34,2,0.00,1.50,East,Office Supplies
CA-2015-118976-3,CA-2015-118976,OFF-LA-10000452,3.15,1,0.00,1.51,East,Office Supplies
CA-2016-105347-0,CA-2016-105347,OFF-PA-10000675,368.91,9,0.00,180.77,West,Office Supplies
CA-2016-105347-1,CA-2016-105347,OFF-AR-10003045,14.70,5,0.00,6.62,West,Office Supplies
CA-2017-124667-0,CA-2017-124667,TEC-AC-10003447,59.97,3,0.00,14.99,East,Technology
CA-2017-124667-1,CA-2017-124667,OFF-ST-10002276,83.36,1,0.00,20.84,East,Office Supplies
CA-2016-111094-0,CA-2016-111094,OFF-PA-10001609,6.58,2,0.00,3.03,East,Office Supplies
CA-2016-111094-1,CA-2016-111094,OFF-BI-10001597,122.94,3,0.00,59.01,East,Office Supplies
CA-2018-166317-0,CA-2018-166317,OFF-PA-10004475,219.84,4,0.00,107.72,Central,Office Supplies
CA-2018-166317-1,CA-2018-166317,TEC-AC-10004510,98.16,6,0.00,9.82,Central,Technology
CA-2018-166317-2,CA-2018-166317,OFF-BI-10002976,33.04,8,0.00,15.53,Central,Office Supplies
CA-2018-166317-3,CA-2018-166317,TEC-PH-10001615,86.97,3,0.00,25.22,Central,Technology
CA-2016-154326-0,CA-2016-154326,TEC-PH-10001819,134.97,3,0.00,64.79,Central,Technology
CA-2016-154326-1,CA-2016-154326,TEC-PH-10000560,699.98,2,0.00,195.99,Central,Technology
CA-2016-154326-2,CA-2016-154326,TEC-AC-10004568,139.95,5,0.00,26.59,Central,Technology
CA-2015-102008-0,CA-2015-102008,OFF-PA-10004092,48.94,1,0.00,24.47,East,Office Supplies
CA-2015-120474-0,CA-2015-120474,FUR-CH-10001854,2807.84,8,0.00,673.88,Central,Furniture
CA-2015-120474-1,CA-2015-120474,OFF-AR-10000475,46.64,4,0.00,12.59,Central,Office Supplies
CA-2015-104773-0,CA-2015-104773,OFF-ST-10000777,60.42,2,0.20,6.04,Central,Office Supplies
CA-2017-140774-0,CA-2017-140774,OFF-AR-10004022,107.94,3,0.00,26.98,Central,Office Supplies
US-2018-139465-0,US-2018-139465,OFF-ST-10002352,63.84,8,0.00,16.60,East,Office Supplies
US-2018-139465-1,US-2018-139465,TEC-PH-10000455,347.97,3,0.00,100.91,East,Technology
US-2018-139465-2,US-2018-139465,OFF-BI-10003910,37.01,6,0.20,11.56,East,Office Supplies
CA-2017-100965-0,CA-2017-100965,FUR-FU-10003039,215.65,5,0.00,73.32,West,Furniture
CA-2017-121034-0,CA-2017-121034,OFF-FA-10000585,11.17,4,0.20,3.63,Central,Office Supplies
CA-2017-121034-1,CA-2017-121034,OFF-PA-10001994,53.95,3,0.20,17.53,Central,Office Supplies
CA-2017-149461-0,CA-2017-149461,FUR-FU-10004270,4.18,1,0.00,1.50,West,Furniture
CA-2018-158379-0,CA-2018-158379,OFF-BI-10002498,5.61,1,0.70,-4.30,East,Office Supplies
CA-2018-158379-1,CA-2018-158379,OFF-SU-10002881,4663.74,7,0.20,-1049.34,East,Office Supplies
CA-2018-158379-2,CA-2018-158379,TEC-AC-10002926,79.98,2,0.20,23.00,East,Technology
US-2017-116729-0,US-2017-116729,TEC-PH-10002200,2575.94,7,0.20,257.59,West,Technology
US-2017-116729-1,US-2017-116729,OFF-PA-10002005,45.36,7,0.00,21.77,West,Office Supplies
US-2017-116729-2,US-2017-116729,TEC-AC-10001465,254.24,7,0.00,76.27,West,Technology
CA-2017-164938-0,CA-2017-164938,TEC-PH-10004897,69.93,7,0.00,0.70,Central,Technology
CA-2017-165484-0,CA-2017-165484,FUR-FU-10001196,16.16,7,0.60,-12.12,Central,Furniture
CA-2017-165484-1,CA-2017-165484,OFF-PA-10000595,54.82,3,0.20,17.82,Central,Office Supplies
CA-2015-132612-0,CA-2015-132612,FUR-TA-10004534,1441.30,7,0.00,245.02,South,Furniture
US-2018-161193-0,US-2018-161193,FUR-FU-10001861,77.60,5,0.20,28.13,East,Furniture
US-2018-161193-1,US-2018-161193,FUR-FU-10000206,4.66,2,0.20,1.57,East,Furniture
CA-2016-131597-0,CA-2016-131597,FUR-TA-10002607,170.14,3,0.20,-8.51,West,Furniture
CA-2016-164833-0,CA-2016-164833,OFF-LA-10000443,7.38,2,0.00,3.47,West,Office Supplies
CA-2016-164833-1,CA-2016-164833,OFF-AR-10004685,9.26,2,0.00,3.06,West,Office Supplies
CA-2016-125423-0,CA-2016-125423,OFF-LA-10001771,9.96,2,0.00,4.58,West,Office Supplies
US-2015-130379-0,US-2015-130379,OFF-AP-10001394,75.60,2,0.80,-166.32,Central,Office Supplies
US-2015-130379-1,US-2015-130379,FUR-FU-10002553,29.32,2,0.60,-24.19,Central,Furniture
CA-2017-168956-0,CA-2017-168956,OFF-AP-10004233,92.06,6,0.80,-225.56,Central,Office Supplies
CA-2017-168956-1,CA-2017-168956,OFF-FA-10000304,6.98,4,0.20,1.83,Central,Office Supplies
CA-2017-168956-2,CA-2017-168956,FUR-CH-10004754,62.96,3,0.30,-2.70,Central,Furniture
CA-2017-168956-3,CA-2017-168956,OFF-PA-10000809,5.18,1,0.20,1.81,Central,Office Supplies
CA-2017-167507-0,CA-2017-167507,OFF-BI-10003694,31.32,10,0.70,-25.06,West,Office Supplies
CA-2017-167507-1,CA-2017-167507,FUR-FU-10001935,11.84,4,0.20,3.11,West,Furniture
CA-2017-167507-2,CA-2017-167507,FUR-FU-10002878,22.78,1,0.20,4.84,West,Furniture
CA-2017-109344-0,CA-2017-109344,TEC-PH-10002624,1127.98,3,0.20,126.90,South,Technology
US-2016-140851-0,US-2016-140851,OFF-PA-10000019,38.88,6,0.00,18.66,South,Office Supplies
CA-2015-103373-0,CA-2015-103373,TEC-PH-10002885,779.80,2,0.40,-168.96,East,Technology
CA-2018-145884-0,CA-2018-145884,TEC-PH-10000895,1439.92,8,0.00,374.38,Central,Technology
CA-2018-145884-1,CA-2018-145884,FUR-TA-10002356,262.11,1,0.00,62.91,Central,Furniture
CA-2016-131422-0,CA-2016-131422,FUR-CH-10001270,207.00,3,0.20,25.88,South,Furniture
CA-2018-162691-0,CA-2018-162691,TEC-MA-10000488,1439.98,3,0.40,-264.00,Central,Technology
CA-2018-162691-1,CA-2018-162691,OFF-PA-10003729,36.29,7,0.20,12.70,Central,Office Supplies
CA-2015-141278-0,CA-2015-141278,OFF-AR-10003056,21.40,5,0.00,6.21,East,Office Supplies
CA-2018-122693-0,CA-2018-122693,OFF-AP-10002518,1245.86,7,0.00,361.30,South,Office Supplies
CA-2015-117345-0,CA-2015-117345,OFF-LA-10000240,17.54,3,0.20,5.92,South,Office Supplies
CA-2015-117345-1,CA-2015-117345,FUR-FU-10000629,44.13,4,0.20,12.14,South,Furniture
CA-2015-117345-2,CA-2015-117345,OFF-AP-10001005,62.92,1,0.20,10.22,South,Office Supplies
CA-2015-117345-3,CA-2015-117345,OFF-PA-10002377,78.30,2,0.20,29.36,South,Office Supplies
CA-2017-157763-0,CA-2017-157763,FUR-CH-10000988,140.81,1,0.00,39.43,South,Furniture
CA-2016-135391-0,CA-2016-135391,OFF-LA-10001074,40.10,4,0.20,13.53,Central,Office Supplies
CA-2016-135391-1,CA-2016-135391,FUR-FU-10001986,40.78,2,0.60,-30.59,Central,Furniture
US-2018-113852-0,US-2018-113852,TEC-AC-10003027,90.57,3,0.00,11.77,West,Technology
US-2018-158512-0,US-2018-158512,OFF-PA-10001804,40.08,6,0.00,19.24,East,Office Supplies
US-2018-158512-1,US-2018-158512,FUR-FU-10004973,37.68,2,0.00,15.83,East,Furniture
CA-2018-128370-0,CA-2018-128370,FUR-CH-10002602,362.35,3,0.20,27.18,West,Furniture
CA-2018-128370-1,CA-2018-128370,OFF-BI-10004140,7.18,2,0.20,2.25,West,Office Supplies
CA-2016-160472-0,CA-2016-160472,OFF-ST-10000464,34.76,1,0.00,9.73,Central,Office Supplies
CA-2016-160472-1,CA-2016-160472,TEC-AC-10002253,831.20,5,0.00,124.68,Central,Technology
CA-2016-160472-2,CA-2016-160472,OFF-PA-10000528,26.40,5,0.00,11.88,Central,Office Supplies
CA-2016-160472-3,CA-2016-160472,OFF-EN-10000483,106.75,7,0.00,49.10,Central,Office Supplies
CA-2016-160472-4,CA-2016-160472,OFF-PA-10003129,97.82,2,0.00,45.98,Central,Office Supplies
CA-2016-160472-5,CA-2016-160472,OFF-ST-10003442,141.40,5,0.00,38.18,Central,Office Supplies
CA-2015-114643-0,CA-2015-114643,OFF-AR-10003631,14.52,3,0.00,4.79,West,Office Supplies
US-2018-158218-0,US-2018-158218,OFF-ST-10000563,127.92,5,0.20,-15.99,Central,Office Supplies
US-2018-158218-1,US-2018-158218,OFF-BI-10002133,34.24,4,0.80,-53.07,Central,Office Supplies
CA-2016-121608-0,CA-2016-121608,OFF-AP-10002311,137.62,2,0.00,60.55,East,Office Supplies
CA-2016-121608-1,CA-2016-121608,TEC-PH-10004959,100.49,1,0.00,25.12,East,Technology
US-2018-121251-0,US-2018-121251,FUR-BO-10001918,257.57,2,0.20,-28.98,East,Furniture
US-2018-121251-1,US-2018-121251,TEC-PH-10004896,119.96,4,0.00,33.59,East,Technology
CA-2015-151078-0,CA-2015-151078,OFF-ST-10001328,49.63,4,0.20,4.96,Central,Office Supplies
US-2017-100839-0,US-2017-100839,FUR-TA-10004575,727.45,5,0.50,-465.57,West,Furniture
US-2017-100839-1,US-2017-100839,FUR-FU-10001617,24.96,3,0.20,4.37,West,Furniture
US-2018-116659-0,US-2018-116659,TEC-PH-10002824,370.78,3,0.40,-92.70,East,Technology
CA-2018-118857-0,CA-2018-118857,FUR-FU-10004460,196.45,5,0.00,70.72,West,Furniture
CA-2016-127110-0,CA-2016-127110,OFF-PA-10003309,31.10,6,0.20,10.89,East,Office Supplies
CA-2016-127110-1,CA-2016-127110,OFF-ST-10002554,78.26,2,0.20,-17.61,East,Office Supplies
CA-2017-148201-0,CA-2017-148201,OFF-PA-10000019,6.48,1,0.00,3.11,West,Office Supplies
CA-2015-116932-0,CA-2015-116932,OFF-AR-10002067,99.20,5,0.00,25.79,West,Office Supplies
CA-2015-116932-1,CA-2015-116932,FUR-CH-10001215,801.57,2,0.20,50.10,West,Furniture
CA-2015-116932-2,CA-2015-116932,FUR-TA-10004175,272.85,1,0.20,27.28,West,Furniture
CA-2018-142888-0,CA-2018-142888,FUR-TA-10004767,70.98,1,0.00,20.58,West,Furniture
CA-2015-147914-0,CA-2015-147914,OFF-PA-10001685,16.22,2,0.20,5.88,East,Office Supplies
US-2017-112977-0,US-2017-112977,FUR-BO-10003272,176.78,1,0.20,-22.10,East,Furniture
CA-2018-112039-0,CA-2018-112039,TEC-PH-10000984,470.38,3,0.20,47.04,Central,Technology
CA-2018-118885-0,CA-2018-118885,FUR-CH-10002880,393.57,4,0.20,-44.28,West,Furniture
CA-2018-118885-1,CA-2018-118885,TEC-PH-10002563,302.38,3,0.20,22.68,West,Technology
US-2018-166611-0,US-2018-166611,OFF-BI-10001191,68.74,9,0.70,-48.12,South,Office Supplies
CA-2016-109512-0,CA-2016-109512,OFF-EN-10002621,29.34,3,0.00,14.67,East,Office Supplies
CA-2016-109512-1,CA-2016-109512,FUR-CH-10001146,383.61,7,0.10,63.93,East,Furniture
CA-2016-109512-2,CA-2016-109512,OFF-ST-10000689,563.40,4,0.00,67.61,East,Office Supplies
CA-2017-118570-0,CA-2017-118570,OFF-PA-10001289,217.06,7,0.20,78.68,East,Office Supplies
CA-2018-154718-0,CA-2018-154718,OFF-LA-10003714,6.00,2,0.20,2.10,Central,Office Supplies
CA-2017-147578-0,CA-2017-147578,FUR-FU-10001889,31.56,3,0.00,10.41,West,Furniture
CA-2015-140165-0,CA-2015-140165,OFF-FA-10002815,7.10,2,0.20,2.40,South,Office Supplies
CA-2015-140165-1,CA-2015-140165,OFF-BI-10004519,398.35,8,0.70,-331.96,South,Office Supplies
CA-2015-142587-0,CA-2015-142587,OFF-AP-10004708,121.79,4,0.20,13.70,East,Office Supplies
CA-2015-142587-1,CA-2015-142587,FUR-TA-10000617,409.59,3,0.40,-122.88,East,Furniture
CA-2015-157623-0,CA-2015-157623,OFF-PA-10001204,10.56,2,0.00,4.75,West,Office Supplies
CA-2015-157623-1,CA-2015-157623,OFF-AR-10003723,3.38,1,0.00,1.25,West,Office Supplies
CA-2018-145310-0,CA-2018-145310,OFF-EN-10002621,7.82,1,0.20,2.93,South,Office Supplies
CA-2017-100083-0,CA-2017-100083,OFF-PA-10000241,24.78,1,0.20,7.75,West,Office Supplies
US-2018-108063-0,US-2018-108063,OFF-AR-10001446,34.65,3,0.00,10.39,South,Office Supplies
CA-2016-109197-0,CA-2016-109197,OFF-BI-10004632,487.98,2,0.20,152.50,West,Office Supplies
CA-2018-141789-0,CA-2018-141789,OFF-BI-10001359,1793.98,2,0.00,843.17,Central,Office Supplies
CA-2015-169775-0,CA-2015-169775,OFF-EN-10001749,29.81,2,0.20,10.81,South,Office Supplies
CA-2015-169775-1,CA-2015-169775,OFF-BI-10004390,505.18,4,0.70,-336.78,South,Office Supplies
CA-2015-169775-2,CA-2015-169775,FUR-TA-10001857,174.06,3,0.45,-110.76,South,Furniture
CA-2017-140543-0,CA-2017-140543,OFF-ST-10000563,191.88,6,0.00,19.19,South,Office Supplies
CA-2017-151141-0,CA-2017-151141,TEC-PH-10004924,14.78,2,0.00,3.99,Central,Technology
CA-2018-167094-0,CA-2018-167094,OFF-PA-10003953,5.18,1,0.20,1.81,West,Office Supplies
CA-2018-167094-1,CA-2018-167094,FUR-CH-10000155,478.48,2,0.20,47.85,West,Furniture
CA-2018-167094-2,CA-2018-167094,TEC-AC-10003116,28.40,2,0.20,6.75,West,Technology
CA-2018-154410-0,CA-2018-154410,OFF-ST-10002743,909.12,8,0.00,9.09,Central,Office Supplies
US-2017-150567-0,US-2017-150567,OFF-BI-10001757,2.95,2,0.70,-2.16,South,Office Supplies
US-2017-150567-1,US-2017-150567,OFF-BI-10000069,27.02,6,0.70,-21.61,South,Office Supplies
CA-2016-157959-0,CA-2016-157959,FUR-FU-10004093,136.92,4,0.00,41.08,West,Furniture
CA-2018-105886-0,CA-2018-105886,FUR-FU-10001037,18.96,2,0.00,8.53,East,Furniture
CA-2017-105963-0,CA-2017-105963,TEC-AC-10003832,99.39,3,0.00,40.75,West,Technology
CA-2018-121503-0,CA-2018-121503,OFF-PA-10001878,273.90,7,0.20,92.44,Central,Office Supplies
CA-2018-121503-1,CA-2018-121503,TEC-MA-10003674,597.13,3,0.40,49.76,Central,Technology
CA-2015-103366-0,CA-2015-103366,TEC-AC-10003628,149.95,5,0.00,65.98,South,Technology
CA-2018-124597-0,CA-2018-124597,OFF-LA-10003190,4.61,2,0.20,1.67,South,Office Supplies
CA-2018-124597-1,CA-2018-124597,OFF-AR-10002280,15.53,3,0.20,4.85,South,Office Supplies
CA-2018-124597-2,CA-2018-124597,OFF-LA-10001569,11.95,3,0.20,3.88,South,Office Supplies
CA-2016-105634-0,CA-2016-105634,OFF-AR-10001573,11.65,5,0.00,3.38,East,Office Supplies
CA-2016-123673-0,CA-2016-123673,TEC-PH-10001809,299.90,2,0.00,74.97,Central,Technology
US-2018-111423-0,US-2018-111423,OFF-BI-10003091,895.92,5,0.20,302.37,East,Office Supplies
US-2018-111423-1,US-2018-111423,FUR-CH-10003981,462.56,2,0.10,97.65,East,Furniture
CA-2016-125178-0,CA-2016-125178,OFF-ST-10002562,15.01,2,0.20,1.50,East,Office Supplies
CA-2017-156685-0,CA-2017-156685,TEC-PH-10004345,863.64,9,0.20,107.95,Central,Technology
CA-2017-156685-1,CA-2017-156685,OFF-AR-10000588,47.62,3,0.20,3.57,Central,Office Supplies
CA-2018-126865-0,CA-2018-126865,OFF-PA-10003039,92.94,3,0.00,41.82,West,Office Supplies
CA-2018-102834-0,CA-2018-102834,TEC-AC-10001908,199.98,2,0.00,69.99,West,Technology
US-2017-139710-0,US-2017-139710,TEC-PH-10001198,177.48,3,0.20,19.97,West,Technology
CA-2018-121538-0,CA-2018-121538,OFF-PA-10004071,88.77,2,0.20,31.07,West,Office Supplies
US-2018-101539-0,US-2018-101539,OFF-PA-10001972,6.48,1,0.00,3.11,West,Office Supplies
US-2018-101539-1,US-2018-101539,OFF-ST-10004180,46.51,1,0.00,1.86,West,Office Supplies
US-2018-101539-2,US-2018-101539,TEC-PH-10004165,659.98,3,0.20,49.50,West,Technology
CA-2017-152121-0,CA-2017-152121,TEC-PH-10002483,271.99,1,0.20,23.80,West,Technology
CA-2018-161200-0,CA-2018-161200,FUR-BO-10000468,145.74,3,0.00,23.32,South,Furniture
CA-2018-161200-1,CA-2018-161200,FUR-FU-10001706,15.40,5,0.00,7.39,South,Furniture
CA-2018-101245-0,CA-2018-101245,OFF-PA-10003129,244.55,5,0.00,114.94,West,Office Supplies
CA-2018-101245-1,CA-2018-101245,TEC-AC-10001284,166.16,8,0.00,59.82,West,Technology
CA-2016-141768-0,CA-2016-141768,FUR-FU-10002268,14.73,3,0.00,4.86,West,Furniture
CA-2017-112109-0,CA-2017-112109,OFF-BI-10002082,19.97,2,0.70,-13.31,West,Office Supplies
CA-2017-112109-1,CA-2017-112109,OFF-ST-10001505,33.49,7,0.20,-1.26,West,Office Supplies
CA-2017-112109-2,CA-2017-112109,OFF-BI-10001634,8.74,4,0.70,-6.12,West,Office Supplies
CA-2017-112109-3,CA-2017-112109,FUR-CH-10004287,662.88,3,0.20,74.57,West,Furniture
CA-2018-144064-0,CA-2018-144064,OFF-LA-10004544,47.36,4,0.20,17.76,Central,Office Supplies
CA-2018-144064-1,CA-2018-144064,OFF-ST-10004507,27.44,2,0.20,2.40,Central,Office Supplies
CA-2018-144064-2,CA-2018-144064,OFF-BI-10002012,3.24,9,0.80,-5.18,Central,Office Supplies
CA-2017-108581-0,CA-2017-108581,TEC-AC-10001109,95.97,4,0.20,26.39,Central,Technology
CA-2017-108581-1,CA-2017-108581,OFF-PA-10000809,10.37,2,0.20,3.63,Central,Office Supplies
CA-2018-157987-0,CA-2018-157987,OFF-AR-10000658,23.10,2,0.00,6.47,East,Office Supplies
CA-2018-157987-1,CA-2018-157987,FUR-FU-10001196,11.54,2,0.00,3.46,East,Furniture
CA-2018-157987-2,CA-2018-157987,FUR-TA-10001889,254.53,1,0.40,-93.33,East,Furniture
CA-2018-157987-3,CA-2018-157987,OFF-AP-10000358,12.98,1,0.00,3.76,East,Office Supplies
CA-2018-157987-4,CA-2018-157987,OFF-BI-10004970,26.43,8,0.20,8.92,East,Office Supplies
CA-2018-157987-5,CA-2018-157987,TEC-PH-10003885,197.97,3,0.00,57.41,East,Technology
CA-2018-157987-6,CA-2018-157987,OFF-LA-10001641,18.90,6,0.00,9.07,East,Office Supplies
CA-2018-157987-7,CA-2018-157987,FUR-CH-10003379,1282.41,5,0.10,213.74,East,Furniture
CA-2018-157987-8,CA-2018-157987,OFF-AR-10004582,4.92,3,0.00,2.21,East,Office Supplies
CA-2018-157987-9,CA-2018-157987,TEC-AC-10002842,238.00,2,0.00,38.08,East,Technology
CA-2018-157987-10,CA-2018-157987,TEC-AC-10000109,167.97,3,0.00,40.31,East,Technology
CA-2018-157987-11,CA-2018-157987,OFF-PA-10003893,17.12,4,0.00,7.70,East,Office Supplies
CA-2018-110905-0,CA-2018-110905,OFF-BI-10003669,16.20,3,0.00,7.78,Central,Office Supplies
CA-2018-110905-1,CA-2018-110905,OFF-AP-10004785,33.99,3,0.00,14.62,Central,Office Supplies
CA-2018-110905-2,CA-2018-110905,TEC-AC-10003023,296.85,5,0.00,53.43,Central,Technology
CA-2018-110905-3,CA-2018-110905,TEC-AC-10002217,112.80,6,0.00,6.77,Central,Technology
CA-2018-110905-4,CA-2018-110905,OFF-BI-10002954,13.71,3,0.00,6.58,Central,Office Supplies
CA-2018-110905-5,CA-2018-110905,OFF-PA-10002586,24.90,5,0.00,11.70,Central,Office Supplies
CA-2018-110905-6,CA-2018-110905,OFF-ST-10000025,286.29,3,0.00,17.18,Central,Office Supplies
CA-2018-110905-7,CA-2018-110905,OFF-AP-10003281,24.18,2,0.00,7.25,Central,Office Supplies
CA-2018-165841-0,CA-2018-165841,TEC-PH-10002103,281.97,3,0.00,78.95,East,Technology
CA-2018-165841-1,CA-2018-165841,OFF-SU-10000898,69.50,5,0.00,20.16,East,Office Supplies
CA-2018-165841-2,CA-2018-165841,OFF-PA-10001144,166.44,3,0.00,79.89,East,Office Supplies
CA-2018-117485-0,CA-2018-117485,TEC-AC-10004659,291.96,4,0.00,102.19,Central,Technology
CA-2018-140242-0,CA-2018-140242,OFF-AR-10004752,6.41,3,0.20,0.64,Central,Office Supplies
CA-2018-140242-1,CA-2018-140242,TEC-AC-10004659,408.74,7,0.20,76.64,Central,Technology
CA-2015-148950-0,CA-2015-148950,OFF-BI-10001249,5.10,4,0.80,-8.68,Central,Office Supplies
CA-2015-148950-1,CA-2015-148950,OFF-FA-10003059,2.90,2,0.20,0.47,Central,Office Supplies
CA-2015-148950-2,CA-2015-148950,TEC-AC-10002718,35.02,3,0.20,-2.19,Central,Technology
CA-2015-110408-0,CA-2015-110408,OFF-ST-10001522,275.97,3,0.00,11.04,South,Office Supplies
CA-2015-110408-1,CA-2015-110408,TEC-PH-10002352,1394.95,5,0.00,362.69,South,Technology
CA-2015-110408-2,CA-2015-110408,FUR-CH-10003774,545.88,6,0.00,70.96,South,Furniture
CA-2016-109939-0,CA-2016-109939,OFF-AR-10000127,5.25,2,0.20,0.59,West,Office Supplies
CA-2017-112669-0,CA-2017-112669,FUR-CH-10004086,933.54,4,0.20,105.02,West,Furniture
CA-2017-112669-1,CA-2017-112669,OFF-ST-10001228,42.98,4,0.20,4.30,West,Office Supplies
CA-2016-119592-0,CA-2016-119592,OFF-BI-10004187,3.76,2,0.00,1.80,South,Office Supplies
CA-2015-122749-0,CA-2015-122749,TEC-PH-10003811,479.96,4,0.00,134.39,Central,Technology
CA-2015-164721-0,CA-2015-164721,OFF-AP-10000240,320.88,6,0.00,93.06,West,Office Supplies
CA-2015-164721-1,CA-2015-164721,FUR-FU-10001940,23.88,3,0.00,10.51,West,Furniture
CA-2015-164721-2,CA-2015-164721,OFF-PA-10000575,26.76,4,0.00,12.31,West,Office Supplies
CA-2017-147417-0,CA-2017-147417,TEC-CO-10001449,1439.98,4,0.40,192.00,East,Technology
CA-2016-127509-0,CA-2016-127509,OFF-BI-10002393,17.22,3,0.00,7.92,Central,Office Supplies
CA-2016-127509-1,CA-2016-127509,FUR-TA-10002855,1024.38,7,0.00,215.12,Central,Furniture
CA-2016-127509-2,CA-2016-127509,OFF-EN-10000781,26.22,3,0.00,12.32,Central,Office Supplies
CA-2016-127509-3,CA-2016-127509,OFF-PA-10002160,17.34,3,0.00,8.50,Central,Office Supplies
CA-2018-111374-0,CA-2018-111374,OFF-BI-10004970,4.96,4,0.70,-3.80,East,Office Supplies
CA-2018-133648-0,CA-2018-133648,OFF-LA-10003923,71.04,6,0.20,26.64,West,Office Supplies
CA-2018-133648-1,CA-2018-133648,OFF-AR-10002257,5.34,2,0.20,0.73,West,Office Supplies
CA-2018-133648-2,CA-2018-133648,OFF-FA-10004395,11.30,3,0.20,-2.12,West,Office Supplies
US-2018-147221-0,US-2018-147221,OFF-AP-10002534,294.62,5,0.80,-766.01,Central,Office Supplies
US-2018-147221-1,US-2018-147221,FUR-FU-10004020,8.75,4,0.60,-3.72,Central,Furniture
CA-2015-131905-0,CA-2015-131905,OFF-LA-10002787,15.00,4,0.00,7.20,South,Office Supplies
CA-2015-131905-1,CA-2015-131905,TEC-PH-10003645,161.61,1,0.00,42.02,South,Technology
CA-2015-131905-2,CA-2015-131905,TEC-PH-10001615,144.95,5,0.00,42.04,South,Technology
CA-2018-166128-0,CA-2018-166128,TEC-AC-10001767,199.95,5,0.00,21.99,West,Technology
CA-2018-166128-1,CA-2018-166128,OFF-AR-10001221,41.86,7,0.00,14.23,West,Office Supplies
CA-2018-163510-0,CA-2018-163510,OFF-ST-10000563,95.94,3,0.00,9.59,South,Office Supplies
CA-2018-163510-1,CA-2018-163510,FUR-CH-10001146,304.45,5,0.00,76.11,South,Furniture
US-2018-143028-0,US-2018-143028,OFF-BI-10004738,11.36,3,0.80,-17.05,Central,Office Supplies
CA-2015-111150-0,CA-2015-111150,OFF-AR-10000034,29.68,7,0.00,11.58,Central,Office Supplies
CA-2015-111150-1,CA-2015-111150,TEC-AC-10000290,47.53,7,0.00,16.16,Central,Technology
CA-2018-165386-0,CA-2018-165386,FUR-BO-10003034,183.37,2,0.30,-36.67,Central,Furniture
CA-2015-116407-0,CA-2015-116407,OFF-AR-10001315,4.22,3,0.20,0.48,South,Office Supplies
CA-2015-116407-1,CA-2015-116407,OFF-AP-10002118,333.06,2,0.20,29.14,South,Office Supplies
CA-2015-116407-2,CA-2015-116407,OFF-PA-10002137,24.90,4,0.20,7.78,South,Office Supplies
CA-2016-155761-0,CA-2016-155761,TEC-AC-10001606,159.98,2,0.20,36.00,Central,Technology
CA-2016-155761-1,CA-2016-155761,OFF-ST-10000943,46.34,3,0.20,4.63,Central,Office Supplies
CA-2017-145905-0,CA-2017-145905,FUR-CH-10001854,350.98,1,0.00,84.24,South,Furniture
CA-2017-145905-1,CA-2017-145905,OFF-PA-10000533,13.08,2,0.00,6.02,South,Office Supplies
CA-2017-145905-2,CA-2017-145905,OFF-ST-10003716,900.08,4,0.00,117.01,South,Office Supplies
CA-2016-113110-0,CA-2016-113110,OFF-BI-10000088,17.57,2,0.20,6.37,West,Office Supplies
CA-2016-113110-1,CA-2016-113110,OFF-LA-10000240,14.62,2,0.00,6.87,West,Office Supplies
CA-2016-113110-2,CA-2016-113110,OFF-SU-10001165,33.36,4,0.00,8.67,West,Office Supplies
CA-2016-113110-3,CA-2016-113110,OFF-PA-10002749,40.14,6,0.00,19.67,West,Office Supplies
CA-2017-168354-0,CA-2017-168354,OFF-ST-10001490,1606.23,9,0.00,481.87,East,Office Supplies
CA-2017-168354-1,CA-2017-168354,OFF-PA-10002377,17.04,3,0.00,7.67,East,Office Supplies
CA-2017-168354-2,CA-2017-168354,OFF-BI-10004826,49.53,3,0.00,23.77,East,Office Supplies
CA-2017-168354-3,CA-2017-168354,FUR-CH-10004675,872.32,4,0.00,244.25,East,Furniture
US-2018-111241-0,US-2018-111241,OFF-BI-10002867,239.12,5,0.20,77.71,West,Office Supplies
CA-2016-114237-0,CA-2016-114237,FUR-BO-10004409,141.96,2,0.00,39.75,West,Furniture
CA-2017-113516-0,CA-2017-113516,OFF-BI-10002225,33.02,2,0.20,11.56,West,Office Supplies
CA-2017-113516-1,CA-2017-113516,OFF-BI-10001989,67.14,4,0.20,23.50,West,Office Supplies
CA-2016-117961-0,CA-2016-117961,OFF-BI-10000343,14.73,3,0.00,6.92,East,Office Supplies
CA-2016-117961-1,CA-2016-117961,OFF-ST-10001172,104.90,5,0.00,25.18,East,Office Supplies
CA-2016-117961-2,CA-2016-117961,OFF-BI-10003707,61.04,4,0.00,30.52,East,Office Supplies
CA-2016-117961-3,CA-2016-117961,OFF-PA-10001274,10.95,3,0.00,5.15,East,Office Supplies
CA-2017-128923-0,CA-2017-128923,OFF-PA-10002250,9.39,2,0.20,3.29,Central,Office Supplies
CA-2017-128923-1,CA-2017-128923,OFF-AR-10000475,9.33,1,0.20,0.82,Central,Office Supplies
CA-2018-162481-0,CA-2018-162481,OFF-BI-10002976,8.26,2,0.00,3.88,Central,Office Supplies
CA-2018-162481-1,CA-2018-162481,FUR-CH-10003061,269.97,3,0.00,51.29,Central,Furniture
CA-2016-119214-0,CA-2016-119214,OFF-PA-10002893,29.04,3,0.00,13.94,West,Office Supplies
CA-2016-119214-1,CA-2016-119214,OFF-LA-10003077,14.62,2,0.00,6.87,West,Office Supplies
CA-2016-122287-0,CA-2016-122287,OFF-PA-10001661,11.95,3,0.20,4.33,West,Office Supplies
CA-2016-122287-1,CA-2016-122287,OFF-BI-10004656,4.54,7,0.70,-3.33,West,Office Supplies
CA-2016-122287-2,CA-2016-122287,OFF-BI-10003707,9.16,2,0.70,-6.10,West,Office Supplies
CA-2016-122287-3,CA-2016-122287,FUR-FU-10004973,75.36,5,0.20,20.72,West,Furniture
CA-2016-104493-0,CA-2016-104493,OFF-BI-10004817,57.50,6,0.20,20.13,West,Office Supplies
US-2018-158946-0,US-2018-158946,OFF-AR-10001860,38.86,7,0.20,7.77,East,Office Supplies
CA-2015-129168-0,CA-2015-129168,OFF-PA-10001639,15.55,3,0.20,5.44,Central,Office Supplies
CA-2017-131835-0,CA-2017-131835,OFF-AP-10004487,162.64,2,0.00,45.54,East,Office Supplies
CA-2017-131835-1,CA-2017-131835,TEC-PH-10001760,597.00,3,0.00,280.59,East,Technology
CA-2017-131835-2,CA-2017-131835,OFF-PA-10004071,55.48,1,0.00,26.63,East,Office Supplies
CA-2016-142237-0,CA-2016-142237,FUR-FU-10004848,289.80,7,0.20,36.23,East,Furniture
CA-2016-142237-1,CA-2016-142237,OFF-BI-10004022,2.50,3,0.70,-2.00,East,Office Supplies
CA-2016-142237-2,CA-2016-142237,OFF-BI-10003669,6.48,4,0.70,-4.75,East,Office Supplies
CA-2016-142237-3,CA-2016-142237,FUR-CH-10003833,341.49,8,0.30,-73.18,East,Furniture
CA-2016-142237-4,CA-2016-142237,OFF-AR-10003732,11.12,5,0.20,0.83,East,Office Supplies
CA-2016-142237-5,CA-2016-142237,FUR-FU-10003142,25.34,6,0.20,3.48,East,Furniture
CA-2017-136434-0,CA-2017-136434,FUR-FU-10001196,17.31,3,0.00,5.19,Central,Furniture
CA-2018-120376-0,CA-2018-120376,TEC-AC-10001114,199.95,5,0.00,63.98,Central,Technology
CA-2018-120376-1,CA-2018-120376,FUR-CH-10002335,1586.69,7,0.00,412.54,Central,Furniture
CA-2018-120376-2,CA-2018-120376,TEC-AC-10000844,84.99,1,0.00,30.60,Central,Technology
CA-2018-120376-3,CA-2018-120376,FUR-TA-10004534,411.80,2,0.00,70.01,Central,Furniture
CA-2015-106439-0,CA-2015-106439,OFF-FA-10002975,11.34,3,0.00,5.22,West,Office Supplies
CA-2015-106439-1,CA-2015-106439,OFF-ST-10003996,80.30,5,0.00,20.88,West,Office Supplies
CA-2015-106439-2,CA-2015-106439,OFF-BI-10002571,15.97,2,0.20,5.39,West,Office Supplies
CA-2015-106439-3,CA-2015-106439,OFF-PA-10000477,64.74,13,0.00,30.43,West,Office Supplies
CA-2015-106439-4,CA-2015-106439,OFF-BI-10004209,19.30,3,0.20,6.03,West,Office Supplies
CA-2015-106439-5,CA-2015-106439,OFF-ST-10001963,405.64,4,0.00,12.17,West,Office Supplies
CA-2015-106439-6,CA-2015-106439,FUR-CH-10003833,146.35,3,0.20,-9.15,West,Furniture
CA-2015-106439-7,CA-2015-106439,TEC-AC-10004568,251.91,9,0.00,47.86,West,Technology
CA-2015-106439-8,CA-2015-106439,OFF-AR-10001419,12.39,3,0.00,3.72,West,Office Supplies
CA-2016-133452-0,CA-2016-133452,TEC-AC-10002800,199.96,4,0.00,69.99,West,Technology
CA-2016-133452-1,CA-2016-133452,FUR-TA-10003954,710.83,3,0.20,-97.74,West,Furniture
CA-2017-146521-0,CA-2017-146521,OFF-BI-10000301,1.94,1,0.70,-1.29,East,Office Supplies
US-2018-110996-0,US-2018-110996,FUR-CH-10003956,283.92,5,0.20,-46.14,West,Furniture
CA-2017-129693-0,CA-2017-129693,OFF-BI-10002954,7.31,2,0.20,2.56,West,Office Supplies
CA-2018-122504-0,CA-2018-122504,TEC-AC-10003289,59.97,3,0.00,13.79,West,Technology
CA-2018-122504-1,CA-2018-122504,TEC-PH-10002468,761.54,7,0.20,66.64,West,Technology
CA-2015-131051-0,CA-2015-131051,FUR-FU-10001861,58.20,3,0.00,28.52,West,Furniture
CA-2018-140676-0,CA-2018-140676,OFF-PA-10004082,39.90,5,0.00,19.95,East,Office Supplies
CA-2018-140676-1,CA-2018-140676,OFF-AP-10000358,90.86,7,0.00,26.35,East,Office Supplies
CA-2018-140676-2,CA-2018-140676,OFF-PA-10004243,94.85,5,0.00,45.53,East,Office Supplies
CA-2016-120103-0,CA-2016-120103,OFF-PA-10001295,106.23,7,0.20,37.18,West,Office Supplies
CA-2016-120103-1,CA-2016-120103,TEC-PH-10002170,111.98,2,0.20,11.20,West,Technology
CA-2016-120103-2,CA-2016-120103,FUR-FU-10002885,7.71,2,0.20,1.74,West,Furniture
CA-2018-104647-0,CA-2018-104647,OFF-PA-10002870,37.44,6,0.00,16.85,West,Office Supplies
CA-2015-110352-0,CA-2015-110352,OFF-LA-10003923,23.68,2,0.20,8.88,Central,Office Supplies
CA-2017-140501-0,CA-2017-140501,OFF-LA-10003510,122.12,4,0.00,56.18,East,Office Supplies
CA-2017-140501-1,CA-2017-140501,OFF-LA-10000248,18.45,5,0.00,8.67,East,Office Supplies
CA-2017-140501-2,CA-2017-140501,OFF-ST-10000060,324.90,5,0.00,38.99,East,Office Supplies
CA-2017-140501-3,CA-2017-140501,OFF-PA-10003129,146.73,3,0.00,68.96,East,Office Supplies
CA-2017-140501-4,CA-2017-140501,OFF-FA-10004076,3.96,2,0.00,1.47,East,Office Supplies
CA-2016-139290-0,CA-2016-139290,OFF-LA-10004008,5.76,2,0.00,2.65,West,Office Supplies
CA-2018-166142-0,CA-2018-166142,OFF-BI-10004094,26.55,3,0.00,13.01,East,Office Supplies
CA-2018-166142-1,CA-2018-166142,FUR-TA-10004607,310.44,3,0.30,-48.78,East,Furniture
CA-2015-145926-0,CA-2015-145926,FUR-CH-10004289,479.90,5,0.00,81.58,Central,Furniture
CA-2016-149678-0,CA-2016-149678,OFF-SU-10004498,12.88,1,0.00,0.39,West,Office Supplies
US-2016-164357-0,US-2016-164357,OFF-AR-10001177,13.12,5,0.20,1.48,South,Office Supplies
US-2017-146570-0,US-2017-146570,OFF-BI-10001718,511.84,8,0.00,240.56,South,Office Supplies
US-2017-146570-1,US-2017-146570,OFF-AR-10004602,91.96,4,0.00,25.75,South,Office Supplies
US-2017-146570-2,US-2017-146570,OFF-AR-10003856,8.34,3,0.00,2.17,South,Office Supplies
CA-2018-124401-0,CA-2018-124401,OFF-ST-10000649,37.68,3,0.20,2.35,West,Office Supplies
CA-2018-124401-1,CA-2018-124401,TEC-AC-10002926,279.94,7,0.20,80.48,West,Technology
US-2015-140116-0,US-2015-140116,OFF-ST-10000078,636.41,3,0.20,-15.91,West,Office Supplies
US-2015-140116-1,US-2015-140116,OFF-AR-10001044,83.17,4,0.20,9.36,West,Office Supplies
CA-2015-123295-0,CA-2015-123295,FUR-CH-10002372,259.14,4,0.20,-25.91,West,Furniture
CA-2018-167101-0,CA-2018-167101,OFF-PA-10000357,221.92,4,0.00,106.52,East,Office Supplies
CA-2018-167101-1,CA-2018-167101,TEC-AC-10001266,26.00,2,0.00,11.70,East,Technology
US-2015-167633-0,US-2015-167633,OFF-PA-10004888,15.55,3,0.20,5.44,South,Office Supplies
US-2015-152723-0,US-2015-152723,OFF-BI-10003460,0.88,1,0.80,-1.40,Central,Office Supplies
CA-2016-164882-0,CA-2016-164882,OFF-PA-10000157,19.98,1,0.00,9.39,West,Office Supplies
CA-2016-164882-1,CA-2016-164882,OFF-BI-10004519,398.35,3,0.20,124.48,West,Office Supplies
CA-2016-164882-2,CA-2016-164882,OFF-AR-10004272,5.04,3,0.00,1.26,West,Office Supplies
CA-2016-164882-3,CA-2016-164882,OFF-FA-10000585,17.45,5,0.00,8.03,West,Office Supplies
CA-2016-164882-4,CA-2016-164882,FUR-CH-10004218,323.14,4,0.20,20.20,West,Furniture
CA-2016-164882-5,CA-2016-164882,OFF-SU-10004231,29.70,3,0.00,8.02,West,Office Supplies
CA-2016-164882-6,CA-2016-164882,TEC-PH-10001578,1295.84,4,0.20,145.78,West,Technology
CA-2016-164882-7,CA-2016-164882,OFF-ST-10003638,46.84,2,0.00,12.65,West,Office Supplies
CA-2016-164882-8,CA-2016-164882,FUR-BO-10002213,425.83,1,0.15,20.04,West,Furniture
CA-2016-159786-0,CA-2016-159786,FUR-TA-10001307,209.67,1,0.40,-13.98,East,Furniture
CA-2017-130267-0,CA-2017-130267,OFF-PA-10002222,159.88,7,0.00,73.54,West,Office Supplies
CA-2018-155460-0,CA-2018-155460,OFF-PA-10002479,5.28,1,0.00,2.38,West,Office Supplies
CA-2018-155460-1,CA-2018-155460,OFF-BI-10003091,895.92,5,0.20,302.37,West,Office Supplies
US-2018-168690-0,US-2018-168690,OFF-BI-10000145,2.81,3,0.70,-1.97,South,Office Supplies
CA-2018-158246-0,CA-2018-158246,FUR-CH-10003061,215.98,3,0.20,-2.70,West,Furniture
CA-2018-167381-0,CA-2018-167381,FUR-BO-10001972,241.96,2,0.00,41.13,Central,Furniture
CA-2018-167381-1,CA-2018-167381,OFF-LA-10000134,27.72,9,0.00,13.31,Central,Office Supplies
CA-2018-144862-0,CA-2018-144862,OFF-EN-10003040,104.68,5,0.20,35.33,East,Office Supplies
CA-2018-144862-1,CA-2018-144862,TEC-PH-10000923,62.96,7,0.40,9.44,East,Technology
CA-2015-126032-0,CA-2015-126032,TEC-AC-10000158,86.38,3,0.20,1.08,East,Technology
CA-2016-134859-0,CA-2016-134859,FUR-FU-10003623,64.94,3,0.20,6.49,East,Furniture
CA-2016-134859-1,CA-2016-134859,OFF-PA-10001293,20.74,4,0.20,7.26,East,Office Supplies
US-2015-114188-0,US-2015-114188,OFF-AP-10000124,33.28,4,0.00,9.32,East,Office Supplies
US-2015-114188-1,US-2015-114188,OFF-AR-10004511,38.52,9,0.00,11.94,East,Office Supplies
US-2015-114188-2,US-2015-114188,FUR-FU-10000076,139.86,7,0.00,60.14,East,Furniture
CA-2016-156524-0,CA-2016-156524,OFF-PA-10003883,19.65,3,0.00,9.04,East,Office Supplies
CA-2016-122210-0,CA-2016-122210,OFF-BI-10003656,152.99,3,0.70,-122.39,East,Office Supplies
CA-2016-122210-1,CA-2016-122210,OFF-FA-10000053,10.58,7,0.20,-2.38,East,Office Supplies
CA-2016-122210-2,CA-2016-122210,TEC-PH-10002807,94.92,4,0.40,15.82,East,Technology
CA-2016-156377-0,CA-2016-156377,FUR-FU-10002364,14.76,5,0.60,-11.44,Central,Furniture
CA-2016-156377-1,CA-2016-156377,OFF-BI-10002954,3.66,4,0.80,-5.85,Central,Office Supplies
US-2018-157896-0,US-2018-157896,OFF-PA-10004092,146.82,3,0.00,73.41,East,Office Supplies
CA-2015-159520-0,CA-2015-159520,OFF-BI-10003982,149.54,9,0.20,50.47,East,Office Supplies
CA-2015-159520-1,CA-2015-159520,OFF-SU-10001664,17.14,2,0.00,4.46,East,Office Supplies
CA-2015-159520-2,CA-2015-159520,FUR-TA-10003238,991.76,3,0.40,-347.12,East,Furniture
CA-2017-155481-0,CA-2017-155481,OFF-PA-10004675,30.48,6,0.20,9.91,East,Office Supplies
CA-2017-155481-1,CA-2017-155481,TEC-PH-10002293,23.99,2,0.40,-4.80,East,Technology
CA-2017-155481-2,CA-2017-155481,OFF-FA-10002780,16.69,7,0.20,5.42,East,Office Supplies
US-2017-152051-0,US-2017-152051,FUR-CH-10002965,422.06,3,0.30,-18.09,East,Furniture
US-2017-152051-1,US-2017-152051,OFF-BI-10004781,38.09,4,0.70,-27.93,East,Office Supplies
US-2017-152051-2,US-2017-152051,OFF-ST-10001713,254.35,6,0.20,-50.87,East,Office Supplies
CA-2015-141607-0,CA-2015-141607,FUR-FU-10003975,43.31,1,0.00,4.33,West,Furniture
CA-2018-102771-0,CA-2018-102771,TEC-PH-10001536,84.95,5,0.00,22.09,East,Technology
US-2018-139969-0,US-2018-139969,FUR-CH-10001973,233.06,3,0.30,-53.27,Central,Furniture
CA-2015-167360-0,CA-2015-167360,TEC-AC-10001772,111.79,7,0.00,43.60,Central,Technology
CA-2016-123505-0,CA-2016-123505,OFF-PA-10002586,14.94,3,0.00,7.02,East,Office Supplies
CA-2017-117282-0,CA-2017-117282,OFF-BI-10004094,14.16,2,0.20,5.13,East,Office Supplies
US-2017-120460-0,US-2017-120460,FUR-FU-10004973,22.61,3,0.60,-10.17,Central,Furniture
CA-2017-111115-0,CA-2017-111115,OFF-FA-10000624,21.48,6,0.00,10.74,West,Office Supplies
CA-2015-124646-0,CA-2015-124646,OFF-ST-10001097,501.81,3,0.00,0.00,Central,Office Supplies
CA-2015-124646-1,CA-2015-124646,OFF-ST-10001469,161.94,3,0.00,9.72,Central,Office Supplies
CA-2018-148166-0,CA-2018-148166,OFF-AR-10004956,17.86,4,0.20,2.01,South,Office Supplies
CA-2017-159737-0,CA-2017-159737,OFF-BI-10004236,8.81,3,0.80,-14.97,Central,Office Supplies
CA-2017-141019-0,CA-2017-141019,FUR-FU-10002937,79.38,1,0.20,29.77,East,Furniture
CA-2017-101938-0,CA-2017-101938,OFF-AR-10003696,34.58,1,0.00,10.03,West,Office Supplies
CA-2018-166296-0,CA-2018-166296,OFF-PA-10004359,314.55,3,0.00,150.98,West,Office Supplies
CA-2017-154018-0,CA-2017-154018,TEC-AC-10002402,191.98,3,0.20,24.00,Central,Technology
CA-2017-154018-1,CA-2017-154018,OFF-PA-10000551,8.29,2,0.20,3.00,Central,Office Supplies
CA-2017-154018-2,CA-2017-154018,FUR-FU-10003394,139.92,5,0.60,-150.41,Central,Furniture
CA-2017-154018-3,CA-2017-154018,OFF-AR-10002067,15.87,1,0.20,1.19,Central,Office Supplies
CA-2017-154018-4,CA-2017-154018,OFF-BI-10004140,6.29,7,0.80,-11.00,Central,Office Supplies
CA-2018-117870-0,CA-2018-117870,OFF-AR-10004078,14.02,3,0.20,1.75,East,Office Supplies
CA-2018-117870-1,CA-2018-117870,TEC-AC-10000927,71.98,3,0.20,-9.00,East,Technology
CA-2018-117870-2,CA-2018-117870,TEC-PH-10003931,107.98,3,0.40,-27.00,East,Technology
US-2018-137491-0,US-2018-137491,FUR-CH-10004675,305.31,2,0.30,-8.72,Central,Furniture
CA-2015-152296-0,CA-2015-152296,OFF-BI-10004506,19.75,3,0.20,6.91,West,Office Supplies
CA-2017-112025-0,CA-2017-112025,OFF-BI-10002353,9.26,3,0.80,-13.90,Central,Office Supplies
CA-2016-132507-0,CA-2016-132507,OFF-ST-10000943,61.79,4,0.20,6.18,Central,Office Supplies
CA-2017-125738-0,CA-2017-125738,OFF-PA-10000740,45.68,2,0.00,21.01,West,Office Supplies
CA-2017-125738-1,CA-2017-125738,OFF-PA-10003001,60.12,9,0.00,28.86,West,Office Supplies
CA-2017-125738-2,CA-2017-125738,OFF-BI-10001628,41.72,5,0.20,13.04,West,Office Supplies
CA-2017-125738-3,CA-2017-125738,OFF-PA-10001509,71.60,8,0.00,32.94,West,Office Supplies
CA-2017-128818-0,CA-2017-128818,OFF-BI-10000309,85.23,7,0.20,30.90,East,Office Supplies
CA-2017-128818-1,CA-2017-128818,OFF-LA-10003923,44.40,3,0.00,22.20,East,Office Supplies
CA-2017-128818-2,CA-2017-128818,FUR-CH-10002084,442.76,4,0.10,59.04,East,Furniture
CA-2017-128818-3,CA-2017-128818,TEC-MA-10000488,3999.95,5,0.00,1159.99,East,Technology
CA-2017-128818-4,CA-2017-128818,TEC-AC-10001767,199.95,5,0.00,21.99,East,Technology
CA-2017-128818-5,CA-2017-128818,FUR-FU-10001940,63.68,8,0.00,28.02,East,Furniture
CA-2018-124576-0,CA-2018-124576,OFF-BI-10002735,54.90,2,0.20,18.53,West,Office Supplies
CA-2017-101378-0,CA-2017-101378,TEC-AC-10002345,29.00,2,0.00,7.25,South,Technology
CA-2018-143063-0,CA-2018-143063,OFF-EN-10003134,70.08,6,0.00,35.04,Central,Office Supplies
CA-2018-143063-1,CA-2018-143063,FUR-FU-10003708,121.30,2,0.00,25.47,Central,Furniture
CA-2018-143063-2,CA-2018-143063,TEC-PH-10003645,1454.49,9,0.00,378.17,Central,Technology
CA-2017-118913-0,CA-2017-118913,OFF-AP-10000692,60.81,3,0.00,17.03,West,Office Supplies
CA-2017-128412-0,CA-2017-128412,OFF-BI-10001718,153.55,3,0.20,51.82,West,Office Supplies
CA-2017-128412-1,CA-2017-128412,OFF-AP-10002082,65.34,3,0.00,22.87,West,Office Supplies
CA-2017-128412-2,CA-2017-128412,OFF-PA-10001125,123.92,4,0.00,55.76,West,Office Supplies
CA-2017-128412-3,CA-2017-128412,OFF-AP-10000252,35.10,3,0.00,12.29,West,Office Supplies
CA-2017-128412-4,CA-2017-128412,TEC-AC-10003038,44.75,5,0.00,8.50,West,Technology
CA-2017-136483-0,CA-2017-136483,OFF-AR-10000940,4.70,2,0.20,0.41,South,Office Supplies
CA-2015-163013-0,CA-2015-163013,OFF-AR-10001954,14.67,3,0.00,3.96,South,Office Supplies
CA-2016-135363-0,CA-2016-135363,OFF-PA-10003177,15.55,3,0.20,5.44,East,Office Supplies
CA-2016-135363-1,CA-2016-135363,OFF-PA-10000533,5.23,1,0.20,1.70,East,Office Supplies
US-2015-165659-0,US-2015-165659,FUR-FU-10001935,22.20,6,0.00,9.10,South,Furniture
US-2015-165659-1,US-2015-165659,TEC-PH-10002563,881.93,7,0.00,229.30,South,Technology
CA-2016-138002-0,CA-2016-138002,OFF-BI-10002160,6.10,2,0.20,2.13,West,Office Supplies
CA-2016-138002-1,CA-2016-138002,FUR-FU-10004748,191.82,3,0.00,74.81,West,Furniture
CA-2016-128860-0,CA-2016-128860,FUR-FU-10001473,20.10,1,0.20,1.76,East,Furniture
CA-2017-164350-0,CA-2017-164350,OFF-AR-10000538,67.56,3,0.20,8.45,South,Office Supplies
US-2015-103905-0,US-2015-103905,OFF-BI-10001098,29.93,7,0.80,-46.39,Central,Office Supplies
US-2015-103905-1,US-2015-103905,TEC-PH-10001552,38.27,4,0.20,3.83,Central,Technology
CA-2016-129854-0,CA-2016-129854,OFF-AR-10000390,16.52,4,0.00,7.60,East,Office Supplies
CA-2015-125556-0,CA-2015-125556,TEC-PH-10001079,832.93,7,0.00,233.22,East,Technology
CA-2015-125556-1,CA-2015-125556,OFF-BI-10003460,43.80,10,0.00,21.02,East,Office Supplies
CA-2017-162313-0,CA-2017-162313,OFF-AP-10003842,167.29,6,0.10,29.74,Central,Office Supplies
CA-2018-107874-0,CA-2018-107874,FUR-FU-10003535,27.42,1,0.00,11.24,East,Furniture
CA-2018-129378-0,CA-2018-129378,OFF-BI-10002012,1.44,1,0.20,0.50,West,Office Supplies
CA-2018-129378-1,CA-2018-129378,OFF-BI-10001922,61.78,13,0.20,20.85,West,Office Supplies
CA-2018-129378-2,CA-2018-129378,OFF-AP-10000576,241.96,2,0.00,60.49,West,Office Supplies
CA-2018-129378-3,CA-2018-129378,FUR-CH-10000553,108.61,4,0.20,9.50,West,Furniture
CA-2015-151953-0,CA-2015-151953,OFF-AR-10003469,2.82,2,0.20,0.99,South,Office Supplies
CA-2018-130841-0,CA-2018-130841,OFF-BI-10000145,9.98,4,0.20,3.62,West,Office Supplies
CA-2018-130841-1,CA-2018-130841,OFF-ST-10001580,14.98,1,0.00,4.19,West,Office Supplies
CA-2018-130841-2,CA-2018-130841,TEC-PH-10001817,1145.60,4,0.20,100.24,West,Technology
CA-2016-131884-0,CA-2016-131884,TEC-PH-10001578,485.94,2,0.40,-89.09,East,Technology
CA-2016-131884-1,CA-2016-131884,OFF-AR-10004078,37.38,8,0.20,4.67,East,Office Supplies
CA-2016-131884-2,CA-2016-131884,FUR-CH-10004860,70.69,1,0.30,-24.24,East,Furniture
CA-2018-121909-0,CA-2018-121909,OFF-PA-10003790,54.82,3,0.20,17.82,East,Office Supplies
CA-2017-106383-0,CA-2017-106383,FUR-BO-10002202,72.29,1,0.70,-98.80,West,Furniture
CA-2018-130771-0,CA-2018-130771,OFF-FA-10003059,2.90,2,0.20,0.47,Central,Office Supplies
CA-2018-130771-1,CA-2018-130771,TEC-PH-10002496,124.79,1,0.20,15.60,Central,Technology
CA-2017-139157-0,CA-2017-139157,FUR-TA-10003238,330.59,1,0.40,-115.71,East,Furniture
CA-2015-128055-0,CA-2015-128055,OFF-BI-10004390,673.57,2,0.20,252.59,West,Office Supplies
CA-2015-128055-1,CA-2015-128055,OFF-AP-10002765,52.98,2,0.00,14.83,West,Office Supplies
CA-2018-157091-0,CA-2018-157091,FUR-FU-10000293,526.45,5,0.00,31.59,Central,Furniture
CA-2018-132122-0,CA-2018-132122,OFF-ST-10003692,228.92,5,0.20,14.31,Central,Office Supplies
CA-2016-123232-0,CA-2016-123232,TEC-PH-10001051,319.97,4,0.20,36.00,West,Technology
CA-2018-104066-0,CA-2018-104066,TEC-AC-10001013,205.03,7,0.00,67.66,East,Technology
CA-2016-145849-0,CA-2016-145849,OFF-ST-10000025,190.86,2,0.00,11.45,Central,Office Supplies
CA-2016-145849-1,CA-2016-145849,OFF-AR-10000817,24.32,8,0.00,8.27,Central,Office Supplies
CA-2017-122322-0,CA-2017-122322,OFF-SU-10000952,44.40,5,0.00,12.43,West,Office Supplies
CA-2018-166849-0,CA-2018-166849,FUR-FU-10004597,44.40,2,0.60,-52.17,Central,Furniture
CA-2017-146633-0,CA-2017-146633,OFF-BI-10003527,1016.79,1,0.20,381.30,West,Office Supplies
CA-2017-146633-1,CA-2017-146633,OFF-BI-10002982,38.14,7,0.20,13.35,West,Office Supplies
US-2017-126893-0,US-2017-126893,TEC-PH-10004165,494.98,3,0.40,-115.50,East,Technology
CA-2018-103380-0,CA-2018-103380,OFF-ST-10003442,56.56,2,0.00,15.27,West,Office Supplies
CA-2018-103380-1,CA-2018-103380,OFF-AR-10003856,5.56,2,0.00,1.45,West,Office Supplies
CA-2018-103380-2,CA-2018-103380,OFF-FA-10004248,9.02,2,0.00,3.52,West,Office Supplies
CA-2018-103380-3,CA-2018-103380,OFF-AP-10001492,8.62,1,0.00,2.24,West,Office Supplies
CA-2018-103380-4,CA-2018-103380,TEC-PH-10004165,659.98,3,0.20,49.50,West,Technology
CA-2016-116092-0,CA-2016-116092,OFF-PA-10004285,13.36,2,0.00,6.41,West,Office Supplies
CA-2016-116092-1,CA-2016-116092,OFF-BI-10001628,41.72,5,0.20,13.04,West,Office Supplies
CA-2016-116092-2,CA-2016-116092,OFF-BI-10000546,11.52,5,0.20,4.18,West,Office Supplies
CA-2016-116092-3,CA-2016-116092,OFF-AP-10001391,541.44,6,0.00,157.02,West,Office Supplies
CA-2016-116092-4,CA-2016-116092,OFF-PA-10000477,19.44,3,0.00,9.33,West,Office Supplies
CA-2017-117849-0,CA-2017-117849,OFF-PA-10004327,143.70,3,0.00,68.98,West,Office Supplies
CA-2016-169201-0,CA-2016-169201,OFF-AP-10000696,43.26,3,0.00,14.28,West,Office Supplies
CA-2016-169201-1,CA-2016-169201,OFF-AP-10002082,43.56,2,0.00,15.25,West,Office Supplies
CA-2017-164091-0,CA-2017-164091,TEC-PH-10001944,437.85,3,0.00,131.35,East,Technology
CA-2017-164091-1,CA-2017-164091,FUR-FU-10004952,109.48,2,0.00,33.94,East,Furniture
CA-2018-105214-0,CA-2018-105214,FUR-CH-10000015,1212.96,7,0.20,90.97,West,Furniture
CA-2018-105214-1,CA-2018-105214,OFF-PA-10001776,18.54,2,0.00,8.71,West,Office Supplies
CA-2016-117611-0,CA-2016-117611,OFF-FA-10002280,5.00,1,0.00,2.40,West,Office Supplies
CA-2016-117611-1,CA-2016-117611,TEC-AC-10002049,371.97,3,0.00,66.95,West,Technology
US-2016-137960-0,US-2016-137960,TEC-AC-10002253,166.24,1,0.00,24.94,East,Technology
CA-2018-122994-0,CA-2018-122994,FUR-BO-10004015,359.97,3,0.00,79.19,South,Furniture
CA-2017-131065-0,CA-2017-131065,TEC-AC-10004145,499.98,2,0.00,115.00,South,Technology
CA-2017-131065-1,CA-2017-131065,OFF-PA-10002479,5.28,1,0.00,2.38,South,Office Supplies
CA-2017-131065-2,CA-2017-131065,OFF-BI-10004970,8.26,2,0.00,3.88,South,Office Supplies
CA-2018-149146-0,CA-2018-149146,OFF-PA-10003919,7.97,2,0.20,2.69,South,Office Supplies
CA-2018-137470-0,CA-2018-137470,OFF-PA-10002001,12.96,2,0.00,6.35,West,Office Supplies
CA-2018-105480-0,CA-2018-105480,OFF-PA-10002787,6.48,1,0.00,3.11,East,Office Supplies
CA-2018-105480-1,CA-2018-105480,OFF-BI-10003291,6.98,1,0.20,2.36,East,Office Supplies
CA-2018-164917-0,CA-2018-164917,OFF-AR-10004344,47.96,5,0.20,4.20,South,Office Supplies
CA-2016-102036-0,CA-2016-102036,OFF-ST-10003123,199.74,6,0.00,47.94,West,Office Supplies
CA-2016-142944-0,CA-2016-142944,FUR-FU-10000308,435.26,7,0.00,95.76,West,Furniture
CA-2016-142944-1,CA-2016-142944,TEC-CO-10003763,1119.98,2,0.20,377.99,West,Technology
CA-2015-157882-0,CA-2015-157882,FUR-TA-10001866,143.43,1,0.20,3.59,West,Furniture
CA-2015-157882-1,CA-2015-157882,FUR-CH-10002774,122.35,3,0.20,13.76,West,Furniture
CA-2015-104283-0,CA-2015-104283,OFF-ST-10004337,306.20,5,0.00,0.00,South,Office Supplies
CA-2015-104283-1,CA-2015-104283,FUR-TA-10001039,85.98,1,0.00,22.35,South,Furniture
CA-2015-104283-2,CA-2015-104283,TEC-AC-10000109,223.96,4,0.00,53.75,South,Technology
CA-2018-142622-0,CA-2018-142622,FUR-CH-10003833,97.57,2,0.20,-6.10,West,Furniture
CA-2018-142622-1,CA-2018-142622,FUR-CH-10004289,614.27,8,0.20,-23.04,West,Furniture
CA-2018-142622-2,CA-2018-142622,FUR-BO-10004467,199.98,2,0.00,38.00,West,Furniture
CA-2017-132143-0,CA-2017-132143,OFF-PA-10002713,48.16,7,0.00,22.15,East,Office Supplies
CA-2016-153108-0,CA-2016-153108,TEC-PH-10001552,23.92,2,0.00,6.70,Central,Technology
CA-2016-153108-1,CA-2016-153108,OFF-AP-10002222,60.69,7,0.00,16.39,Central,Office Supplies
CA-2017-112676-0,CA-2017-112676,OFF-PA-10003971,14.35,3,0.20,5.20,South,Office Supplies
CA-2018-165687-0,CA-2018-165687,OFF-AP-10004036,35.04,2,0.00,12.26,South,Office Supplies
US-2018-112928-0,US-2018-112928,OFF-AP-10002287,17.48,5,0.20,1.31,East,Office Supplies
CA-2018-143343-0,CA-2018-143343,OFF-AR-10002375,16.40,5,0.00,4.76,West,Office Supplies
CA-2018-115154-0,CA-2018-115154,FUR-TA-10001950,892.98,2,0.00,80.37,West,Furniture
CA-2016-149342-0,CA-2016-149342,TEC-PH-10001557,287.97,3,0.00,77.75,South,Technology
CA-2016-149342-1,CA-2016-149342,FUR-FU-10002937,595.38,6,0.00,297.69,South,Furniture
CA-2016-149342-2,CA-2016-149342,OFF-PA-10001166,12.96,2,0.00,6.22,South,Office Supplies
CA-2016-130995-0,CA-2016-130995,TEC-PH-10000347,4.95,1,0.00,1.34,East,Technology
CA-2018-127929-0,CA-2018-127929,FUR-FU-10003708,181.95,3,0.00,38.21,East,Furniture
CA-2016-113145-0,CA-2016-113145,OFF-PA-10002659,13.52,4,0.00,6.22,East,Office Supplies
CA-2016-113145-1,CA-2016-113145,FUR-FU-10000965,259.70,5,0.00,106.48,East,Furniture
CA-2016-113145-2,CA-2016-113145,TEC-PH-10001527,42.95,1,0.00,1.29,East,Technology
CA-2016-113145-3,CA-2016-113145,TEC-AC-10001838,1399.93,7,0.00,601.97,East,Technology
CA-2016-113145-4,CA-2016-113145,TEC-PH-10002597,503.96,4,0.00,125.99,East,Technology
CA-2015-162362-0,CA-2015-162362,OFF-BI-10000756,12.72,3,0.00,6.36,Central,Office Supplies
CA-2015-162362-1,CA-2015-162362,OFF-BI-10000546,11.52,4,0.00,5.64,Central,Office Supplies
CA-2017-106558-0,CA-2017-106558,TEC-AC-10001142,316.00,4,0.00,31.60,South,Technology
CA-2018-157931-0,CA-2018-157931,FUR-CH-10000785,723.92,4,0.00,188.22,South,Furniture
CA-2018-157931-1,CA-2018-157931,OFF-PA-10000474,106.32,3,0.00,49.97,South,Office Supplies
CA-2017-115574-0,CA-2017-115574,FUR-BO-10003441,141.37,2,0.30,-14.14,Central,Furniture
CA-2016-160794-0,CA-2016-160794,OFF-PA-10004156,27.22,3,0.20,9.87,Central,Office Supplies
CA-2018-116225-0,CA-2018-116225,TEC-AC-10001432,390.75,5,0.00,171.93,East,Technology
US-2018-120418-0,US-2018-120418,FUR-CH-10001394,280.79,1,0.20,35.10,West,Furniture
US-2018-120418-1,US-2018-120418,OFF-ST-10002370,68.45,4,0.20,7.70,West,Office Supplies
US-2018-120418-2,US-2018-120418,OFF-AR-10002956,88.04,5,0.20,6.60,West,Office Supplies
US-2018-120418-3,US-2018-120418,OFF-AR-10001955,15.87,1,0.20,1.98,West,Office Supplies
US-2018-120418-4,US-2018-120418,OFF-ST-10001809,215.59,3,0.20,-48.51,West,Office Supplies
CA-2018-122035-0,CA-2018-122035,OFF-LA-10004093,14.62,2,0.00,6.87,Central,Office Supplies
CA-2018-122035-1,CA-2018-122035,OFF-AP-10002118,416.32,2,0.00,112.41,Central,Office Supplies
CA-2018-122035-2,CA-2018-122035,OFF-BI-10000404,43.00,5,0.00,20.21,Central,Office Supplies
CA-2018-122035-3,CA-2018-122035,FUR-CH-10003833,182.94,3,0.00,27.44,Central,Furniture
CA-2018-122035-4,CA-2018-122035,OFF-BI-10002072,60.83,7,0.00,30.41,Central,Office Supplies
CA-2018-122035-5,CA-2018-122035,TEC-AC-10003095,389.97,3,0.00,132.59,Central,Technology
CA-2016-117828-0,CA-2016-117828,OFF-AP-10001563,194.32,4,0.00,56.35,South,Office Supplies
CA-2018-165491-0,CA-2018-165491,TEC-AC-10000358,265.93,7,0.00,63.82,West,Technology
CA-2016-109470-0,CA-2016-109470,OFF-BI-10004492,94.74,3,0.00,44.53,South,Office Supplies
CA-2016-109470-1,CA-2016-109470,OFF-BI-10001072,60.64,4,0.00,27.89,South,Office Supplies
CA-2016-109470-2,CA-2016-109470,OFF-BI-10003707,76.30,5,0.00,38.15,South,Office Supplies
CA-2016-109470-3,CA-2016-109470,OFF-BI-10000977,364.80,12,0.00,167.81,South,Office Supplies
CA-2016-105102-0,CA-2016-105102,OFF-BI-10002082,79.87,3,0.20,29.95,East,Office Supplies
CA-2016-105102-1,CA-2016-105102,FUR-BO-10004709,46.38,1,0.20,1.16,East,Furniture
CA-2016-105102-2,CA-2016-105102,OFF-PA-10002365,12.96,2,0.00,6.22,East,Office Supplies
CA-2018-138422-0,CA-2018-138422,OFF-EN-10004147,14.35,3,0.20,5.20,West,Office Supplies
US-2016-147739-0,US-2016-147739,FUR-FU-10001468,547.14,4,0.20,-68.39,East,Furniture
CA-2017-155187-0,CA-2017-155187,OFF-ST-10000642,41.96,2,0.00,2.94,West,Office Supplies
CA-2017-155187-1,CA-2017-155187,OFF-PA-10000380,41.70,5,0.00,20.85,West,Office Supplies
CA-2018-169285-0,CA-2018-169285,OFF-PA-10004071,277.40,5,0.00,133.15,Central,Office Supplies
CA-2018-169285-1,CA-2018-169285,OFF-PA-10004971,5.78,1,0.00,2.83,Central,Office Supplies
CA-2015-140886-0,CA-2015-140886,OFF-AP-10000696,69.22,6,0.20,11.25,South,Office Supplies
CA-2018-152695-0,CA-2018-152695,OFF-EN-10004030,10.86,3,0.00,5.10,East,Office Supplies
CA-2018-152695-1,CA-2018-152695,OFF-AP-10000026,426.79,7,0.00,123.77,East,Office Supplies
CA-2015-110639-0,CA-2015-110639,OFF-PA-10003936,25.92,4,0.00,12.44,East,Office Supplies
CA-2015-110639-1,CA-2015-110639,OFF-PA-10004530,45.92,4,0.00,22.50,East,Office Supplies
CA-2015-121727-0,CA-2015-121727,OFF-AR-10004930,10.72,2,0.20,1.74,East,Office Supplies
CA-2017-137736-0,CA-2017-137736,OFF-AR-10004999,41.86,7,0.00,10.46,South,Office Supplies
US-2015-143231-0,US-2015-143231,FUR-FU-10002501,63.20,5,0.00,23.38,East,Furniture
US-2015-143231-1,US-2015-143231,TEC-AC-10000358,113.97,3,0.00,27.35,East,Technology
US-2015-155894-0,US-2015-155894,OFF-ST-10004804,123.55,3,0.20,-29.34,Central,Office Supplies
CA-2017-119025-0,CA-2017-119025,OFF-AP-10001205,490.32,9,0.00,137.29,Central,Office Supplies
CA-2017-159373-0,CA-2017-159373,OFF-PA-10000659,70.08,5,0.20,24.53,Central,Office Supplies
CA-2017-159373-1,CA-2017-159373,OFF-BI-10004141,1.27,2,0.80,-2.16,Central,Office Supplies
CA-2017-159373-2,CA-2017-159373,FUR-TA-10004619,557.59,5,0.30,0.00,Central,Furniture
CA-2018-109701-0,CA-2018-109701,OFF-BI-10004187,9.02,6,0.20,3.16,West,Office Supplies
CA-2018-109701-1,CA-2018-109701,OFF-BI-10000632,69.46,2,0.20,22.57,West,Office Supplies
CA-2018-109701-2,CA-2018-109701,OFF-PA-10003724,10.86,2,0.00,5.32,West,Office Supplies
CA-2018-109701-3,CA-2018-109701,OFF-AP-10002765,79.47,3,0.00,22.25,West,Office Supplies
CA-2018-109701-4,CA-2018-109701,OFF-AR-10001868,10.08,6,0.00,5.04,West,Office Supplies
CA-2016-111514-0,CA-2016-111514,FUR-BO-10002545,1552.83,7,0.15,200.95,West,Furniture
CA-2016-111514-1,CA-2016-111514,OFF-BI-10002735,137.24,5,0.20,46.32,West,Office Supplies
CA-2016-111514-2,CA-2016-111514,TEC-AC-10004864,36.51,1,0.00,15.70,West,Technology
CA-2016-111514-3,CA-2016-111514,TEC-MA-10000597,239.98,3,0.20,80.99,West,Technology
US-2015-148838-0,US-2015-148838,FUR-TA-10003473,1579.75,7,0.40,-447.59,East,Furniture
US-2015-148838-1,US-2015-148838,FUR-TA-10001950,1071.58,4,0.40,-553.65,East,Furniture
US-2015-148838-2,US-2015-148838,FUR-TA-10004175,613.91,3,0.40,-122.78,East,Furniture
US-2015-148838-3,US-2015-148838,OFF-PA-10002960,34.86,7,0.00,16.38,East,Office Supplies
US-2015-148838-4,US-2015-148838,OFF-PA-10000919,155.04,4,0.00,75.97,East,Office Supplies
CA-2018-136497-0,CA-2018-136497,OFF-BI-10001553,13.71,5,0.70,-10.05,East,Office Supplies
US-2017-108637-0,US-2017-108637,FUR-FU-10004864,127.88,2,0.00,40.92,South,Furniture
US-2017-108637-1,US-2017-108637,OFF-AP-10004540,160.32,2,0.00,44.89,South,Office Supplies
US-2017-108637-2,US-2017-108637,OFF-BI-10004965,46.00,4,0.00,20.70,South,Office Supplies
CA-2015-102295-0,CA-2015-102295,FUR-CH-10001714,120.71,1,0.20,-18.11,West,Furniture
CA-2018-123659-0,CA-2018-123659,OFF-PA-10002464,23.12,4,0.00,11.33,East,Office Supplies
US-2017-129469-0,US-2017-129469,FUR-FU-10002298,532.70,6,0.20,-26.64,East,Furniture
US-2017-129469-1,US-2017-129469,OFF-AR-10000315,4.91,2,0.20,0.31,East,Office Supplies
CA-2018-155152-0,CA-2018-155152,TEC-AC-10004353,252.00,4,0.00,93.24,East,Technology
CA-2017-159940-0,CA-2017-159940,FUR-FU-10004973,60.29,8,0.60,-27.13,Central,Furniture
CA-2017-159940-1,CA-2017-159940,OFF-FA-10000936,2.63,1,0.20,0.82,Central,Office Supplies
CA-2017-159940-2,CA-2017-159940,OFF-PA-10001609,23.69,9,0.20,7.70,Central,Office Supplies
CA-2017-159940-3,CA-2017-159940,FUR-CH-10000785,253.37,2,0.30,-14.48,Central,Furniture
CA-2018-119669-0,CA-2018-119669,OFF-FA-10000053,5.67,3,0.00,0.11,South,Office Supplies
US-2015-164616-0,US-2015-164616,OFF-BI-10001718,76.78,4,0.70,-58.86,East,Office Supplies
US-2015-164616-1,US-2015-164616,OFF-SU-10004768,9.18,2,0.20,1.15,East,Office Supplies
CA-2016-148628-0,CA-2016-148628,OFF-PA-10003883,32.75,5,0.00,15.06,West,Office Supplies
CA-2017-118052-0,CA-2017-118052,OFF-FA-10004248,7.22,2,0.20,1.71,East,Office Supplies
CA-2017-118052-1,CA-2017-118052,OFF-PA-10002581,49.57,2,0.20,15.49,East,Office Supplies
CA-2017-118052-2,CA-2017-118052,FUR-FU-10004848,54.71,7,0.20,11.63,East,Furniture
US-2018-117534-0,US-2018-117534,OFF-AP-10002403,176.04,4,0.00,45.77,West,Office Supplies
US-2018-117534-1,US-2018-117534,OFF-AR-10003087,16.02,9,0.00,4.49,West,Office Supplies
US-2018-117534-2,US-2018-117534,OFF-BI-10002026,185.92,4,0.20,62.75,West,Office Supplies
US-2018-117534-3,US-2018-117534,TEC-PH-10000141,211.17,4,0.20,15.84,West,Technology
US-2018-117534-4,US-2018-117534,TEC-CO-10000971,479.98,2,0.20,60.00,West,Technology
CA-2016-145065-0,CA-2016-145065,OFF-FA-10001229,7.86,2,0.00,3.62,West,Office Supplies
CA-2016-145065-1,CA-2016-145065,OFF-BI-10002437,24.45,2,0.20,8.86,West,Office Supplies
US-2016-127040-0,US-2016-127040,OFF-PA-10004255,6.48,1,0.00,3.11,East,Office Supplies
US-2016-127040-1,US-2016-127040,OFF-PA-10001184,41.86,7,0.00,20.51,East,Office Supplies
US-2016-127040-2,US-2016-127040,TEC-AC-10002637,1619.91,9,0.00,97.19,East,Technology
US-2016-127040-3,US-2016-127040,FUR-FU-10002878,113.92,4,0.00,42.15,East,Furniture
CA-2017-128111-0,CA-2017-128111,OFF-AR-10000588,39.68,2,0.00,10.32,East,Office Supplies
CA-2016-137897-0,CA-2016-137897,TEC-AC-10002217,37.60,2,0.00,2.26,East,Technology
CA-2016-137897-1,CA-2016-137897,TEC-AC-10001267,59.90,2,0.00,23.96,East,Technology
CA-2016-137897-2,CA-2016-137897,OFF-PA-10004041,37.00,5,0.00,16.65,East,Office Supplies
CA-2018-169264-0,CA-2018-169264,OFF-LA-10001613,5.76,2,0.00,2.82,West,Office Supplies
CA-2018-169264-1,CA-2018-169264,OFF-AR-10000246,16.68,6,0.00,4.34,West,Office Supplies
CA-2018-147361-0,CA-2018-147361,OFF-ST-10001809,628.81,7,0.00,12.58,South,Office Supplies
CA-2018-147361-1,CA-2018-147361,OFF-ST-10002214,56.45,5,0.00,14.68,South,Office Supplies
CA-2018-145877-0,CA-2018-145877,OFF-ST-10000649,94.20,6,0.00,23.55,Central,Office Supplies
CA-2018-145877-1,CA-2018-145877,OFF-EN-10001990,28.40,5,0.00,13.35,Central,Office Supplies
US-2017-110170-0,US-2017-110170,FUR-BO-10000780,956.66,7,0.32,-225.10,Central,Furniture
CA-2018-108574-0,CA-2018-108574,TEC-AC-10002049,1115.91,9,0.00,200.86,West,Technology
CA-2018-108574-1,CA-2018-108574,TEC-PH-10003555,128.74,7,0.20,-28.97,West,Technology
CA-2018-108574-2,CA-2018-108574,TEC-PH-10000702,79.92,10,0.20,26.97,West,Technology
CA-2018-144589-0,CA-2018-144589,OFF-AR-10003631,24.20,5,0.00,7.99,West,Office Supplies
CA-2018-144589-1,CA-2018-144589,TEC-PH-10003072,359.98,3,0.20,130.49,West,Technology
CA-2018-155985-0,CA-2018-155985,FUR-FU-10000758,211.84,8,0.00,76.26,West,Furniture
CA-2015-162684-0,CA-2015-162684,OFF-FA-10000992,5.68,2,0.20,1.92,East,Office Supplies
CA-2016-142041-0,CA-2016-142041,OFF-BI-10004187,7.52,5,0.20,2.63,West,Office Supplies
CA-2015-151295-0,CA-2015-151295,OFF-PA-10001947,11.96,2,0.00,5.86,West,Office Supplies
CA-2015-151295-1,CA-2015-151295,FUR-TA-10002356,629.06,3,0.20,31.45,West,Furniture
CA-2017-156300-0,CA-2017-156300,FUR-CH-10001714,754.45,5,0.00,60.36,Central,Furniture
CA-2016-146087-0,CA-2016-146087,FUR-BO-10002824,301.96,2,0.00,60.39,East,Furniture
CA-2018-168655-0,CA-2018-168655,TEC-AC-10002842,595.00,5,0.00,95.20,West,Technology
CA-2018-168655-1,CA-2018-168655,OFF-BI-10002082,79.87,3,0.20,29.95,West,Office Supplies
CA-2017-107202-0,CA-2017-107202,TEC-MA-10000112,2396.40,10,0.20,179.73,West,Technology
CA-2018-159597-0,CA-2018-159597,OFF-ST-10002289,63.56,2,0.00,3.18,West,Office Supplies
CA-2018-159597-1,CA-2018-159597,TEC-AC-10004171,99.99,1,0.00,44.00,West,Technology
CA-2017-155551-0,CA-2017-155551,OFF-ST-10003656,230.38,3,0.20,-48.95,Central,Office Supplies
CA-2017-155551-1,CA-2017-155551,OFF-PA-10001560,9.66,2,0.20,3.26,Central,Office Supplies
US-2018-147669-0,US-2018-147669,TEC-AC-10002473,158.93,7,0.20,41.72,East,Technology
US-2018-147669-1,US-2018-147669,OFF-BI-10000632,13.02,1,0.70,-10.42,East,Office Supplies
US-2018-147669-2,US-2018-147669,FUR-TA-10002645,273.06,2,0.40,-104.67,East,Furniture
US-2018-147669-3,US-2018-147669,OFF-FA-10002975,39.31,13,0.20,12.78,East,Office Supplies
CA-2017-169922-0,CA-2017-169922,OFF-BI-10003784,1.34,4,0.80,-2.15,Central,Office Supplies
CA-2017-169922-1,CA-2017-169922,OFF-BI-10001617,8.27,4,0.80,-13.65,Central,Office Supplies
CA-2017-169922-2,CA-2017-169922,FUR-FU-10004415,12.54,7,0.60,-9.09,Central,Furniture
CA-2018-100748-0,CA-2018-100748,OFF-LA-10000240,58.48,8,0.00,27.49,West,Office Supplies
CA-2018-129805-0,CA-2018-129805,FUR-FU-10001935,7.40,2,0.00,3.03,West,Furniture
CA-2015-148586-0,CA-2015-148586,FUR-CH-10002439,366.79,7,0.10,65.21,East,Furniture
US-2018-112613-0,US-2018-112613,TEC-PH-10001536,54.37,4,0.20,4.08,Central,Technology
CA-2016-154746-0,CA-2016-154746,OFF-EN-10001532,33.96,2,0.00,16.98,South,Office Supplies
CA-2016-154746-1,CA-2016-154746,OFF-AP-10003057,826.11,3,0.00,322.18,South,Office Supplies
CA-2018-140053-0,CA-2018-140053,FUR-FU-10003708,545.85,9,0.00,114.63,West,Furniture
CA-2015-164210-0,CA-2015-164210,FUR-TA-10000849,145.98,2,0.50,-99.27,West,Furniture
CA-2015-164210-1,CA-2015-164210,OFF-PA-10002259,35.81,4,0.20,12.53,West,Office Supplies
CA-2018-139948-0,CA-2018-139948,FUR-FU-10002597,7.90,2,0.20,2.17,South,Furniture
CA-2017-146934-0,CA-2017-146934,TEC-PH-10004614,345.00,5,0.00,86.25,East,Technology
CA-2017-146934-1,CA-2017-146934,FUR-TA-10003748,174.29,2,0.30,-19.92,East,Furniture
CA-2017-146934-2,CA-2017-146934,OFF-AP-10003217,662.84,4,0.00,172.34,East,Office Supplies
CA-2017-146934-3,CA-2017-146934,TEC-AC-10002399,95.10,5,0.00,30.43,East,Technology
CA-2017-146934-4,CA-2017-146934,OFF-EN-10002973,26.88,6,0.00,12.90,East,Office Supplies
CA-2017-146934-5,CA-2017-146934,TEC-PH-10001336,257.98,2,0.00,74.81,East,Technology
CA-2016-100573-0,CA-2016-100573,OFF-EN-10000461,17.48,2,0.00,8.22,West,Office Supplies
CA-2017-119165-0,CA-2017-119165,FUR-CH-10000988,492.83,5,0.30,-14.08,East,Furniture
CA-2016-128027-0,CA-2016-128027,OFF-ST-10001809,269.49,3,0.00,5.39,South,Office Supplies
CA-2017-140207-0,CA-2017-140207,OFF-BI-10003963,29.12,5,0.20,9.83,West,Office Supplies
CA-2018-140949-0,CA-2018-140949,OFF-LA-10000081,18.75,5,0.00,9.00,East,Office Supplies
CA-2018-140949-1,CA-2018-140949,TEC-PH-10000149,119.70,6,0.00,31.12,East,Technology
CA-2018-140949-2,CA-2018-140949,OFF-BI-10000605,9.14,3,0.20,3.09,East,Office Supplies
CA-2018-140949-3,CA-2018-140949,TEC-AC-10002399,57.06,3,0.00,18.26,East,Technology
CA-2018-140949-4,CA-2018-140949,TEC-AC-10003038,71.60,8,0.00,13.60,East,Technology
CA-2018-140949-5,CA-2018-140949,OFF-ST-10000344,107.44,8,0.00,27.93,East,Office Supplies
CA-2018-140949-6,CA-2018-140949,OFF-LA-10004093,7.31,1,0.00,3.44,East,Office Supplies
CA-2018-140949-7,CA-2018-140949,OFF-AR-10001683,59.10,6,0.00,22.46,East,Office Supplies
CA-2018-140949-8,CA-2018-140949,OFF-ST-10003455,46.53,3,0.00,12.10,East,Office Supplies
CA-2018-138548-0,CA-2018-138548,OFF-AP-10002578,97.84,2,0.00,25.44,East,Office Supplies
CA-2016-142419-0,CA-2016-142419,OFF-PA-10001763,29.97,3,0.00,13.49,West,Office Supplies
CA-2016-142419-1,CA-2016-142419,OFF-BI-10001597,98.35,3,0.20,34.42,West,Office Supplies
CA-2018-148691-0,CA-2018-148691,OFF-BI-10001524,83.92,5,0.20,29.37,East,Office Supplies
CA-2018-148691-1,CA-2018-148691,OFF-BI-10001553,14.62,2,0.20,5.12,East,Office Supplies
CA-2018-148691-2,CA-2018-148691,TEC-PH-10000576,136.99,1,0.00,36.99,East,Technology
CA-2018-148691-3,CA-2018-148691,OFF-LA-10001317,3.15,1,0.00,1.51,East,Office Supplies
CA-2018-128755-0,CA-2018-128755,OFF-PA-10000726,9.11,1,0.00,4.10,South,Office Supplies
CA-2018-128755-1,CA-2018-128755,OFF-ST-10003306,571.44,4,0.00,165.72,South,Office Supplies
CA-2018-128755-2,CA-2018-128755,OFF-PA-10004983,32.40,5,0.00,15.55,South,Office Supplies
CA-2018-128755-3,CA-2018-128755,OFF-ST-10001291,16.91,1,0.00,4.57,South,Office Supplies
US-2017-135923-0,US-2017-135923,FUR-FU-10002107,14.27,8,0.20,4.28,South,Furniture
US-2017-135923-1,US-2017-135923,FUR-BO-10002213,451.14,4,0.20,-67.67,South,Furniture
US-2017-135923-2,US-2017-135923,OFF-AP-10000692,64.86,4,0.20,6.49,South,Office Supplies
CA-2017-114972-0,CA-2017-114972,FUR-CH-10001190,217.58,2,0.20,-29.92,West,Furniture
CA-2017-114972-1,CA-2017-114972,TEC-AC-10000682,82.95,5,0.00,29.03,West,Technology
CA-2017-114972-2,CA-2017-114972,OFF-LA-10004545,87.71,7,0.00,41.22,West,Office Supplies
CA-2017-114972-3,CA-2017-114972,OFF-AP-10003057,1101.48,4,0.00,429.58,West,Office Supplies
CA-2018-102750-0,CA-2018-102750,FUR-TA-10000198,1322.35,3,0.20,-99.18,West,Furniture
CA-2015-145212-0,CA-2015-145212,OFF-AR-10002833,5.46,3,0.00,1.47,East,Office Supplies
CA-2018-141992-0,CA-2018-141992,OFF-SU-10002557,11.18,1,0.20,0.84,Central,Office Supplies
CA-2018-141992-1,CA-2018-141992,OFF-ST-10003656,153.58,2,0.20,-32.64,Central,Office Supplies
CA-2018-147956-0,CA-2018-147956,OFF-ST-10001097,1003.62,6,0.00,0.00,West,Office Supplies
CA-2018-126067-0,CA-2018-126067,TEC-PH-10000912,35.17,4,0.20,11.43,West,Technology
CA-2018-126067-1,CA-2018-126067,FUR-TA-10000617,1137.75,5,0.00,250.31,West,Furniture
CA-2018-126067-2,CA-2018-126067,OFF-BI-10001658,99.68,5,0.20,32.40,West,Office Supplies
CA-2018-126067-3,CA-2018-126067,OFF-AR-10003856,5.56,2,0.00,1.45,West,Office Supplies
CA-2016-104514-0,CA-2016-104514,OFF-ST-10001837,85.52,2,0.00,22.24,East,Office Supplies
CA-2016-104514-1,CA-2016-104514,OFF-AR-10001473,9.84,3,0.00,2.66,East,Office Supplies
CA-2016-104514-2,CA-2016-104514,OFF-PA-10004285,20.04,3,0.00,9.62,East,Office Supplies
CA-2016-141040-0,CA-2016-141040,TEC-PH-10001835,631.96,4,0.00,303.34,East,Technology
CA-2016-141040-1,CA-2016-141040,OFF-PA-10002245,23.92,4,0.00,10.76,East,Office Supplies
CA-2015-113579-0,CA-2015-113579,OFF-PA-10001457,90.24,6,0.00,41.51,West,Office Supplies
CA-2015-144624-0,CA-2015-144624,TEC-PH-10002885,4548.81,7,0.00,1228.18,East,Technology
CA-2017-146206-0,CA-2017-146206,FUR-TA-10004086,300.93,5,0.30,-34.39,Central,Furniture
CA-2017-146206-1,CA-2017-146206,TEC-PH-10000895,719.96,5,0.20,54.00,Central,Technology
CA-2015-136644-0,CA-2015-136644,FUR-CH-10000225,647.84,8,0.00,32.39,Central,Furniture
CA-2016-122371-0,CA-2016-122371,OFF-ST-10002370,64.17,3,0.00,18.61,West,Office Supplies
CA-2016-122371-1,CA-2016-122371,OFF-EN-10000056,124.46,2,0.00,58.50,West,Office Supplies
CA-2017-126935-0,CA-2017-126935,OFF-BI-10004817,9.58,1,0.20,3.35,West,Office Supplies
US-2018-133781-0,US-2018-133781,OFF-EN-10004483,37.61,3,0.20,12.69,South,Office Supplies
CA-2018-131618-0,CA-2018-131618,OFF-PA-10001892,12.22,2,0.20,4.43,Central,Office Supplies
CA-2018-131618-1,CA-2018-131618,OFF-BI-10000546,2.30,4,0.80,-3.57,Central,Office Supplies
CA-2018-131618-2,CA-2018-131618,OFF-BI-10001294,9.36,4,0.80,-16.38,Central,Office Supplies
CA-2017-149482-0,CA-2017-149482,OFF-LA-10000248,7.38,2,0.00,3.47,West,Office Supplies
CA-2015-143917-0,CA-2015-143917,OFF-ST-10001228,53.72,4,0.00,15.04,West,Office Supplies
CA-2015-143917-1,CA-2015-143917,OFF-SU-10000151,8187.65,5,0.00,327.51,West,Office Supplies
CA-2015-143917-2,CA-2015-143917,FUR-FU-10004351,77.92,8,0.00,34.28,West,Furniture
CA-2016-120397-0,CA-2016-120397,OFF-AP-10001293,32.78,4,0.80,-85.24,Central,Office Supplies
CA-2018-163902-0,CA-2018-163902,TEC-PH-10000675,196.78,3,0.20,14.76,West,Technology
CA-2018-163902-1,CA-2018-163902,TEC-AC-10000580,479.94,6,0.00,52.79,West,Technology
CA-2017-136812-0,CA-2017-136812,OFF-ST-10003470,1117.92,4,0.00,55.90,Central,Office Supplies
CA-2016-102722-0,CA-2016-102722,TEC-AC-10003116,106.50,6,0.00,41.53,South,Technology
CA-2018-155089-0,CA-2018-155089,OFF-BI-10002429,45.66,5,0.70,-33.48,South,Office Supplies
CA-2017-124506-0,CA-2017-124506,TEC-AC-10003280,95.97,4,0.20,1.20,Central,Technology
CA-2017-124506-1,CA-2017-124506,FUR-CH-10004540,47.99,2,0.30,-2.06,Central,Furniture
CA-2015-106572-0,CA-2015-106572,OFF-ST-10000585,264.32,2,0.20,19.82,East,Office Supplies
CA-2015-128888-0,CA-2015-128888,OFF-EN-10003001,604.66,9,0.20,204.07,Central,Office Supplies
CA-2018-123134-0,CA-2018-123134,FUR-FU-10003975,129.93,3,0.00,12.99,East,Furniture
CA-2017-124352-0,CA-2017-124352,OFF-LA-10004559,20.16,7,0.00,9.88,Central,Office Supplies
CA-2017-124352-1,CA-2017-124352,OFF-LA-10003223,29.46,6,0.00,14.44,Central,Office Supplies
CA-2017-124352-2,CA-2017-124352,OFF-AP-10002651,868.59,3,0.00,251.89,Central,Office Supplies
CA-2017-124352-3,CA-2017-124352,OFF-PA-10003177,12.96,2,0.00,6.22,Central,Office Supplies
CA-2017-124352-4,CA-2017-124352,TEC-PH-10003442,5.50,1,0.00,1.38,Central,Technology
CA-2017-124352-5,CA-2017-124352,OFF-BI-10000977,121.60,4,0.00,55.94,Central,Office Supplies
CA-2016-124541-0,CA-2016-124541,OFF-AR-10004078,42.05,9,0.20,5.26,Central,Office Supplies
CA-2016-124541-1,CA-2016-124541,TEC-AC-10002550,25.49,2,0.20,4.46,Central,Technology
CA-2016-124541-2,CA-2016-124541,OFF-BI-10004965,6.90,3,0.80,-12.07,Central,Office Supplies
CA-2016-124541-3,CA-2016-124541,OFF-BI-10004209,9.65,6,0.80,-16.88,Central,Office Supplies
CA-2016-124541-4,CA-2016-124541,OFF-PA-10001526,7.97,2,0.20,2.89,Central,Office Supplies
CA-2015-108707-0,CA-2015-108707,OFF-PA-10000788,10.37,2,0.20,3.63,South,Office Supplies
CA-2015-111500-0,CA-2015-111500,OFF-PA-10000595,114.20,5,0.00,52.53,South,Office Supplies
CA-2015-111500-1,CA-2015-111500,OFF-BI-10000829,17.96,4,0.00,8.26,South,Office Supplies
CA-2015-111500-2,CA-2015-111500,OFF-FA-10002676,12.67,7,0.00,4.56,South,Office Supplies
CA-2015-111500-3,CA-2015-111500,TEC-AC-10000844,339.96,4,0.00,122.39,South,Technology
US-2018-117723-0,US-2018-117723,OFF-ST-10004459,1801.63,6,0.20,-337.81,East,Office Supplies
CA-2016-143238-0,CA-2016-143238,TEC-AC-10003499,46.32,4,0.00,18.06,West,Technology
CA-2016-168746-0,CA-2016-168746,FUR-CH-10000513,181.99,2,0.30,-54.60,East,Furniture
CA-2016-168746-1,CA-2016-168746,TEC-PH-10000895,431.98,4,0.40,-100.79,East,Technology
CA-2016-168746-2,CA-2016-168746,TEC-PH-10002555,155.37,1,0.40,-36.25,East,Technology
CA-2016-113404-0,CA-2016-113404,FUR-CH-10003312,1348.70,6,0.20,-219.16,West,Furniture
CA-2016-113404-1,CA-2016-113404,FUR-CH-10004086,700.15,3,0.20,78.77,West,Furniture
CA-2017-144792-0,CA-2017-144792,FUR-FU-10002759,111.89,7,0.20,22.38,West,Furniture
CA-2015-164385-0,CA-2015-164385,OFF-AP-10002191,143.95,3,0.20,14.40,East,Office Supplies
US-2017-114174-0,US-2017-114174,FUR-BO-10003450,173.94,3,0.00,13.92,East,Furniture
US-2017-114174-1,US-2017-114174,OFF-LA-10000248,14.76,4,0.00,6.94,East,Office Supplies
CA-2018-108070-0,CA-2018-108070,OFF-ST-10004804,205.92,4,0.00,2.06,West,Office Supplies
CA-2018-108070-1,CA-2018-108070,FUR-BO-10001337,102.83,1,0.15,-6.05,West,Furniture
US-2016-128090-0,US-2016-128090,OFF-AR-10002255,2.30,1,0.20,0.26,West,Office Supplies
US-2016-128090-1,US-2016-128090,TEC-PH-10002624,1879.96,5,0.20,211.50,West,Technology
US-2016-128090-2,US-2016-128090,OFF-PA-10001878,313.02,8,0.20,105.65,West,Office Supplies
US-2016-128090-3,US-2016-128090,OFF-LA-10000452,5.04,2,0.20,1.76,West,Office Supplies
CA-2018-101042-0,CA-2018-101042,FUR-FU-10004665,821.88,6,0.00,213.69,South,Furniture
CA-2018-101042-1,CA-2018-101042,OFF-BI-10000088,21.96,2,0.00,10.76,South,Office Supplies
CA-2017-155439-0,CA-2017-155439,OFF-PA-10000029,25.92,4,0.00,12.44,South,Office Supplies
CA-2017-118626-0,CA-2017-118626,TEC-PH-10000369,705.54,7,0.20,70.55,South,Technology
CA-2016-111458-0,CA-2016-111458,TEC-AC-10001590,50.00,2,0.00,12.00,East,Technology
US-2017-126844-0,US-2017-126844,FUR-FU-10004909,51.71,8,0.60,-32.32,Central,Furniture
US-2016-112508-0,US-2016-112508,OFF-AP-10002287,6.99,2,0.20,0.52,South,Office Supplies
CA-2016-147788-0,CA-2016-147788,FUR-BO-10004357,1406.86,7,0.00,140.69,West,Furniture
CA-2016-147788-1,CA-2016-147788,OFF-LA-10003766,15.75,5,0.00,7.56,West,Office Supplies
CA-2016-147788-2,CA-2016-147788,OFF-ST-10000046,323.10,2,0.00,61.39,West,Office Supplies
CA-2016-144288-0,CA-2016-144288,OFF-LA-10003190,9.22,4,0.20,3.34,South,Office Supplies
CA-2016-144288-1,CA-2016-144288,OFF-PA-10002787,10.37,2,0.20,3.63,South,Office Supplies
CA-2016-110632-0,CA-2016-110632,TEC-AC-10000387,15.02,1,0.00,2.70,East,Technology
CA-2016-110632-1,CA-2016-110632,OFF-ST-10001291,33.82,2,0.00,9.13,East,Office Supplies
CA-2018-109589-0,CA-2018-109589,TEC-AC-10003116,71.00,4,0.00,27.69,South,Technology
CA-2018-123967-0,CA-2018-123967,OFF-BI-10001308,25.12,5,0.20,7.85,West,Office Supplies
CA-2018-123967-1,CA-2018-123967,FUR-TA-10003954,2665.62,9,0.00,239.91,West,Furniture
CA-2018-148929-0,CA-2018-148929,OFF-ST-10003282,478.08,8,0.00,133.86,East,Office Supplies
CA-2018-134404-0,CA-2018-134404,TEC-PH-10000576,164.39,2,0.40,-35.62,East,Technology
CA-2018-134404-1,CA-2018-134404,OFF-AR-10004441,13.25,4,0.20,3.64,East,Office Supplies
CA-2018-109778-0,CA-2018-109778,OFF-AR-10003759,2.91,2,0.20,0.91,Central,Office Supplies
CA-2017-155845-0,CA-2017-155845,TEC-AC-10004145,1399.94,7,0.20,52.50,Central,Technology
CA-2018-145128-0,CA-2018-145128,FUR-FU-10000293,526.45,5,0.00,31.59,Central,Furniture
CA-2015-129091-0,CA-2015-129091,OFF-EN-10004955,16.23,3,0.00,7.95,South,Office Supplies
CA-2015-129091-1,CA-2015-129091,OFF-BI-10001071,319.90,5,0.00,156.75,South,Office Supplies
CA-2015-129091-2,CA-2015-129091,OFF-EN-10001990,11.36,2,0.00,5.34,South,Office Supplies
CA-2015-129091-3,CA-2015-129091,OFF-AP-10002734,675.12,3,0.00,290.30,South,Office Supplies
US-2015-155502-0,US-2015-155502,FUR-FU-10004587,62.82,3,0.00,30.78,South,Furniture
US-2015-155502-1,US-2015-155502,OFF-ST-10004337,489.92,8,0.00,0.00,South,Office Supplies
US-2015-155502-2,US-2015-155502,OFF-PA-10003072,19.44,3,0.00,9.33,South,Office Supplies
US-2015-155502-3,US-2015-155502,OFF-PA-10000380,16.68,2,0.00,8.34,South,Office Supplies
US-2015-155502-4,US-2015-155502,TEC-PH-10004833,155.35,13,0.00,0.00,South,Technology
US-2015-155502-5,US-2015-155502,FUR-FU-10001847,12.42,3,0.00,4.47,South,Furniture
US-2015-155502-6,US-2015-155502,TEC-PH-10002103,187.98,2,0.00,52.63,South,Technology
CA-2016-121041-0,CA-2016-121041,OFF-EN-10001137,6.61,2,0.20,2.15,Central,Office Supplies
CA-2018-131695-0,CA-2018-131695,OFF-ST-10001476,248.57,7,0.00,67.11,East,Office Supplies
CA-2018-131695-1,CA-2018-131695,FUR-FU-10002045,22.23,1,0.00,9.78,East,Furniture
CA-2017-137729-0,CA-2017-137729,OFF-ST-10001505,5.98,1,0.00,1.02,West,Office Supplies
CA-2017-137729-1,CA-2017-137729,TEC-PH-10001433,246.17,3,0.20,21.54,West,Technology
US-2017-115455-0,US-2017-115455,FUR-FU-10004671,14.14,2,0.60,-7.77,Central,Furniture
US-2017-115455-1,US-2017-115455,FUR-TA-10003569,601.47,3,0.50,-300.74,Central,Furniture
CA-2018-128300-0,CA-2018-128300,TEC-PH-10002807,79.10,2,0.00,39.55,South,Technology
CA-2018-128300-1,CA-2018-128300,OFF-BI-10001597,327.84,8,0.00,157.36,South,Office Supplies
CA-2018-149048-0,CA-2018-149048,OFF-EN-10003296,180.96,2,0.00,81.43,Central,Office Supplies
CA-2018-149048-1,CA-2018-149048,OFF-BI-10004632,914.97,3,0.00,411.74,Central,Office Supplies
CA-2018-149048-2,CA-2018-149048,TEC-PH-10002310,587.97,3,0.00,158.75,Central,Technology
CA-2018-149048-3,CA-2018-149048,OFF-ST-10000078,530.34,2,0.00,95.46,Central,Office Supplies
CA-2018-149048-4,CA-2018-149048,OFF-PA-10001752,14.94,3,0.00,7.32,Central,Office Supplies
CA-2018-108553-0,CA-2018-108553,OFF-AP-10000026,121.94,2,0.00,35.36,East,Office Supplies
CA-2018-108553-1,CA-2018-108553,OFF-SU-10002573,122.71,7,0.00,36.81,East,Office Supplies
CA-2017-165848-0,CA-2017-165848,OFF-PA-10000349,14.94,3,0.00,7.02,East,Office Supplies
CA-2017-165848-1,CA-2017-165848,TEC-MA-10003356,1349.85,3,0.00,364.46,East,Technology
CA-2017-165848-2,CA-2017-165848,FUR-BO-10000362,136.78,1,0.20,5.13,East,Furniture
CA-2017-165848-3,CA-2017-165848,FUR-FU-10003878,61.12,4,0.00,20.78,East,Furniture
CA-2015-112718-0,CA-2015-112718,OFF-BI-10000591,1.17,1,0.70,-0.86,South,Office Supplies
CA-2017-154053-0,CA-2017-154053,OFF-AR-10003727,16.99,1,0.00,4.93,West,Office Supplies
CA-2015-127446-0,CA-2015-127446,TEC-AC-10001635,24.67,3,0.20,0.00,Central,Technology
CA-2015-127446-1,CA-2015-127446,OFF-LA-10001317,2.52,1,0.20,0.88,Central,Office Supplies
CA-2015-127446-2,CA-2015-127446,FUR-TA-10000577,1218.73,5,0.30,-121.87,Central,Furniture
CA-2015-127446-3,CA-2015-127446,OFF-LA-10000248,5.90,2,0.20,1.99,Central,Office Supplies
CA-2015-127446-4,CA-2015-127446,OFF-PA-10000955,15.70,3,0.20,5.10,Central,Office Supplies
CA-2015-127446-5,CA-2015-127446,FUR-FU-10000221,6.10,3,0.60,-3.96,Central,Furniture
CA-2017-137204-0,CA-2017-137204,FUR-CH-10002304,41.57,2,0.20,2.60,West,Furniture
CA-2015-147298-0,CA-2015-147298,FUR-CH-10004886,230.28,3,0.20,23.03,West,Furniture
CA-2015-147298-1,CA-2015-147298,OFF-BI-10001525,18.29,6,0.20,5.71,West,Office Supplies
CA-2018-147942-0,CA-2018-147942,OFF-LA-10003663,5.78,2,0.00,2.72,West,Office Supplies
CA-2018-147942-1,CA-2018-147942,OFF-BI-10001294,121.68,13,0.20,38.02,West,Office Supplies
CA-2018-115931-0,CA-2018-115931,OFF-AR-10000369,4.17,3,0.00,1.08,West,Office Supplies
CA-2018-115931-1,CA-2018-115931,TEC-PH-10001300,67.04,4,0.20,6.70,West,Technology
CA-2018-115931-2,CA-2018-115931,OFF-ST-10000876,37.32,3,0.00,10.45,West,Office Supplies
CA-2018-115931-3,CA-2018-115931,OFF-LA-10001404,18.45,5,0.00,8.67,West,Office Supplies
CA-2015-164861-0,CA-2015-164861,OFF-PA-10001972,25.92,4,0.00,12.44,Central,Office Supplies
CA-2018-127180-0,CA-2018-127180,TEC-CO-10004722,11199.97,4,0.20,3919.99,East,Technology
CA-2018-127180-1,CA-2018-127180,TEC-PH-10001494,2399.60,8,0.00,647.89,East,Technology
CA-2018-127180-2,CA-2018-127180,OFF-EN-10002500,63.90,5,0.00,28.75,East,Office Supplies
CA-2018-127180-3,CA-2018-127180,TEC-PH-10003800,52.99,1,0.00,0.53,East,Technology
US-2018-165344-0,US-2018-165344,TEC-AC-10002399,60.86,4,0.20,9.13,East,Technology
US-2018-165344-1,US-2018-165344,TEC-MA-10002210,653.00,7,0.70,-935.96,East,Technology
US-2018-165344-2,US-2018-165344,OFF-BI-10003196,11.22,10,0.70,-7.48,East,Office Supplies
CA-2016-168186-0,CA-2016-168186,OFF-PA-10000477,14.94,3,0.00,7.02,Central,Office Supplies
US-2018-110604-0,US-2018-110604,FUR-FU-10000076,39.96,2,0.00,17.18,West,Furniture
US-2018-110604-1,US-2018-110604,FUR-CH-10002017,42.62,2,0.20,4.26,West,Furniture
US-2018-110604-2,US-2018-110604,FUR-CH-10004287,220.96,1,0.20,24.86,West,Furniture
CA-2016-116750-0,CA-2016-116750,FUR-FU-10003829,4.93,2,0.20,0.74,South,Furniture
CA-2016-116750-1,CA-2016-116750,OFF-BI-10004728,7.23,5,0.70,-5.78,South,Office Supplies
CA-2016-162369-0,CA-2016-162369,OFF-ST-10000046,323.10,2,0.00,61.39,West,Office Supplies
CA-2018-108441-0,CA-2018-108441,OFF-PA-10000697,19.04,4,0.00,9.33,East,Office Supplies
CA-2018-108441-1,CA-2018-108441,OFF-BI-10000848,13.13,3,0.20,4.27,East,Office Supplies
CA-2018-108441-2,CA-2018-108441,OFF-AR-10004691,64.14,3,0.00,16.68,East,Office Supplies
CA-2018-108441-3,CA-2018-108441,FUR-CH-10000595,858.24,4,0.10,143.04,East,Furniture
CA-2016-169740-0,CA-2016-169740,TEC-AC-10000927,29.99,1,0.00,3.00,South,Technology
CA-2017-124051-0,CA-2017-124051,OFF-PA-10001289,186.05,6,0.20,67.44,Central,Office Supplies
CA-2017-149111-0,CA-2017-149111,TEC-PH-10003092,36.79,1,0.20,4.14,South,Technology
CA-2017-149111-1,CA-2017-149111,FUR-FU-10000206,18.62,8,0.20,6.29,South,Furniture
CA-2015-131002-0,CA-2015-131002,FUR-FU-10004270,57.69,3,0.00,23.65,Central,Furniture
CA-2015-131002-1,CA-2015-131002,OFF-BI-10000948,42.81,3,0.00,20.12,Central,Office Supplies
CA-2015-131002-2,CA-2015-131002,OFF-PA-10000223,12.96,2,0.00,6.22,Central,Office Supplies
CA-2015-131002-3,CA-2015-131002,FUR-FU-10004665,821.88,6,0.00,213.69,Central,Furniture
CA-2015-131002-4,CA-2015-131002,TEC-PH-10000215,104.85,3,0.00,28.31,Central,Technology
US-2017-146794-0,US-2017-146794,FUR-BO-10004467,424.96,5,0.15,20.00,West,Furniture
CA-2018-112515-0,CA-2018-112515,OFF-BI-10000829,10.78,3,0.20,3.50,West,Office Supplies
CA-2018-112515-1,CA-2018-112515,OFF-BI-10003712,11.78,3,0.20,4.27,West,Office Supplies
CA-2018-112515-2,CA-2018-112515,OFF-PA-10000062,164.88,3,0.00,80.79,West,Office Supplies
CA-2018-112515-3,CA-2018-112515,FUR-BO-10003404,1292.94,3,0.00,77.58,West,Furniture
CA-2018-112515-4,CA-2018-112515,OFF-BI-10004233,25.58,2,0.20,8.95,West,Office Supplies
CA-2018-112515-5,CA-2018-112515,OFF-ST-10001272,261.74,2,0.00,65.44,West,Office Supplies
CA-2018-112515-6,CA-2018-112515,OFF-LA-10001175,14.40,5,0.00,7.06,West,Office Supplies
CA-2017-150343-0,CA-2017-150343,OFF-EN-10004030,10.86,3,0.00,5.10,West,Office Supplies
CA-2016-135538-0,CA-2016-135538,FUR-CH-10004287,883.84,4,0.20,99.43,West,Furniture
CA-2018-123372-0,CA-2018-123372,TEC-PH-10002834,1979.89,11,0.00,494.97,East,Technology
CA-2018-123372-1,CA-2018-123372,OFF-EN-10003055,79.96,2,0.00,35.98,East,Office Supplies
CA-2018-159604-0,CA-2018-159604,OFF-BI-10003460,8.76,2,0.00,4.20,Central,Office Supplies
CA-2017-164784-0,CA-2017-164784,OFF-LA-10001569,3.98,1,0.20,1.29,South,Office Supplies
CA-2017-164784-1,CA-2017-164784,FUR-TA-10004534,370.62,3,0.40,-142.07,South,Furniture
CA-2017-164784-2,CA-2017-164784,OFF-BI-10002954,2.74,2,0.70,-2.01,South,Office Supplies
CA-2017-111794-0,CA-2017-111794,TEC-AC-10003832,79.51,3,0.20,20.87,Central,Technology
CA-2017-111794-1,CA-2017-111794,OFF-PA-10000474,28.35,1,0.20,9.57,Central,Office Supplies
US-2016-139759-0,US-2016-139759,FUR-CH-10002774,40.78,1,0.20,4.59,West,Furniture
US-2016-139759-1,US-2016-139759,OFF-AP-10002765,105.96,4,0.00,29.67,West,Office Supplies
CA-2015-126403-0,CA-2015-126403,OFF-PA-10001144,166.44,3,0.00,79.89,East,Office Supplies
CA-2015-126403-1,CA-2015-126403,FUR-CH-10003761,785.88,6,0.00,212.19,East,Furniture
CA-2015-126403-2,CA-2015-126403,OFF-PA-10004665,26.20,2,0.00,12.84,East,Office Supplies
CA-2015-126403-3,CA-2015-126403,OFF-ST-10000078,1325.85,5,0.00,238.65,East,Office Supplies
CA-2018-136875-0,CA-2018-136875,OFF-PA-10000357,166.44,3,0.00,79.89,West,Office Supplies
CA-2018-132185-0,CA-2018-132185,OFF-AR-10000422,8.76,5,0.20,0.77,South,Office Supplies
CA-2018-132185-1,CA-2018-132185,OFF-AP-10001205,43.58,1,0.20,4.36,South,Office Supplies
US-2015-160780-0,US-2015-160780,OFF-BI-10001116,11.09,7,0.70,-8.13,West,Office Supplies
US-2015-160780-1,US-2015-160780,OFF-BI-10002931,25.16,2,0.70,-16.78,West,Office Supplies
CA-2018-127026-0,CA-2018-127026,OFF-BI-10000546,14.40,5,0.00,7.06,Central,Office Supplies
CA-2018-127026-1,CA-2018-127026,TEC-AC-10002049,619.95,5,0.00,111.59,Central,Technology
CA-2018-127026-2,CA-2018-127026,OFF-BI-10001196,89.52,4,0.00,42.07,Central,Office Supplies
CA-2018-127026-3,CA-2018-127026,TEC-MA-10002981,350.97,3,0.10,152.09,Central,Technology
CA-2018-127026-4,CA-2018-127026,TEC-PH-10003601,164.99,1,0.00,49.50,Central,Technology
CA-2018-137085-0,CA-2018-137085,OFF-BI-10000632,312.55,9,0.20,101.58,West,Office Supplies
CA-2017-133123-0,CA-2017-133123,OFF-EN-10003055,95.95,3,0.20,29.98,South,Office Supplies
CA-2017-133123-1,CA-2017-133123,OFF-BI-10001031,3.20,2,0.70,-2.46,South,Office Supplies
US-2017-128195-0,US-2017-128195,OFF-BI-10002003,3.98,5,0.80,-6.57,Central,Office Supplies
CA-2016-153220-0,CA-2016-153220,OFF-PA-10003016,15.70,5,0.00,7.07,West,Office Supplies
CA-2015-123064-0,CA-2015-123064,OFF-AR-10004582,5.25,4,0.20,1.64,Central,Office Supplies
CA-2018-156412-0,CA-2018-156412,OFF-BI-10004364,5.35,3,0.70,-4.46,East,Office Supplies
US-2017-144211-0,US-2017-144211,OFF-PA-10002246,15.48,3,0.20,5.61,West,Office Supplies
US-2017-144211-1,US-2017-144211,TEC-PH-10002890,108.58,3,0.20,8.14,West,Technology
CA-2017-138079-0,CA-2017-138079,FUR-FU-10001475,109.90,5,0.00,37.37,West,Furniture
CA-2015-143182-0,CA-2015-143182,FUR-FU-10004270,15.38,1,0.20,4.04,South,Furniture
CA-2017-161662-0,CA-2017-161662,OFF-PA-10003465,30.35,2,0.20,10.62,East,Office Supplies
CA-2015-145317-0,CA-2015-145317,TEC-MA-10003626,821.30,4,0.50,-16.43,South,Technology
CA-2015-145317-1,CA-2015-145317,TEC-MA-10002412,22638.48,6,0.50,-1811.08,South,Technology
CA-2015-145317-2,CA-2015-145317,OFF-PA-10001804,21.38,4,0.20,7.48,South,Office Supplies
CA-2015-145317-3,CA-2015-145317,OFF-AR-10003183,8.02,3,0.20,1.00,South,Office Supplies
CA-2015-145317-4,CA-2015-145317,FUR-FU-10004270,30.77,2,0.20,8.08,South,Furniture
CA-2015-145317-5,CA-2015-145317,OFF-FA-10003112,18.94,3,0.20,5.92,South,Office Supplies
CA-2015-145317-6,CA-2015-145317,FUR-FU-10001986,122.35,3,0.20,15.29,South,Furniture
CA-2015-143413-0,CA-2015-143413,OFF-PA-10002319,116.28,3,0.00,56.98,East,Office Supplies
CA-2018-156818-0,CA-2018-156818,TEC-AC-10002323,132.60,6,0.00,17.24,East,Technology
CA-2018-155873-0,CA-2018-155873,OFF-SU-10001165,16.68,2,0.00,4.34,West,Office Supplies
CA-2018-155873-1,CA-2018-155873,OFF-PA-10001246,19.44,3,0.00,9.33,West,Office Supplies
CA-2018-155873-2,CA-2018-155873,OFF-PA-10001815,192.16,4,0.00,92.24,West,Office Supplies
CA-2016-121797-0,CA-2016-121797,FUR-FU-10001876,227.36,7,0.00,81.85,West,Furniture
CA-2016-121797-1,CA-2016-121797,TEC-MA-10000488,1919.98,3,0.20,216.00,West,Technology
US-2016-120572-0,US-2016-120572,OFF-BI-10001098,12.83,2,0.70,-8.98,South,Office Supplies
CA-2018-132430-0,CA-2018-132430,FUR-FU-10003577,45.89,4,0.20,9.18,East,Furniture
CA-2018-146031-0,CA-2018-146031,OFF-AR-10002656,60.12,9,0.00,22.24,East,Office Supplies
CA-2015-110100-0,CA-2015-110100,TEC-PH-10004531,302.38,3,0.20,37.80,South,Technology
CA-2016-103723-0,CA-2016-103723,OFF-AR-10003251,13.90,5,0.00,5.56,West,Office Supplies
CA-2015-127187-0,CA-2015-127187,TEC-PH-10000673,129.98,2,0.00,62.39,East,Technology
CA-2018-128475-0,CA-2018-128475,TEC-AC-10000158,71.98,2,0.00,15.12,South,Technology
CA-2015-100006-0,CA-2015-100006,TEC-PH-10002075,377.97,3,0.00,109.61,East,Technology
CA-2018-144827-0,CA-2018-144827,OFF-ST-10004340,124.36,2,0.00,33.58,West,Office Supplies
CA-2015-110030-0,CA-2015-110030,FUR-FU-10002759,23.98,3,0.60,-14.39,Central,Furniture
CA-2015-121286-0,CA-2015-121286,OFF-FA-10000585,8.38,3,0.20,2.72,South,Office Supplies
CA-2015-121286-1,CA-2015-121286,OFF-AP-10004859,58.24,5,0.20,5.10,South,Office Supplies
CA-2017-164735-0,CA-2017-164735,OFF-ST-10001558,81.20,5,0.00,12.18,South,Office Supplies
CA-2015-153479-0,CA-2015-153479,OFF-LA-10004689,14.45,5,0.00,6.79,West,Office Supplies
CA-2015-153479-1,CA-2015-153479,OFF-BI-10002867,95.65,2,0.20,31.09,West,Office Supplies
CA-2018-149888-0,CA-2018-149888,TEC-PH-10003811,359.97,5,0.40,-71.99,East,Technology
CA-2018-149888-1,CA-2018-149888,FUR-TA-10000849,350.35,4,0.40,-140.14,East,Furniture
CA-2018-119193-0,CA-2018-119193,OFF-BI-10000848,1.64,1,0.70,-1.31,East,Office Supplies
CA-2018-119193-1,CA-2018-119193,TEC-PH-10003072,629.96,7,0.40,94.49,East,Technology
CA-2018-104801-0,CA-2018-104801,OFF-AR-10001547,6.63,3,0.00,1.79,West,Office Supplies
CA-2018-104801-1,CA-2018-104801,TEC-AC-10001838,799.96,4,0.00,343.98,West,Technology
CA-2018-104801-2,CA-2018-104801,FUR-FU-10004017,107.53,1,0.00,21.51,West,Furniture
CA-2015-107594-0,CA-2015-107594,TEC-PH-10002923,73.98,2,0.00,19.97,East,Technology
CA-2015-107594-1,CA-2015-107594,OFF-AR-10000716,5.58,1,0.00,2.18,East,Office Supplies
CA-2016-129770-0,CA-2016-129770,OFF-PA-10000249,49.12,4,0.00,23.09,West,Office Supplies
CA-2016-115798-0,CA-2016-115798,TEC-PH-10003691,377.97,3,0.00,94.49,East,Technology
CA-2016-115798-1,CA-2016-115798,OFF-PA-10001560,42.28,7,0.00,19.87,East,Office Supplies
CA-2016-115798-2,CA-2016-115798,FUR-BO-10004467,299.97,3,0.00,56.99,East,Furniture
CA-2016-115798-3,CA-2016-115798,TEC-PH-10001819,89.98,2,0.00,43.19,East,Technology
CA-2018-122707-0,CA-2018-122707,OFF-SU-10000157,477.24,4,0.00,9.54,South,Office Supplies
CA-2018-122707-1,CA-2018-122707,TEC-AC-10004227,25.98,2,0.00,1.56,South,Technology
CA-2017-165015-0,CA-2017-165015,OFF-EN-10003134,46.72,5,0.20,17.52,East,Office Supplies
CA-2015-149244-0,CA-2015-149244,FUR-FU-10004671,35.34,2,0.00,13.43,West,Furniture
CA-2016-140144-0,CA-2016-140144,FUR-FU-10002253,257.64,6,0.00,100.48,West,Furniture
CA-2016-140144-1,CA-2016-140144,TEC-PH-10002726,125.98,3,0.20,47.24,West,Technology
CA-2018-163321-0,CA-2018-163321,TEC-AC-10004571,79.99,1,0.20,22.00,South,Technology
CA-2015-155887-0,CA-2015-155887,FUR-TA-10002228,700.06,3,0.30,-130.01,East,Furniture
US-2016-165449-0,US-2016-165449,TEC-AC-10004127,27.17,4,0.20,-1.36,Central,Technology
CA-2016-110247-0,CA-2016-110247,OFF-BI-10001553,8.23,3,0.70,-6.03,South,Office Supplies
US-2015-141257-0,US-2015-141257,FUR-CH-10002758,585.55,3,0.20,73.19,West,Furniture
CA-2015-154669-0,CA-2015-154669,OFF-ST-10000532,423.28,11,0.00,110.05,West,Office Supplies
CA-2015-158029-0,CA-2015-158029,FUR-CH-10000988,225.30,2,0.20,22.53,West,Furniture
CA-2016-155306-0,CA-2016-155306,OFF-AR-10003251,5.56,2,0.00,2.22,West,Office Supplies
CA-2016-155306-1,CA-2016-155306,TEC-AC-10003174,323.37,3,0.00,129.35,West,Technology
CA-2016-155306-2,CA-2016-155306,TEC-PH-10002310,783.96,5,0.20,68.60,West,Technology
CA-2016-155306-3,CA-2016-155306,OFF-AP-10002651,1447.65,5,0.00,419.82,West,Office Supplies
CA-2016-155306-4,CA-2016-155306,OFF-PA-10001184,11.96,2,0.00,5.86,West,Office Supplies
CA-2017-127775-0,CA-2017-127775,TEC-AC-10002402,239.97,3,0.00,71.99,East,Technology
CA-2017-146171-0,CA-2017-146171,FUR-FU-10004270,76.92,4,0.00,31.54,South,Furniture
CA-2017-146171-1,CA-2017-146171,OFF-ST-10001526,481.32,4,0.00,125.14,South,Office Supplies
CA-2015-129574-0,CA-2015-129574,OFF-PA-10002893,48.40,5,0.00,23.23,West,Office Supplies
CA-2018-126536-0,CA-2018-126536,TEC-AC-10003709,0.99,1,0.00,0.44,West,Technology
CA-2018-126536-1,CA-2018-126536,OFF-BI-10001191,101.84,5,0.20,36.92,West,Office Supplies
CA-2018-165757-0,CA-2018-165757,OFF-BI-10003166,10.33,3,0.70,-7.58,East,Office Supplies
CA-2018-165757-1,CA-2018-165757,OFF-BI-10003982,31.16,5,0.70,-23.89,East,Office Supplies
CA-2018-165757-2,CA-2018-165757,OFF-ST-10004835,8.93,2,0.20,0.67,East,Office Supplies
CA-2018-167752-0,CA-2018-167752,OFF-AP-10000159,34.38,1,0.20,3.87,East,Office Supplies
CA-2018-167752-1,CA-2018-167752,OFF-AP-10002945,1924.16,8,0.20,312.68,East,Office Supplies
US-2016-122140-0,US-2016-122140,OFF-AP-10001242,32.19,2,0.80,-80.48,Central,Office Supplies
US-2016-122140-1,US-2016-122140,TEC-AC-10003038,50.12,7,0.20,-0.63,Central,Technology
US-2016-122140-2,US-2016-122140,TEC-AC-10003289,47.98,3,0.20,1.80,Central,Technology
CA-2017-163986-0,CA-2017-163986,OFF-ST-10000918,54.50,5,0.00,14.17,Central,Office Supplies
CA-2018-158967-0,CA-2018-158967,FUR-FU-10001940,19.10,3,0.20,5.73,South,Furniture
CA-2017-131576-0,CA-2017-131576,OFF-BI-10002852,49.44,3,0.00,24.23,Central,Office Supplies
CA-2018-143455-0,CA-2018-143455,OFF-PA-10004451,10.37,2,0.20,3.63,East,Office Supplies
CA-2017-144729-0,CA-2017-144729,OFF-ST-10004804,154.44,3,0.00,1.54,West,Office Supplies
CA-2016-127019-0,CA-2016-127019,OFF-AP-10003971,60.98,7,0.20,4.57,West,Office Supplies
CA-2016-138534-0,CA-2016-138534,FUR-BO-10003159,195.47,2,0.15,-13.80,West,Furniture
CA-2018-108322-0,CA-2018-108322,FUR-FU-10001935,23.68,8,0.20,6.22,South,Furniture
CA-2018-108322-1,CA-2018-108322,TEC-AC-10003433,2.38,3,0.20,0.74,South,Technology
CA-2018-167668-0,CA-2018-167668,OFF-LA-10004544,59.20,4,0.00,29.60,East,Office Supplies
CA-2018-146724-0,CA-2018-146724,OFF-AR-10001026,22.00,10,0.00,9.68,Central,Office Supplies
CA-2017-139878-0,CA-2017-139878,TEC-PH-10001336,257.98,2,0.00,74.81,Central,Technology
US-2017-106677-0,US-2017-106677,TEC-PH-10003187,23.99,2,0.40,-15.99,East,Technology
CA-2017-116974-0,CA-2017-116974,TEC-PH-10004897,23.98,4,0.40,-15.58,East,Technology
CA-2016-149972-0,CA-2016-149972,FUR-CH-10004997,601.54,4,0.20,0.00,West,Furniture
CA-2016-149972-1,CA-2016-149972,OFF-FA-10002763,7.90,2,0.00,2.53,West,Office Supplies
US-2015-117744-0,US-2015-117744,FUR-FU-10001588,58.36,5,0.60,-24.80,Central,Furniture
US-2015-117744-1,US-2015-117744,OFF-AR-10000940,16.46,7,0.20,1.44,Central,Office Supplies
US-2015-117744-2,US-2015-117744,FUR-FU-10002759,39.96,5,0.60,-23.98,Central,Furniture
CA-2015-125514-0,CA-2015-125514,OFF-AP-10000358,25.96,2,0.00,7.53,Central,Office Supplies
CA-2015-125514-1,CA-2015-125514,OFF-AP-10003281,36.27,3,0.00,10.88,Central,Office Supplies
CA-2015-125514-2,CA-2015-125514,OFF-PA-10000029,6.48,1,0.00,3.11,Central,Office Supplies
CA-2015-154599-0,CA-2015-154599,TEC-PH-10001557,1075.09,14,0.20,94.07,West,Technology
CA-2015-154599-1,CA-2015-154599,TEC-PH-10000576,438.37,4,0.20,38.36,West,Technology
CA-2015-154599-2,CA-2015-154599,OFF-BI-10002764,18.09,7,0.20,6.56,West,Office Supplies
CA-2015-154599-3,CA-2015-154599,FUR-BO-10001337,308.50,3,0.15,-18.15,West,Furniture
CA-2018-158743-0,CA-2018-158743,OFF-AR-10002257,13.36,4,0.00,4.14,South,Office Supplies
CA-2018-158743-1,CA-2018-158743,OFF-PA-10001019,39.96,2,0.00,18.78,South,Office Supplies
CA-2018-158743-2,CA-2018-158743,OFF-BI-10003364,145.85,5,0.00,70.01,South,Office Supplies
CA-2017-153318-0,CA-2017-153318,TEC-PH-10000984,783.96,5,0.20,78.40,South,Technology
US-2016-110163-0,US-2016-110163,OFF-AR-10001683,7.88,1,0.20,1.77,West,Office Supplies
CA-2018-143329-0,CA-2018-143329,FUR-FU-10000629,41.37,3,0.00,17.38,West,Furniture
CA-2016-159380-0,CA-2016-159380,OFF-PA-10003893,12.84,3,0.00,5.78,West,Office Supplies
CA-2016-159380-1,CA-2016-159380,OFF-PA-10004239,25.68,6,0.00,11.56,West,Office Supplies
CA-2016-122623-0,CA-2016-122623,FUR-CH-10000553,47.52,2,0.30,-2.04,Central,Furniture
CA-2016-148635-0,CA-2016-148635,OFF-FA-10004395,9.42,2,0.00,0.47,West,Office Supplies
CA-2016-148635-1,CA-2016-148635,OFF-PA-10004782,12.96,2,0.00,6.22,West,Office Supplies
CA-2016-148635-2,CA-2016-148635,FUR-BO-10002213,704.90,5,0.00,56.39,West,Furniture
CA-2016-148635-3,CA-2016-148635,FUR-CH-10001854,561.57,2,0.20,28.08,West,Furniture
CA-2016-135685-0,CA-2016-135685,OFF-PA-10000157,179.82,9,0.00,84.52,Central,Office Supplies
CA-2016-135685-1,CA-2016-135685,FUR-FU-10001185,185.58,6,0.00,76.09,Central,Furniture
CA-2016-135685-2,CA-2016-135685,FUR-TA-10001520,214.11,3,0.00,36.40,Central,Furniture
CA-2016-135685-3,CA-2016-135685,TEC-AC-10004145,999.96,4,0.00,229.99,Central,Technology
CA-2016-135685-4,CA-2016-135685,FUR-TA-10000688,653.55,3,0.00,111.10,Central,Furniture
CA-2016-104626-0,CA-2016-104626,OFF-BI-10001510,114.60,5,0.00,51.57,East,Office Supplies
CA-2016-104626-1,CA-2016-104626,FUR-CH-10003817,60.74,1,0.00,15.19,East,Furniture
CA-2016-104626-2,CA-2016-104626,FUR-FU-10000308,124.36,2,0.00,27.36,East,Furniture
CA-2016-104626-3,CA-2016-104626,OFF-ST-10003208,1088.76,6,0.00,315.74,East,Office Supplies
CA-2017-160500-0,CA-2017-160500,OFF-BI-10003784,6.72,5,0.20,2.35,West,Office Supplies
CA-2017-160500-1,CA-2017-160500,FUR-TA-10003748,298.78,3,0.20,7.47,West,Furniture
CA-2017-100202-0,CA-2017-100202,TEC-PH-10002563,302.38,3,0.20,22.68,West,Technology
CA-2018-131016-0,CA-2018-131016,OFF-AR-10000122,8.93,2,0.20,0.56,Central,Office Supplies
CA-2018-131016-1,CA-2018-131016,OFF-ST-10000352,47.58,2,0.20,-2.97,Central,Office Supplies
US-2015-112914-0,US-2015-112914,OFF-PA-10003270,33.79,8,0.20,10.56,Central,Office Supplies
US-2015-112914-1,US-2015-112914,FUR-BO-10003272,300.53,2,0.32,-97.23,Central,Furniture
US-2015-112914-2,US-2015-112914,OFF-BI-10002982,2.72,2,0.80,-4.36,Central,Office Supplies
US-2015-112914-3,US-2015-112914,OFF-EN-10001509,3.26,2,0.20,1.10,Central,Office Supplies
CA-2017-124149-0,CA-2017-124149,OFF-PA-10002421,108.34,6,0.20,37.92,East,Office Supplies
CA-2017-124149-1,CA-2017-124149,OFF-ST-10000760,55.92,5,0.20,6.29,East,Office Supplies
CA-2017-124149-2,CA-2017-124149,OFF-PA-10002923,78.30,2,0.20,29.36,East,Office Supplies
CA-2015-148915-0,CA-2015-148915,OFF-ST-10001128,443.92,5,0.20,-94.33,West,Office Supplies
CA-2015-148915-1,CA-2015-148915,TEC-PH-10000673,155.98,3,0.20,54.59,West,Technology
CA-2018-134649-0,CA-2018-134649,OFF-AR-10001547,15.47,7,0.00,4.18,South,Office Supplies
CA-2018-134649-1,CA-2018-134649,OFF-BI-10001890,7.16,2,0.00,3.44,South,Office Supplies
CA-2018-110842-0,CA-2018-110842,OFF-AP-10003971,10.89,1,0.00,2.83,West,Office Supplies
CA-2018-110842-1,CA-2018-110842,OFF-PA-10000520,19.44,3,0.00,9.33,West,Office Supplies
CA-2018-110842-2,CA-2018-110842,OFF-BI-10000977,121.60,5,0.20,39.52,West,Office Supplies
CA-2017-147368-0,CA-2017-147368,TEC-MA-10002178,695.70,2,0.50,-27.83,South,Technology
US-2016-104185-0,US-2016-104185,OFF-ST-10001526,120.33,1,0.00,31.29,East,Office Supplies
US-2015-125521-0,US-2015-125521,FUR-CH-10003379,1139.92,4,0.00,284.98,South,Furniture
US-2018-135062-0,US-2018-135062,OFF-PA-10000100,229.54,7,0.20,83.21,South,Office Supplies
CA-2018-135650-0,CA-2018-135650,OFF-ST-10001809,143.73,2,0.20,-32.34,Central,Office Supplies
CA-2018-112865-0,CA-2018-112865,TEC-AC-10000387,36.05,3,0.20,-0.90,East,Technology
US-2017-162852-0,US-2017-162852,FUR-CH-10004853,845.49,8,0.30,-12.08,Central,Furniture
CA-2018-138163-0,CA-2018-138163,OFF-AR-10001958,50.94,3,0.00,14.26,East,Office Supplies
CA-2018-152093-0,CA-2018-152093,OFF-BI-10003527,762.59,3,0.80,-1143.89,Central,Office Supplies
CA-2018-157854-0,CA-2018-157854,FUR-FU-10003832,56.28,6,0.00,15.76,South,Furniture
CA-2018-157854-1,CA-2018-157854,OFF-BI-10001359,2690.97,3,0.00,1264.76,South,Office Supplies
CA-2017-123617-0,CA-2017-123617,OFF-BI-10002976,7.43,6,0.70,-5.70,South,Office Supplies
US-2017-128293-0,US-2017-128293,OFF-ST-10000736,64.78,1,0.20,-12.96,East,Office Supplies
CA-2018-107342-0,CA-2018-107342,OFF-PA-10001745,28.16,4,0.00,13.24,Central,Office Supplies
CA-2017-136371-0,CA-2017-136371,FUR-FU-10000409,14.98,1,0.00,6.89,East,Furniture
CA-2017-136371-1,CA-2017-136371,FUR-FU-10000221,20.32,4,0.00,6.91,East,Furniture
CA-2018-137344-0,CA-2018-137344,OFF-ST-10000344,40.29,3,0.00,10.48,East,Office Supplies
CA-2018-169810-0,CA-2018-169810,OFF-LA-10003663,20.23,7,0.00,9.51,Central,Office Supplies
CA-2017-128594-0,CA-2017-128594,FUR-CH-10001215,1603.14,4,0.20,100.20,West,Furniture
CA-2017-154690-0,CA-2017-154690,FUR-CH-10000988,225.30,2,0.20,22.53,South,Furniture
CA-2018-138975-0,CA-2018-138975,TEC-AC-10003441,67.80,4,0.00,4.07,South,Technology
CA-2018-138975-1,CA-2018-138975,TEC-PH-10004389,377.97,3,0.00,98.27,South,Technology
CA-2018-138975-2,CA-2018-138975,FUR-BO-10004695,1628.82,9,0.00,374.63,South,Furniture
CA-2018-138975-3,CA-2018-138975,OFF-PA-10000100,286.93,7,0.00,140.60,South,Office Supplies
CA-2018-106537-0,CA-2018-106537,OFF-PA-10000223,20.74,4,0.20,7.26,South,Office Supplies
US-2018-103828-0,US-2018-103828,OFF-ST-10001325,31.44,3,0.00,8.49,West,Office Supplies
US-2018-103828-1,US-2018-103828,OFF-AP-10004249,83.79,7,0.00,22.62,West,Office Supplies
US-2018-103828-2,US-2018-103828,OFF-AR-10000588,59.52,3,0.00,15.48,West,Office Supplies
US-2018-103828-3,US-2018-103828,OFF-SU-10000946,31.92,4,0.00,9.26,West,Office Supplies
CA-2017-115588-0,CA-2017-115588,OFF-SU-10001225,14.72,5,0.20,-3.31,East,Office Supplies
CA-2017-115588-1,CA-2017-115588,OFF-ST-10001558,38.98,3,0.20,-2.44,East,Office Supplies
CA-2018-143861-0,CA-2018-143861,FUR-FU-10001546,17.09,2,0.20,1.07,South,Furniture
CA-2015-148040-0,CA-2015-148040,OFF-PA-10002581,74.35,3,0.20,23.23,West,Office Supplies
CA-2015-148040-1,CA-2015-148040,FUR-CH-10001482,314.35,3,0.20,-35.36,West,Furniture
CA-2018-135167-0,CA-2018-135167,OFF-AR-10002399,4.26,1,0.00,1.75,West,Office Supplies
CA-2018-137022-0,CA-2018-137022,OFF-ST-10001963,811.28,8,0.00,24.34,West,Office Supplies
US-2018-102638-0,US-2018-102638,OFF-FA-10002988,6.03,3,0.00,2.95,East,Office Supplies
US-2017-167339-0,US-2017-167339,FUR-CH-10004289,153.57,2,0.20,-5.76,West,Furniture
US-2017-167339-1,US-2017-167339,FUR-CH-10000785,1013.49,7,0.20,76.01,West,Furniture
CA-2017-152072-0,CA-2017-152072,OFF-EN-10003040,52.34,2,0.00,24.60,East,Office Supplies
CA-2017-152072-1,CA-2017-152072,OFF-AR-10001573,4.66,2,0.00,1.35,East,Office Supplies
CA-2017-152072-2,CA-2017-152072,TEC-AC-10000844,254.97,3,0.00,91.79,East,Technology
CA-2017-102932-0,CA-2017-102932,OFF-BI-10000756,25.44,6,0.00,12.72,East,Office Supplies
CA-2017-102932-1,CA-2017-102932,OFF-SU-10000381,27.93,3,0.00,8.10,East,Office Supplies
CA-2015-165540-0,CA-2015-165540,OFF-BI-10004094,8.85,5,0.80,-13.72,Central,Office Supplies
CA-2017-130799-0,CA-2017-130799,FUR-FU-10001852,6.96,4,0.00,2.23,West,Furniture
CA-2017-164483-0,CA-2017-164483,OFF-BI-10000014,17.46,2,0.20,5.89,West,Office Supplies
US-2017-159856-0,US-2017-159856,FUR-CH-10003396,307.92,5,0.20,-34.64,West,Furniture
CA-2018-102099-0,CA-2018-102099,OFF-AR-10003811,6.63,3,0.00,1.79,West,Office Supplies
CA-2018-102099-1,CA-2018-102099,OFF-PA-10003172,12.96,2,0.00,6.22,West,Office Supplies
CA-2018-102099-2,CA-2018-102099,OFF-PA-10000289,32.40,5,0.00,15.55,West,Office Supplies
CA-2018-164049-0,CA-2018-164049,OFF-PA-10000791,23.85,5,0.00,10.73,West,Office Supplies
CA-2015-142727-0,CA-2015-142727,FUR-CH-10002304,51.96,2,0.00,12.99,South,Furniture
CA-2015-142727-1,CA-2015-142727,OFF-BI-10000136,17.94,3,0.00,8.61,South,Office Supplies
CA-2018-139913-0,CA-2018-139913,OFF-PA-10003739,11.56,2,0.00,5.66,East,Office Supplies
CA-2018-139913-1,CA-2018-139913,OFF-PA-10002479,26.40,5,0.00,11.88,East,Office Supplies
CA-2018-139913-2,CA-2018-139913,FUR-FU-10000771,69.08,11,0.00,29.01,East,Furniture
CA-2018-139913-3,CA-2018-139913,TEC-PH-10001552,35.88,3,0.00,10.05,East,Technology
CA-2015-169033-0,CA-2015-169033,OFF-AR-10001915,49.65,5,0.00,20.85,East,Office Supplies
US-2017-164630-0,US-2017-164630,TEC-CO-10000971,959.97,4,0.20,120.00,South,Technology
US-2016-114839-0,US-2016-114839,FUR-CH-10004086,408.42,2,0.30,-5.83,Central,Furniture
CA-2016-166464-0,CA-2016-166464,TEC-CO-10000971,479.98,2,0.20,60.00,East,Technology
CA-2016-166464-1,CA-2016-166464,OFF-LA-10001317,12.60,4,0.00,6.05,East,Office Supplies
CA-2018-124898-0,CA-2018-124898,OFF-PA-10003656,184.66,7,0.00,84.94,South,Office Supplies
CA-2017-164035-0,CA-2017-164035,OFF-PA-10002160,23.12,5,0.20,8.38,Central,Office Supplies
CA-2017-153577-0,CA-2017-153577,OFF-PA-10000575,37.46,7,0.20,12.18,Central,Office Supplies
CA-2017-153577-1,CA-2017-153577,FUR-CH-10003981,539.66,3,0.30,-7.71,Central,Furniture
CA-2015-127586-0,CA-2015-127586,OFF-ST-10002615,310.12,2,0.00,80.63,West,Office Supplies
CA-2018-121615-0,CA-2018-121615,OFF-PA-10000327,8.56,2,0.00,3.85,Central,Office Supplies
CA-2018-121615-1,CA-2018-121615,OFF-ST-10001325,52.40,5,0.00,14.15,Central,Office Supplies
CA-2018-121615-2,CA-2018-121615,OFF-LA-10001771,14.94,3,0.00,6.87,Central,Office Supplies
CA-2018-166415-0,CA-2018-166415,OFF-FA-10004968,11.22,3,0.00,0.22,West,Office Supplies
CA-2016-118444-0,CA-2016-118444,OFF-AP-10000576,387.14,4,0.20,24.20,South,Office Supplies
CA-2015-113929-0,CA-2015-113929,OFF-EN-10003286,41.40,5,0.00,19.46,East,Office Supplies
CA-2015-113929-1,CA-2015-113929,OFF-AR-10003772,35.00,4,0.00,10.50,East,Office Supplies
CA-2015-113929-2,CA-2015-113929,OFF-BI-10002852,39.55,3,0.20,14.34,East,Office Supplies
CA-2016-134747-0,CA-2016-134747,TEC-PH-10002890,135.72,3,0.00,35.29,Central,Technology
CA-2016-134747-1,CA-2016-134747,OFF-BI-10001308,12.56,2,0.00,5.65,Central,Office Supplies
CA-2016-134747-2,CA-2016-134747,TEC-PH-10001750,263.96,4,0.00,71.27,Central,Technology
CA-2018-155047-0,CA-2018-155047,OFF-AR-10003338,5.95,1,0.20,0.37,Central,Office Supplies
CA-2017-160129-0,CA-2017-160129,OFF-FA-10002763,15.80,5,0.20,2.37,East,Office Supplies
CA-2017-160129-1,CA-2017-160129,FUR-FU-10002088,14.37,2,0.20,3.95,East,Furniture
CA-2017-160129-2,CA-2017-160129,FUR-FU-10003976,70.45,7,0.20,12.33,East,Furniture
CA-2018-164329-0,CA-2018-164329,OFF-ST-10001511,129.30,2,0.00,6.46,West,Office Supplies
US-2016-141453-0,US-2016-141453,OFF-BI-10000301,3.88,3,0.80,-5.82,Central,Office Supplies
CA-2015-156993-0,CA-2015-156993,OFF-FA-10003495,6.08,1,0.00,3.04,Central,Office Supplies
CA-2015-157721-0,CA-2015-157721,OFF-AP-10001303,19.90,1,0.00,8.96,East,Office Supplies
CA-2015-157721-1,CA-2015-157721,FUR-FU-10002116,70.71,1,0.00,4.95,East,Furniture
CA-2018-128629-0,CA-2018-128629,FUR-FU-10000771,18.84,3,0.00,7.91,South,Furniture
CA-2018-158106-0,CA-2018-158106,OFF-AR-10002255,8.64,3,0.00,2.51,Central,Office Supplies
US-2018-120390-0,US-2018-120390,OFF-BI-10004995,1633.19,4,0.70,-1306.55,South,Office Supplies
CA-2018-143434-0,CA-2018-143434,FUR-FU-10002597,19.76,4,0.00,8.30,Central,Furniture
CA-2016-168564-0,CA-2016-168564,OFF-BI-10004970,6.61,2,0.20,2.23,West,Office Supplies
CA-2016-168564-1,CA-2016-168564,OFF-BI-10002557,7.28,2,0.20,2.73,West,Office Supplies
CA-2016-168564-2,CA-2016-168564,FUR-CH-10000785,144.78,1,0.20,10.86,West,Furniture
US-2017-169040-0,US-2017-169040,TEC-PH-10002310,156.79,1,0.20,13.72,West,Technology
US-2017-169040-1,US-2017-169040,TEC-PH-10002834,431.98,3,0.20,27.00,West,Technology
US-2017-169040-2,US-2017-169040,OFF-EN-10000927,35.89,1,0.00,16.15,West,Office Supplies
US-2017-169040-3,US-2017-169040,OFF-BI-10001636,47.21,7,0.20,15.34,West,Office Supplies
US-2017-169040-4,US-2017-169040,OFF-PA-10001736,248.08,7,0.00,116.60,West,Office Supplies
US-2017-169040-5,US-2017-169040,OFF-PA-10000482,189.70,5,0.00,89.16,West,Office Supplies
US-2017-169040-6,US-2017-169040,OFF-BI-10001658,59.81,3,0.20,19.44,West,Office Supplies
CA-2018-155880-0,CA-2018-155880,FUR-CH-10000422,90.99,1,0.00,14.56,Central,Furniture
CA-2018-155880-1,CA-2018-155880,FUR-CH-10004675,1526.56,7,0.00,427.44,Central,Furniture
CA-2018-155880-2,CA-2018-155880,FUR-CH-10002880,368.97,3,0.00,40.59,Central,Furniture
CA-2018-126242-0,CA-2018-126242,OFF-ST-10000675,305.01,9,0.00,76.25,West,Office Supplies
CA-2018-126242-1,CA-2018-126242,FUR-FU-10002685,18.70,1,0.00,7.11,West,Furniture
CA-2017-166443-0,CA-2017-166443,FUR-FU-10004020,38.29,7,0.00,16.46,West,Furniture
CA-2018-169859-0,CA-2018-169859,FUR-FU-10004963,26.25,3,0.00,11.03,West,Furniture
CA-2018-169859-1,CA-2018-169859,OFF-BI-10000174,64.96,14,0.20,22.74,West,Office Supplies
CA-2018-169859-2,CA-2018-169859,OFF-EN-10000461,43.70,5,0.00,20.54,West,Office Supplies
CA-2018-134915-0,CA-2018-134915,TEC-AC-10001266,41.60,4,0.20,13.00,West,Technology
CA-2018-134915-1,CA-2018-134915,OFF-PA-10002160,23.12,5,0.20,8.38,West,Office Supplies
CA-2018-134915-2,CA-2018-134915,FUR-CH-10004875,113.89,2,0.20,9.97,West,Furniture
CA-2018-134915-3,CA-2018-134915,FUR-FU-10000305,113.57,2,0.20,-5.68,West,Furniture
CA-2018-134915-4,CA-2018-134915,TEC-PH-10000347,7.92,2,0.20,0.69,West,Technology
CA-2018-134915-5,CA-2018-134915,TEC-PH-10001459,671.98,2,0.20,50.40,West,Technology
CA-2017-153353-0,CA-2017-153353,TEC-PH-10000439,39.99,1,0.00,11.60,East,Technology
CA-2018-123638-0,CA-2018-123638,FUR-CH-10002647,191.65,3,0.10,31.94,East,Furniture
CA-2018-168900-0,CA-2018-168900,OFF-BI-10003910,2.31,1,0.70,-1.93,East,Office Supplies
CA-2016-158456-0,CA-2016-158456,OFF-BI-10001097,19.94,4,0.20,7.23,West,Office Supplies
CA-2016-158456-1,CA-2016-158456,OFF-FA-10004854,45.92,4,0.00,21.58,West,Office Supplies
CA-2018-143665-0,CA-2018-143665,OFF-PA-10003673,20.34,3,0.00,9.36,West,Office Supplies
CA-2018-143665-1,CA-2018-143665,OFF-LA-10002034,39.28,8,0.00,19.25,West,Office Supplies
CA-2018-137428-0,CA-2018-137428,FUR-CH-10002774,81.57,2,0.20,9.18,West,Furniture
CA-2018-137428-1,CA-2018-137428,FUR-CH-10003817,97.18,2,0.20,6.07,West,Furniture
CA-2018-137428-2,CA-2018-137428,OFF-BI-10002949,24.32,5,0.20,8.21,West,Office Supplies
CA-2018-137428-3,CA-2018-137428,FUR-FU-10002445,18.96,2,0.00,7.58,West,Furniture
CA-2015-162866-0,CA-2015-162866,FUR-FU-10001473,32.95,6,0.60,-19.77,Central,Furniture
CA-2015-162866-1,CA-2015-162866,OFF-ST-10002562,30.02,4,0.20,3.00,Central,Office Supplies
CA-2018-167941-0,CA-2018-167941,OFF-AP-10002118,499.58,3,0.20,43.71,South,Office Supplies
CA-2018-167941-1,CA-2018-167941,OFF-PA-10001800,31.10,6,0.20,10.89,South,Office Supplies
CA-2018-167941-2,CA-2018-167941,OFF-BI-10002827,13.27,8,0.70,-10.62,South,Office Supplies
CA-2018-167941-3,CA-2018-167941,FUR-FU-10004671,28.27,2,0.20,6.36,South,Furniture
CA-2018-167941-4,CA-2018-167941,OFF-ST-10000736,259.14,4,0.20,-51.83,South,Office Supplies
CA-2018-111808-0,CA-2018-111808,OFF-BI-10004656,10.80,5,0.00,5.18,Central,Office Supplies
CA-2016-137512-0,CA-2016-137512,FUR-TA-10001095,244.01,2,0.30,-31.37,Central,Furniture
CA-2016-137512-1,CA-2016-137512,OFF-PA-10000213,15.94,4,0.20,5.38,Central,Office Supplies
CA-2018-139773-0,CA-2018-139773,FUR-CH-10001797,188.55,7,0.30,-2.69,East,Furniture
CA-2018-134607-0,CA-2018-134607,OFF-ST-10002214,22.58,2,0.00,5.87,East,Office Supplies
CA-2015-109232-0,CA-2015-109232,FUR-CH-10000422,545.94,6,0.00,87.35,South,Furniture
CA-2016-139850-0,CA-2016-139850,OFF-PA-10003848,20.74,4,0.20,7.26,East,Office Supplies
CA-2016-139850-1,CA-2016-139850,FUR-FU-10003623,43.30,2,0.20,4.33,East,Furniture
CA-2015-131310-0,CA-2015-131310,FUR-CH-10001797,123.14,4,0.20,13.85,West,Furniture
CA-2015-131310-1,CA-2015-131310,OFF-BI-10003094,11.26,4,0.20,3.80,West,Office Supplies
US-2015-112872-0,US-2015-112872,OFF-ST-10002205,53.42,3,0.20,4.67,West,Office Supplies
US-2015-112872-1,US-2015-112872,FUR-TA-10003238,275.49,1,0.50,-170.80,West,Furniture
CA-2017-139269-0,CA-2017-139269,FUR-FU-10000755,24.96,4,0.00,6.24,South,Furniture
CA-2017-139269-1,CA-2017-139269,OFF-PA-10002893,19.36,2,0.00,9.29,South,Office Supplies
CA-2017-139269-2,CA-2017-139269,OFF-ST-10000689,1267.65,9,0.00,152.12,South,Office Supplies
CA-2017-139010-0,CA-2017-139010,TEC-AC-10004227,12.99,1,0.00,0.78,West,Technology
CA-2017-139010-1,CA-2017-139010,OFF-BI-10000174,18.56,4,0.20,6.50,West,Office Supplies
CA-2017-139010-2,CA-2017-139010,OFF-ST-10001809,449.15,5,0.00,8.98,West,Office Supplies
CA-2017-139010-3,CA-2017-139010,OFF-BI-10002309,31.25,7,0.20,10.94,West,Office Supplies
CA-2017-134376-0,CA-2017-134376,OFF-AP-10004532,61.44,3,0.00,16.59,East,Office Supplies
CA-2018-147291-0,CA-2018-147291,OFF-BI-10003091,895.92,4,0.00,421.08,Central,Office Supplies
CA-2017-112893-0,CA-2017-112893,OFF-BI-10004654,55.36,4,0.20,18.68,West,Office Supplies
US-2015-150532-0,US-2015-150532,OFF-ST-10000760,55.92,5,0.20,6.29,West,Office Supplies
CA-2015-138317-0,CA-2015-138317,OFF-EN-10001539,24.90,4,0.20,8.40,East,Office Supplies
CA-2015-138317-1,CA-2015-138317,FUR-FU-10000550,3.98,1,0.20,0.65,East,Furniture
CA-2015-138317-2,CA-2015-138317,TEC-AC-10003628,95.97,4,0.20,28.79,East,Technology
CA-2015-138317-3,CA-2015-138317,TEC-MA-10004521,206.99,3,0.70,-172.49,East,Technology
CA-2015-138317-4,CA-2015-138317,OFF-AP-10003860,44.42,2,0.20,3.89,East,Office Supplies
CA-2015-138317-5,CA-2015-138317,OFF-BI-10000069,9.01,2,0.70,-7.20,East,Office Supplies
CA-2016-130610-0,CA-2016-130610,OFF-BI-10003655,19.00,5,0.00,8.93,Central,Office Supplies
CA-2018-104381-0,CA-2018-104381,OFF-BI-10001628,33.38,4,0.20,10.43,East,Office Supplies
CA-2017-131499-0,CA-2017-131499,OFF-AP-10003779,207.48,1,0.00,62.24,East,Office Supplies
CA-2015-148761-0,CA-2015-148761,OFF-BI-10000666,91.68,3,0.00,45.84,Central,Office Supplies
CA-2018-116519-0,CA-2018-116519,OFF-AP-10000828,904.90,5,0.00,253.37,East,Office Supplies
CA-2015-130729-0,CA-2015-130729,OFF-BI-10002706,34.27,3,0.20,11.14,West,Office Supplies
CA-2017-124772-0,CA-2017-124772,FUR-FU-10004748,191.82,3,0.00,74.81,South,Furniture
CA-2017-115525-0,CA-2017-115525,OFF-AP-10000026,243.88,5,0.20,27.44,East,Office Supplies
CA-2018-134845-0,CA-2018-134845,OFF-BI-10000773,12.03,5,0.70,-9.22,West,Office Supplies
CA-2018-134845-1,CA-2018-134845,TEC-MA-10000822,2549.99,5,0.70,-3399.98,West,Technology
CA-2018-134845-2,CA-2018-134845,OFF-BI-10001543,21.59,2,0.70,-15.84,West,Office Supplies
CA-2018-134845-3,CA-2018-134845,OFF-BI-10003355,8.96,6,0.70,-6.57,West,Office Supplies
CA-2018-134845-4,CA-2018-134845,OFF-PA-10002005,20.74,4,0.20,7.26,West,Office Supplies
US-2016-138919-0,US-2016-138919,FUR-TA-10004154,344.22,2,0.40,-103.27,East,Furniture
US-2017-160528-0,US-2017-160528,OFF-ST-10002743,727.30,8,0.20,-172.73,Central,Office Supplies
US-2017-160528-1,US-2017-160528,FUR-FU-10004973,22.61,3,0.60,-10.17,Central,Furniture
US-2017-160528-2,US-2017-160528,TEC-AC-10002842,666.40,7,0.20,-33.32,Central,Technology
CA-2016-123568-0,CA-2016-123568,OFF-FA-10002701,5.04,3,0.00,0.20,West,Office Supplies
CA-2016-123568-1,CA-2016-123568,OFF-PA-10001125,92.94,3,0.00,41.82,West,Office Supplies
CA-2016-123568-2,CA-2016-123568,FUR-FU-10004090,66.69,3,0.00,22.01,West,Furniture
CA-2016-123568-3,CA-2016-123568,OFF-BI-10001510,91.68,5,0.20,28.65,West,Office Supplies
CA-2018-124674-0,CA-2018-124674,FUR-BO-10002202,327.73,2,0.32,-14.46,Central,Furniture
CA-2016-164441-0,CA-2016-164441,OFF-BI-10001922,52.27,11,0.20,17.64,East,Office Supplies
CA-2016-164441-1,CA-2016-164441,OFF-PA-10001667,17.94,3,0.00,8.07,East,Office Supplies
CA-2018-169054-0,CA-2018-169054,FUR-FU-10001488,254.35,3,0.20,0.00,East,Furniture
CA-2015-106719-0,CA-2015-106719,OFF-BI-10002799,8.29,2,0.20,2.69,West,Office Supplies
CA-2018-116855-0,CA-2018-116855,FUR-CH-10003846,504.90,5,0.00,80.78,South,Furniture
US-2017-164189-0,US-2017-164189,TEC-PH-10003691,403.17,4,0.20,25.20,West,Technology
CA-2016-168480-0,CA-2016-168480,FUR-BO-10000468,194.32,4,0.00,31.09,Central,Furniture
CA-2016-168480-1,CA-2016-168480,OFF-AR-10001044,25.99,1,0.00,7.54,Central,Office Supplies
US-2017-114293-0,US-2017-114293,FUR-CH-10003833,195.14,4,0.20,-12.20,West,Furniture
CA-2018-134173-0,CA-2018-134173,OFF-PA-10004355,20.74,4,0.20,7.26,East,Office Supplies
US-2016-123960-0,US-2016-123960,TEC-AC-10003038,53.70,6,0.00,10.20,South,Technology
US-2016-123960-1,US-2016-123960,OFF-BI-10002799,36.26,7,0.00,16.68,South,Office Supplies
US-2016-123960-2,US-2016-123960,OFF-AR-10003582,56.30,2,0.00,15.76,South,Office Supplies
US-2016-123960-3,US-2016-123960,OFF-PA-10004451,32.40,5,0.00,15.55,South,Office Supplies
US-2016-123960-4,US-2016-123960,FUR-FU-10004666,29.16,2,0.00,10.79,South,Furniture
CA-2018-101749-0,CA-2018-101749,FUR-TA-10001520,171.29,3,0.20,-6.42,West,Furniture
US-2017-147991-0,US-2017-147991,FUR-FU-10004270,16.72,5,0.20,3.34,South,Furniture
CA-2018-149559-0,CA-2018-149559,OFF-PA-10003172,12.96,2,0.00,6.22,West,Office Supplies
CA-2018-149559-1,CA-2018-149559,OFF-EN-10002312,22.18,2,0.00,10.87,West,Office Supplies
CA-2018-149559-2,CA-2018-149559,FUR-CH-10002320,2054.27,8,0.20,256.78,West,Furniture
CA-2016-135174-0,CA-2016-135174,TEC-PH-10001530,1022.97,5,0.40,-255.74,East,Technology
CA-2018-125290-0,CA-2018-125290,OFF-AR-10001216,13.90,5,0.00,3.61,Central,Office Supplies
CA-2018-125290-1,CA-2018-125290,OFF-PA-10003127,26.38,1,0.00,12.13,Central,Office Supplies
CA-2015-137351-0,CA-2015-137351,OFF-BI-10003910,43.18,7,0.20,13.49,West,Office Supplies
CA-2018-121419-0,CA-2018-121419,FUR-TA-10004534,411.80,2,0.00,70.01,South,Furniture
CA-2018-121419-1,CA-2018-121419,TEC-AC-10000892,360.00,4,0.00,129.60,South,Technology
US-2018-148054-0,US-2018-148054,FUR-FU-10003247,41.96,2,0.00,2.94,West,Furniture
US-2018-148054-1,US-2018-148054,OFF-AP-10004336,227.84,4,0.00,66.07,West,Office Supplies
US-2018-148054-2,US-2018-148054,OFF-PA-10001295,37.94,2,0.00,18.21,West,Office Supplies
CA-2017-128517-0,CA-2017-128517,TEC-PH-10002555,517.90,2,0.00,134.65,Central,Technology
CA-2017-128517-1,CA-2017-128517,OFF-BI-10000831,5.28,2,0.00,2.43,Central,Office Supplies
US-2016-100377-0,US-2016-100377,TEC-CO-10001046,2799.96,5,0.20,874.99,Central,Technology
CA-2018-131492-0,CA-2018-131492,OFF-EN-10002973,8.96,2,0.00,4.30,West,Office Supplies
CA-2018-131492-1,CA-2018-131492,OFF-LA-10001641,31.50,10,0.00,15.12,West,Office Supplies
CA-2018-131492-2,CA-2018-131492,FUR-FU-10003878,30.56,2,0.00,10.39,West,Furniture
CA-2018-131492-3,CA-2018-131492,FUR-TA-10003837,24.37,2,0.20,-3.35,West,Furniture
CA-2017-144554-0,CA-2017-144554,TEC-AC-10002800,119.98,3,0.20,22.50,East,Technology
CA-2018-127621-0,CA-2018-127621,OFF-PA-10001307,26.88,8,0.20,9.74,Central,Office Supplies
CA-2016-145184-0,CA-2016-145184,TEC-PH-10002350,83.97,3,0.00,23.51,East,Technology
CA-2016-145184-1,CA-2016-145184,TEC-AC-10000397,104.97,3,0.00,7.35,East,Technology
CA-2018-106859-0,CA-2018-106859,OFF-ST-10000615,90.80,8,0.00,25.42,West,Office Supplies
CA-2018-106859-1,CA-2018-106859,TEC-PH-10004531,140.74,8,0.20,49.26,West,Technology
CA-2018-106859-2,CA-2018-106859,TEC-AC-10004001,214.95,5,0.00,88.13,West,Technology
CA-2018-106859-3,CA-2018-106859,OFF-PA-10001534,45.36,7,0.00,21.77,West,Office Supplies
CA-2018-106859-4,CA-2018-106859,OFF-PA-10001815,288.24,6,0.00,138.36,West,Office Supplies
US-2018-120089-0,US-2018-120089,OFF-AP-10003779,663.94,4,0.20,82.99,East,Office Supplies
CA-2015-119375-0,CA-2015-119375,OFF-ST-10002011,2934.33,7,0.00,792.27,East,Office Supplies
CA-2015-119375-1,CA-2015-119375,FUR-FU-10002379,124.41,3,0.00,14.93,East,Furniture
CA-2015-119375-2,CA-2015-119375,OFF-AR-10003752,57.75,5,0.00,26.57,East,Office Supplies
CA-2017-125206-0,CA-2017-125206,OFF-ST-10003692,114.46,2,0.00,28.61,West,Office Supplies
CA-2016-126137-0,CA-2016-126137,FUR-BO-10004409,120.67,2,0.15,18.45,West,Furniture
CA-2015-143903-0,CA-2015-143903,OFF-ST-10003306,342.86,3,0.20,38.57,Central,Office Supplies
CA-2015-143903-1,CA-2015-143903,FUR-FU-10003724,16.74,5,0.60,-14.23,Central,Furniture
CA-2015-143903-2,CA-2015-143903,FUR-CH-10002024,981.37,2,0.30,-140.20,Central,Furniture
CA-2015-104780-0,CA-2015-104780,OFF-AR-10003514,31.84,8,0.00,10.51,West,Office Supplies
CA-2018-101182-0,CA-2018-101182,OFF-PA-10001800,12.96,2,0.00,6.22,West,Office Supplies
CA-2018-101182-1,CA-2018-101182,TEC-PH-10003589,43.18,3,0.20,15.11,West,Technology
US-2018-132297-0,US-2018-132297,OFF-BI-10003364,58.34,2,0.00,28.00,South,Office Supplies
US-2018-132297-1,US-2018-132297,TEC-PH-10002834,539.97,3,0.00,134.99,South,Technology
CA-2015-100328-0,CA-2015-100328,OFF-BI-10000343,3.93,1,0.20,1.33,East,Office Supplies
CA-2018-118773-0,CA-2018-118773,OFF-BI-10004584,252.78,4,0.80,-417.09,Central,Office Supplies
CA-2018-118773-1,CA-2018-118773,TEC-AC-10002402,127.98,2,0.20,16.00,Central,Technology
CA-2018-118773-2,CA-2018-118773,FUR-FU-10000550,3.98,2,0.60,-2.69,Central,Furniture
CA-2018-118773-3,CA-2018-118773,OFF-AP-10000055,12.99,2,0.80,-32.48,Central,Office Supplies
US-2018-159205-0,US-2018-159205,FUR-FU-10001591,61.00,5,0.00,25.62,South,Furniture
US-2018-159205-1,US-2018-159205,TEC-PH-10000526,671.93,7,0.00,188.14,South,Technology
CA-2017-112123-0,CA-2017-112123,OFF-BI-10001071,447.86,7,0.00,219.45,East,Office Supplies
CA-2017-112123-1,CA-2017-112123,TEC-PH-10001557,479.95,5,0.00,129.59,East,Technology
CA-2017-112123-2,CA-2017-112123,OFF-PA-10001977,166.44,3,0.00,79.89,East,Office Supplies
CA-2016-114468-0,CA-2016-114468,OFF-SU-10004231,31.68,4,0.20,2.77,Central,Office Supplies
CA-2016-114468-1,CA-2016-114468,OFF-PA-10000809,10.37,2,0.20,3.63,Central,Office Supplies
CA-2016-114468-2,CA-2016-114468,OFF-FA-10003021,12.03,8,0.20,2.26,Central,Office Supplies
CA-2016-114468-3,CA-2016-114468,OFF-AP-10000696,5.77,2,0.80,-13.55,Central,Office Supplies
CA-2018-135692-0,CA-2018-135692,OFF-LA-10001158,33.12,4,0.20,11.59,Central,Office Supplies
CA-2018-135692-1,CA-2018-135692,FUR-BO-10002268,220.27,4,0.32,-42.11,Central,Furniture
CA-2018-131233-0,CA-2018-131233,OFF-BI-10000829,10.78,3,0.20,3.50,East,Office Supplies
CA-2018-131233-1,CA-2018-131233,FUR-BO-10003441,242.35,3,0.20,9.09,East,Furniture
CA-2018-119578-0,CA-2018-119578,OFF-SU-10003505,695.16,6,0.00,34.76,East,Office Supplies
CA-2018-119578-1,CA-2018-119578,FUR-BO-10003660,220.98,1,0.00,50.83,East,Furniture
CA-2017-124562-0,CA-2017-124562,OFF-BI-10001267,12.96,7,0.70,-9.50,East,Office Supplies
US-2018-140074-0,US-2018-140074,OFF-PA-10002741,25.68,6,0.00,11.56,East,Office Supplies
CA-2017-103037-0,CA-2017-103037,OFF-LA-10004345,15.71,4,0.20,5.70,Central,Office Supplies
CA-2018-127460-0,CA-2018-127460,OFF-ST-10004340,298.46,6,0.20,26.12,Central,Office Supplies
CA-2017-121671-0,CA-2017-121671,OFF-PA-10001471,21.93,3,0.00,10.09,Central,Office Supplies
CA-2017-121671-1,CA-2017-121671,OFF-ST-10002344,242.94,3,0.00,4.86,Central,Office Supplies
CA-2017-121671-2,CA-2017-121671,OFF-PA-10001892,7.64,1,0.00,3.74,Central,Office Supplies
CA-2017-121671-3,CA-2017-121671,OFF-PA-10001934,51.84,8,0.00,25.40,Central,Office Supplies
CA-2017-121671-4,CA-2017-121671,OFF-ST-10000078,265.17,1,0.00,47.73,Central,Office Supplies
CA-2017-150350-0,CA-2017-150350,TEC-MA-10001972,837.60,3,0.20,62.82,West,Technology
CA-2017-150350-1,CA-2017-150350,OFF-EN-10002504,135.90,5,0.00,63.87,West,Office Supplies
CA-2017-150350-2,CA-2017-150350,OFF-PA-10002160,34.68,6,0.00,16.99,West,Office Supplies
CA-2017-150350-3,CA-2017-150350,FUR-CH-10001973,532.70,6,0.20,-39.95,West,Furniture
CA-2017-150350-4,CA-2017-150350,OFF-AP-10001492,43.10,5,0.00,11.21,West,Office Supplies
CA-2017-150350-5,CA-2017-150350,OFF-SU-10002189,15.88,4,0.00,0.16,West,Office Supplies
CA-2016-121720-0,CA-2016-121720,FUR-CH-10003312,1123.92,5,0.20,-182.64,South,Furniture
CA-2016-121720-1,CA-2016-121720,TEC-PH-10002496,249.58,2,0.20,31.20,South,Technology
CA-2016-121720-2,CA-2016-121720,FUR-FU-10003464,48.67,3,0.20,7.30,South,Furniture
CA-2016-121720-3,CA-2016-121720,OFF-AR-10000380,60.77,2,0.20,7.60,South,Office Supplies
CA-2016-121720-4,CA-2016-121720,OFF-BI-10004593,78.60,5,0.70,-62.88,South,Office Supplies
CA-2016-121720-5,CA-2016-121720,OFF-BI-10001308,3.77,2,0.70,-3.14,South,Office Supplies
CA-2016-121720-6,CA-2016-121720,OFF-ST-10001780,1036.62,2,0.20,51.83,South,Office Supplies
CA-2016-121720-7,CA-2016-121720,OFF-ST-10003816,563.81,4,0.20,21.14,South,Office Supplies
CA-2018-149895-0,CA-2018-149895,TEC-PH-10002200,258.53,2,0.40,-47.40,East,Technology
CA-2018-147564-0,CA-2018-147564,OFF-PA-10004438,49.12,4,0.00,23.09,East,Office Supplies
CA-2015-136399-0,CA-2015-136399,FUR-FU-10004090,44.46,2,0.00,14.67,West,Furniture
CA-2015-136399-1,CA-2015-136399,FUR-CH-10002602,241.57,2,0.20,18.12,West,Furniture
CA-2015-136399-2,CA-2015-136399,TEC-AC-10001142,395.00,5,0.00,39.50,West,Technology
CA-2015-136399-3,CA-2015-136399,TEC-PH-10004977,627.17,4,0.20,70.56,West,Technology
CA-2015-107916-0,CA-2015-107916,FUR-FU-10004586,13.28,2,0.00,6.37,East,Furniture
CA-2015-107916-1,CA-2015-107916,OFF-BI-10001116,12.67,3,0.20,4.44,East,Office Supplies
CA-2018-164168-0,CA-2018-164168,OFF-BI-10000666,30.56,5,0.80,-45.84,Central,Office Supplies
CA-2018-164168-1,CA-2018-164168,OFF-ST-10002583,77.95,3,0.20,-15.59,Central,Office Supplies
CA-2018-164168-2,CA-2018-164168,TEC-PH-10004908,67.99,1,0.20,8.50,Central,Technology
CA-2018-164168-3,CA-2018-164168,OFF-EN-10001219,12.22,2,0.20,4.43,Central,Office Supplies
CA-2018-164168-4,CA-2018-164168,TEC-AC-10004568,44.78,2,0.20,-0.56,Central,Technology
CA-2018-164168-5,CA-2018-164168,FUR-FU-10001756,22.85,3,0.60,-17.71,Central,Furniture
CA-2016-112557-0,CA-2016-112557,OFF-AP-10002311,206.43,3,0.00,90.83,East,Office Supplies
US-2015-122959-0,US-2015-122959,OFF-BI-10003650,210.39,2,0.80,-336.63,Central,Office Supplies
CA-2018-162572-0,CA-2018-162572,TEC-AC-10003628,119.96,5,0.20,35.99,East,Technology
CA-2018-162572-1,CA-2018-162572,OFF-AR-10001547,10.61,6,0.20,0.93,East,Office Supplies
US-2017-148110-0,US-2017-148110,FUR-CH-10002647,347.80,7,0.30,-24.84,Central,Furniture
CA-2018-131828-0,CA-2018-131828,FUR-CH-10004495,963.14,4,0.20,108.35,West,Furniture
CA-2018-131828-1,CA-2018-131828,TEC-PH-10002923,88.78,3,0.20,7.77,West,Technology
CA-2015-109218-0,CA-2015-109218,OFF-AR-10001374,32.40,5,0.00,10.37,West,Office Supplies
CA-2017-120558-0,CA-2017-120558,OFF-PA-10003441,32.40,5,0.00,15.55,East,Office Supplies
US-2015-109036-0,US-2015-109036,OFF-LA-10002043,31.05,3,0.00,14.90,West,Office Supplies
CA-2016-147830-0,CA-2016-147830,TEC-AC-10002049,2025.36,6,0.20,607.61,East,Technology
CA-2016-147830-1,CA-2016-147830,TEC-MA-10000418,1799.99,2,0.70,-2639.99,East,Technology
CA-2016-147830-2,CA-2016-147830,TEC-PH-10004908,101.99,2,0.40,-17.00,East,Technology
CA-2016-147830-3,CA-2016-147830,FUR-FU-10004091,262.86,7,0.20,69.00,East,Furniture
CA-2018-150497-0,CA-2018-150497,OFF-BI-10004600,735.98,2,0.00,331.19,Central,Office Supplies
CA-2015-128986-0,CA-2015-128986,OFF-PA-10001289,93.02,3,0.20,33.72,West,Office Supplies
CA-2016-139584-0,CA-2016-139584,FUR-TA-10001539,284.36,2,0.40,-75.83,East,Furniture
CA-2016-139584-1,CA-2016-139584,TEC-AC-10001266,26.00,2,0.00,11.70,East,Technology
US-2017-162677-0,US-2017-162677,OFF-ST-10001291,67.64,5,0.20,5.92,South,Office Supplies
US-2017-162677-1,US-2017-162677,TEC-AC-10001314,119.98,3,0.20,-18.00,South,Technology
US-2015-150924-0,US-2015-150924,OFF-BI-10004040,5.18,5,0.80,-8.03,Central,Office Supplies
CA-2015-153969-0,CA-2015-153969,OFF-EN-10001539,15.56,2,0.00,7.31,West,Office Supplies
CA-2015-153969-1,CA-2015-153969,OFF-EN-10004483,78.35,5,0.00,36.82,West,Office Supplies
CA-2015-153969-2,CA-2015-153969,OFF-AR-10001615,59.52,3,0.00,15.48,West,Office Supplies
CA-2015-153969-3,CA-2015-153969,OFF-PA-10000327,38.52,9,0.00,17.33,West,Office Supplies
CA-2015-153969-4,CA-2015-153969,TEC-PH-10001299,239.98,2,0.20,24.00,West,Technology
CA-2015-153969-5,CA-2015-153969,OFF-PA-10002246,19.35,3,0.00,9.48,West,Office Supplies
CA-2017-146682-0,CA-2017-146682,FUR-FU-10002671,67.00,5,0.00,32.16,Central,Furniture
CA-2017-138695-0,CA-2017-138695,FUR-CH-10003833,390.27,8,0.20,-24.39,South,Furniture
CA-2017-138695-1,CA-2017-138695,OFF-PA-10001667,62.19,13,0.20,19.43,South,Office Supplies
CA-2018-107461-0,CA-2018-107461,OFF-BI-10002003,23.88,6,0.00,11.22,South,Office Supplies
US-2017-133879-0,US-2017-133879,OFF-BI-10004465,3.17,2,0.80,-4.75,Central,Office Supplies
US-2017-133879-1,US-2017-133879,FUR-CH-10000665,528.43,5,0.30,0.00,Central,Furniture
US-2017-133879-2,US-2017-133879,OFF-AR-10004956,13.39,3,0.20,1.51,Central,Office Supplies
CA-2018-157483-0,CA-2018-157483,OFF-AR-10004260,181.86,7,0.00,50.92,Central,Office Supplies
US-2018-132059-0,US-2018-132059,FUR-BO-10001811,180.59,2,0.70,-240.78,West,Furniture
US-2018-132059-1,US-2018-132059,TEC-AC-10003280,47.98,2,0.20,0.60,West,Technology
CA-2018-122280-0,CA-2018-122280,OFF-PA-10004911,18.76,2,0.00,9.00,East,Office Supplies
CA-2018-105235-0,CA-2018-105235,FUR-FU-10001487,20.94,3,0.00,6.07,East,Furniture
CA-2018-105235-1,CA-2018-105235,FUR-FU-10000521,58.68,2,0.00,18.19,East,Furniture
CA-2018-105235-2,CA-2018-105235,OFF-AP-10001271,254.90,5,0.00,68.82,East,Office Supplies
CA-2018-152912-0,CA-2018-152912,OFF-BI-10004728,9.64,2,0.00,4.43,East,Office Supplies
CA-2018-152912-1,CA-2018-152912,TEC-AC-10004666,826.62,3,0.00,355.45,East,Technology
CA-2018-152912-2,CA-2018-152912,OFF-ST-10003208,1633.14,9,0.00,473.61,East,Office Supplies
CA-2018-152912-3,CA-2018-152912,OFF-ST-10003208,544.38,3,0.00,157.87,East,Office Supplies
CA-2015-123498-0,CA-2015-123498,OFF-BI-10000632,26.05,3,0.80,-44.28,Central,Office Supplies
CA-2015-123498-1,CA-2015-123498,OFF-EN-10004773,74.35,3,0.20,26.95,Central,Office Supplies
CA-2018-159352-0,CA-2018-159352,TEC-PH-10004700,69.93,7,0.00,32.17,East,Technology
US-2018-146416-0,US-2018-146416,OFF-LA-10003714,3.75,1,0.00,1.80,West,Office Supplies
US-2018-146416-1,US-2018-146416,OFF-BI-10001787,20.93,4,0.20,7.59,West,Office Supplies
US-2016-163783-0,US-2016-163783,OFF-ST-10002957,12.67,3,0.20,-3.17,Central,Office Supplies
CA-2018-123981-0,CA-2018-123981,TEC-PH-10002115,65.99,1,0.00,17.16,East,Technology
CA-2018-158953-0,CA-2018-158953,OFF-BI-10002557,6.37,7,0.80,-9.55,Central,Office Supplies
CA-2015-165428-0,CA-2015-165428,OFF-BI-10002949,3.65,3,0.80,-6.02,Central,Office Supplies
CA-2015-165428-1,CA-2015-165428,OFF-PA-10004100,31.10,6,0.20,10.89,Central,Office Supplies
CA-2017-169026-0,CA-2017-169026,OFF-FA-10001883,23.34,3,0.00,0.23,South,Office Supplies
CA-2018-109750-0,CA-2018-109750,TEC-PH-10000702,29.97,3,0.00,14.09,East,Technology
CA-2016-149384-0,CA-2016-149384,OFF-BI-10003196,3.37,3,0.70,-2.24,West,Office Supplies
CA-2015-131527-0,CA-2015-131527,TEC-PH-10001644,95.97,4,0.20,9.60,South,Technology
CA-2018-164000-0,CA-2018-164000,OFF-AR-10003183,18.70,7,0.20,2.34,East,Office Supplies
CA-2015-164224-0,CA-2015-164224,FUR-FU-10000308,149.23,3,0.20,3.73,East,Furniture
CA-2015-164224-1,CA-2015-164224,OFF-PA-10001526,15.94,4,0.20,5.78,East,Office Supplies
CA-2015-158372-0,CA-2015-158372,TEC-PH-10002103,601.54,8,0.20,60.15,West,Technology
CA-2015-158372-1,CA-2015-158372,TEC-AC-10004209,10.99,1,0.00,4.29,West,Technology
CA-2015-158372-2,CA-2015-158372,FUR-FU-10000397,39.88,2,0.00,11.17,West,Furniture
CA-2015-158372-3,CA-2015-158372,OFF-PA-10002137,62.24,8,0.00,28.01,West,Office Supplies
CA-2015-158372-4,CA-2015-158372,FUR-FU-10001867,53.20,5,0.00,14.90,West,Furniture
CA-2015-158372-5,CA-2015-158372,OFF-LA-10000407,39.84,8,0.00,18.33,West,Office Supplies
CA-2017-108882-0,CA-2017-108882,TEC-AC-10000420,349.95,5,0.00,118.98,West,Technology
CA-2017-108882-1,CA-2017-108882,TEC-PH-10002726,377.93,9,0.20,141.72,West,Technology
US-2018-108245-0,US-2018-108245,OFF-EN-10001415,13.39,3,0.20,5.02,Central,Office Supplies
US-2018-108245-1,US-2018-108245,OFF-BI-10000773,11.23,7,0.80,-18.53,Central,Office Supplies
CA-2015-142314-0,CA-2015-142314,OFF-AP-10002350,207.24,11,0.00,58.03,Central,Office Supplies
CA-2017-132409-0,CA-2017-132409,OFF-AR-10001919,1.50,1,0.20,0.17,East,Office Supplies
CA-2017-132409-1,CA-2017-132409,OFF-AP-10002082,34.85,2,0.20,6.53,East,Office Supplies
CA-2018-150189-0,CA-2018-150189,OFF-LA-10002762,75.18,6,0.00,35.33,West,Office Supplies
CA-2015-114433-0,CA-2015-114433,TEC-AC-10002800,149.97,3,0.00,52.49,West,Technology
CA-2018-104640-0,CA-2018-104640,OFF-BI-10003925,931.18,3,0.20,314.27,East,Office Supplies
CA-2018-104640-1,CA-2018-104640,TEC-PH-10002200,430.88,2,0.00,124.96,East,Technology
US-2016-137008-0,US-2016-137008,OFF-PA-10001295,94.85,5,0.00,45.53,East,Office Supplies
US-2016-137008-1,US-2016-137008,OFF-EN-10002500,51.12,4,0.00,23.00,East,Office Supplies
US-2016-137008-2,US-2016-137008,TEC-AC-10000892,90.00,1,0.00,32.40,East,Technology
CA-2015-108189-0,CA-2015-108189,OFF-PA-10001838,9.41,2,0.20,3.41,West,Office Supplies
CA-2015-108189-1,CA-2015-108189,OFF-FA-10000735,4.67,2,0.20,1.46,West,Office Supplies
CA-2015-108189-2,CA-2015-108189,TEC-PH-10001760,318.40,2,0.20,107.46,West,Technology
CA-2015-108189-3,CA-2015-108189,OFF-EN-10004846,12.77,6,0.20,4.63,West,Office Supplies
CA-2015-108189-4,CA-2015-108189,OFF-SU-10003567,15.36,2,0.20,-3.26,West,Office Supplies
CA-2015-108189-5,CA-2015-108189,TEC-PH-10001557,230.38,3,0.20,20.16,West,Technology
CA-2015-108189-6,CA-2015-108189,TEC-AC-10003038,7.16,1,0.20,-0.09,West,Technology
CA-2015-154641-0,CA-2015-154641,OFF-ST-10004459,375.34,1,0.00,18.77,East,Office Supplies
CA-2018-131625-0,CA-2018-131625,FUR-FU-10004960,114.90,5,0.00,39.07,East,Furniture
US-2018-156356-0,US-2018-156356,OFF-BI-10000632,26.05,3,0.80,-44.28,Central,Office Supplies
US-2018-156356-1,US-2018-156356,OFF-BI-10001107,2.90,1,0.80,-4.78,Central,Office Supplies
US-2018-156356-2,US-2018-156356,OFF-ST-10002301,32.54,2,0.20,-7.73,Central,Office Supplies
CA-2017-138933-0,CA-2017-138933,OFF-BI-10003355,3.98,1,0.20,1.39,West,Office Supplies
CA-2017-140746-0,CA-2017-140746,FUR-TA-10002903,181.80,1,0.30,-15.58,East,Furniture
CA-2017-146836-0,CA-2017-146836,OFF-ST-10001580,44.94,3,0.00,12.58,East,Office Supplies
CA-2017-146836-1,CA-2017-146836,OFF-BI-10000315,45.58,3,0.20,15.95,East,Office Supplies
US-2017-127971-0,US-2017-127971,FUR-CH-10003774,318.43,5,0.30,-77.33,Central,Furniture
US-2017-127971-1,US-2017-127971,TEC-PH-10003095,122.92,7,0.20,46.09,Central,Technology
US-2017-127971-2,US-2017-127971,FUR-FU-10000023,7.07,3,0.60,-2.83,Central,Furniture
US-2017-140809-0,US-2017-140809,OFF-ST-10002214,56.45,5,0.00,14.68,South,Office Supplies
CA-2018-114524-0,CA-2018-114524,OFF-BI-10002799,13.47,13,0.80,-22.90,Central,Office Supplies
CA-2018-113355-0,CA-2018-113355,TEC-PH-10004912,219.80,5,0.20,24.73,Central,Technology
CA-2018-113355-1,CA-2018-113355,FUR-CH-10002602,317.06,3,0.30,-18.12,Central,Furniture
US-2018-140907-0,US-2018-140907,TEC-AC-10004510,49.08,3,0.00,4.91,West,Technology
US-2018-140907-1,US-2018-140907,OFF-ST-10000060,324.90,5,0.00,38.99,West,Office Supplies
US-2018-140907-2,US-2018-140907,OFF-AR-10000799,18.24,3,0.00,5.29,West,Office Supplies
CA-2017-159730-0,CA-2017-159730,FUR-CH-10004875,113.89,2,0.20,9.97,West,Furniture
CA-2017-159730-1,CA-2017-159730,TEC-PH-10002085,105.58,2,0.20,7.92,West,Technology
CA-2017-157868-0,CA-2017-157868,OFF-FA-10000992,24.85,7,0.00,11.68,Central,Office Supplies
CA-2018-119389-0,CA-2018-119389,FUR-FU-10001473,60.31,3,0.20,5.28,East,Furniture
CA-2018-110373-0,CA-2018-110373,OFF-AR-10003045,7.06,3,0.20,2.21,Central,Office Supplies
CA-2018-110373-1,CA-2018-110373,TEC-PH-10001536,27.18,2,0.20,2.04,Central,Technology
CA-2017-155474-0,CA-2017-155474,TEC-PH-10001580,107.98,1,0.20,9.45,West,Technology
CA-2017-155474-1,CA-2017-155474,OFF-BI-10004209,19.30,3,0.20,6.03,West,Office Supplies
CA-2016-155453-0,CA-2016-155453,OFF-LA-10001613,4.61,2,0.20,1.67,South,Office Supplies
US-2017-161844-0,US-2017-161844,FUR-TA-10001676,79.97,3,0.40,-29.32,South,Furniture
US-2017-161844-1,US-2017-161844,OFF-BI-10003712,2.95,2,0.70,-2.06,South,Office Supplies
US-2017-162103-0,US-2017-162103,OFF-BI-10000285,3.14,2,0.80,-4.70,Central,Office Supplies
CA-2015-151554-0,CA-2015-151554,OFF-PA-10004609,20.74,4,0.20,7.26,Central,Office Supplies
CA-2015-140662-0,CA-2015-140662,TEC-AC-10001314,99.98,2,0.00,8.00,West,Technology
CA-2015-140662-1,CA-2015-140662,OFF-PA-10003395,733.95,7,0.00,352.30,West,Office Supplies
CA-2015-140662-2,CA-2015-140662,OFF-AP-10001242,241.44,3,0.00,72.43,West,Office Supplies
CA-2017-122518-0,CA-2017-122518,OFF-LA-10001641,10.08,4,0.20,3.53,South,Office Supplies
US-2015-126571-0,US-2015-126571,OFF-ST-10003816,281.90,2,0.20,10.57,East,Office Supplies
US-2015-126571-1,US-2015-126571,OFF-EN-10002230,201.43,3,0.20,67.98,East,Office Supplies
CA-2015-143840-0,CA-2015-143840,TEC-PH-10002660,135.98,2,0.00,33.99,South,Technology
CA-2015-143840-1,CA-2015-143840,TEC-PH-10003171,44.95,1,0.00,12.59,South,Technology
CA-2015-115980-0,CA-2015-115980,TEC-AC-10003709,2.97,3,0.00,1.31,Central,Technology
CA-2015-115980-1,CA-2015-115980,OFF-FA-10000304,6.54,3,0.00,2.68,Central,Office Supplies
CA-2016-155145-0,CA-2016-155145,TEC-AC-10003709,7.92,8,0.00,3.48,West,Technology
CA-2016-146038-0,CA-2016-146038,FUR-CH-10002774,203.92,5,0.20,22.94,West,Furniture
CA-2018-133865-0,CA-2018-133865,TEC-CO-10001046,3359.95,6,0.20,1049.98,West,Technology
CA-2018-116358-0,CA-2018-116358,OFF-FA-10003495,18.24,3,0.00,9.12,Central,Office Supplies
CA-2018-116358-1,CA-2018-116358,OFF-AR-10004685,27.78,6,0.00,9.17,Central,Office Supplies
CA-2015-102988-0,CA-2015-102988,OFF-AR-10004757,22.96,7,0.00,7.58,South,Office Supplies
CA-2015-102988-1,CA-2015-102988,TEC-PH-10001615,28.99,1,0.00,8.41,South,Technology
CA-2015-102988-2,CA-2015-102988,OFF-PA-10003349,12.96,2,0.00,6.35,South,Office Supplies
CA-2015-102988-3,CA-2015-102988,OFF-AR-10000127,22.96,7,0.00,6.66,South,Office Supplies
CA-2015-102988-4,CA-2015-102988,OFF-SU-10002881,4164.05,5,0.00,83.28,South,Office Supplies
US-2015-117170-0,US-2015-117170,TEC-AC-10001109,47.98,2,0.20,13.20,South,Technology
US-2015-117170-1,US-2015-117170,OFF-PA-10000682,4.62,1,0.20,1.68,South,Office Supplies
CA-2015-159478-0,CA-2015-159478,FUR-FU-10000221,15.24,3,0.00,5.18,East,Furniture
CA-2015-103702-0,CA-2015-103702,OFF-BI-10002429,63.92,7,0.70,-46.88,East,Office Supplies
CA-2018-150525-0,CA-2018-150525,OFF-AR-10002375,6.56,2,0.00,1.90,Central,Office Supplies
CA-2018-150525-1,CA-2018-150525,OFF-AP-10000595,13.11,3,0.00,3.41,Central,Office Supplies
CA-2016-157770-0,CA-2016-157770,TEC-PH-10001530,494.38,3,0.20,49.44,West,Technology
CA-2016-157770-1,CA-2016-157770,OFF-BI-10000050,29.20,5,0.20,9.86,West,Office Supplies
CA-2016-157770-2,CA-2016-157770,TEC-AC-10001552,248.85,5,0.00,27.37,West,Technology
CA-2016-157770-3,CA-2016-157770,TEC-AC-10003399,36.24,1,0.00,15.22,West,Technology
CA-2017-167290-0,CA-2017-167290,OFF-AR-10004078,11.68,2,0.00,3.50,Central,Office Supplies
CA-2015-106264-0,CA-2015-106264,OFF-SU-10002189,11.91,3,0.00,0.12,West,Office Supplies
CA-2015-106264-1,CA-2015-106264,FUR-FU-10001852,3.48,2,0.00,1.11,West,Furniture
CA-2015-138023-0,CA-2015-138023,OFF-BI-10003638,30.96,8,0.80,-52.63,Central,Office Supplies
CA-2018-113418-0,CA-2018-113418,TEC-MA-10002428,1704.89,11,0.00,767.20,East,Technology
US-2016-110569-0,US-2016-110569,OFF-BI-10001036,19.19,7,0.70,-12.80,West,Office Supplies
US-2016-110569-1,US-2016-110569,OFF-AP-10004708,121.79,4,0.20,13.70,West,Office Supplies
CA-2018-136308-0,CA-2018-136308,TEC-MA-10000488,1919.98,3,0.20,216.00,West,Technology
US-2015-159926-0,US-2015-159926,OFF-BI-10003656,51.00,1,0.70,-40.80,East,Office Supplies
US-2015-159926-1,US-2015-159926,OFF-ST-10003656,76.79,1,0.20,-16.32,East,Office Supplies
US-2015-159926-2,US-2015-159926,TEC-PH-10001128,539.96,6,0.40,-107.99,East,Technology
US-2015-159926-3,US-2015-159926,FUR-FU-10001473,60.31,3,0.20,5.28,East,Furniture
US-2015-159926-4,US-2015-159926,OFF-BI-10004656,1.94,3,0.70,-1.43,East,Office Supplies
CA-2015-104738-0,CA-2015-104738,OFF-EN-10004955,12.98,3,0.20,4.71,Central,Office Supplies
CA-2015-104738-1,CA-2015-104738,TEC-PH-10002468,217.58,2,0.20,19.04,Central,Technology
CA-2015-104738-2,CA-2015-104738,TEC-PH-10000576,328.78,3,0.20,28.77,Central,Technology
CA-2015-104738-3,CA-2015-104738,OFF-BI-10002160,2.29,3,0.80,-3.66,Central,Office Supplies
CA-2015-104738-4,CA-2015-104738,TEC-AC-10003628,47.98,2,0.20,14.40,Central,Technology
CA-2016-144386-0,CA-2016-144386,OFF-BI-10001116,25.34,6,0.20,8.87,East,Office Supplies
CA-2017-111416-0,CA-2017-111416,OFF-BI-10002026,232.40,5,0.20,78.44,East,Office Supplies
CA-2017-162747-0,CA-2017-162747,FUR-FU-10003691,86.45,7,0.00,38.04,South,Furniture
US-2015-133130-0,US-2015-133130,FUR-CH-10002602,603.92,5,0.20,45.29,West,Furniture
US-2015-133130-1,US-2015-133130,OFF-PA-10000675,81.98,2,0.00,40.17,West,Office Supplies
CA-2018-169978-0,CA-2018-169978,FUR-CH-10002602,271.76,2,0.10,48.31,East,Furniture
CA-2018-169978-1,CA-2018-169978,OFF-BI-10001900,14.38,3,0.20,4.85,East,Office Supplies
CA-2018-161739-0,CA-2018-161739,FUR-FU-10001468,341.96,5,0.60,-427.45,Central,Furniture
CA-2016-165057-0,CA-2016-165057,OFF-AR-10004648,181.35,9,0.00,48.96,West,Office Supplies
CA-2016-165057-1,CA-2016-165057,OFF-LA-10003190,8.64,3,0.00,4.23,West,Office Supplies
CA-2015-134551-0,CA-2015-134551,OFF-AP-10004868,43.51,7,0.20,3.81,South,Office Supplies
CA-2015-134551-1,CA-2015-134551,FUR-CH-10004287,662.88,3,0.20,74.57,South,Furniture
CA-2015-134551-2,CA-2015-134551,OFF-PA-10002689,25.92,5,0.20,9.07,South,Office Supplies
CA-2016-120810-0,CA-2016-120810,OFF-AP-10002892,68.94,3,0.00,20.68,East,Office Supplies
CA-2016-120810-1,CA-2016-120810,FUR-FU-10002253,128.82,3,0.00,50.24,East,Furniture
CA-2015-165309-0,CA-2015-165309,OFF-BI-10001359,896.99,5,0.80,-1480.03,Central,Office Supplies
CA-2015-165309-1,CA-2015-165309,OFF-BI-10001267,1.23,1,0.80,-1.97,Central,Office Supplies
CA-2015-165309-2,CA-2015-165309,OFF-AR-10003582,67.56,3,0.20,6.76,Central,Office Supplies
CA-2015-165309-3,CA-2015-165309,OFF-PA-10003724,21.72,5,0.20,7.87,Central,Office Supplies
CA-2015-165309-4,CA-2015-165309,OFF-PA-10001033,262.34,8,0.20,95.10,Central,Office Supplies
CA-2015-165309-5,CA-2015-165309,TEC-PH-10003505,148.48,2,0.20,16.70,Central,Technology
CA-2015-165309-6,CA-2015-165309,TEC-PH-10004959,241.18,3,0.20,15.07,Central,Technology
CA-2018-122595-0,CA-2018-122595,TEC-AC-10000474,227.98,3,0.20,28.50,Central,Technology
CA-2018-122595-1,CA-2018-122595,TEC-PH-10003095,52.68,3,0.20,19.75,Central,Technology
CA-2018-122595-2,CA-2018-122595,FUR-FU-10002963,2.03,1,0.60,-1.32,Central,Furniture
US-2018-109253-0,US-2018-109253,OFF-AR-10000203,17.12,4,0.00,4.96,West,Office Supplies
US-2018-109253-1,US-2018-109253,TEC-PH-10004667,431.97,4,0.20,37.80,West,Technology
US-2018-109253-2,US-2018-109253,FUR-FU-10000193,129.92,4,0.00,10.39,West,Furniture
US-2018-109253-3,US-2018-109253,FUR-TA-10001539,568.73,3,0.20,28.44,West,Furniture
US-2018-109253-4,US-2018-109253,OFF-BI-10000962,117.14,9,0.20,42.46,West,Office Supplies
US-2018-109253-5,US-2018-109253,OFF-AP-10002867,203.52,3,0.00,54.95,West,Office Supplies
US-2018-109253-6,US-2018-109253,OFF-LA-10001158,51.75,5,0.00,24.84,West,Office Supplies
CA-2017-145982-0,CA-2017-145982,OFF-PA-10000675,122.97,3,0.00,60.26,East,Office Supplies
CA-2017-145982-1,CA-2017-145982,FUR-TA-10001307,244.62,1,0.30,20.97,East,Furniture
CA-2017-145982-2,CA-2017-145982,TEC-PH-10000011,59.97,3,0.00,28.79,East,Technology
CA-2017-145982-3,CA-2017-145982,OFF-PA-10002666,81.54,9,0.00,36.69,East,Office Supplies
CA-2017-145982-4,CA-2017-145982,OFF-FA-10000735,11.68,4,0.00,5.26,East,Office Supplies
CA-2017-145982-5,CA-2017-145982,OFF-BI-10000174,29.00,5,0.00,13.92,East,Office Supplies
CA-2016-112014-0,CA-2016-112014,OFF-AR-10003156,50.80,5,0.00,13.21,West,Office Supplies
CA-2018-154732-0,CA-2018-154732,OFF-BI-10000474,16.03,5,0.80,-25.65,Central,Office Supplies
US-2017-157308-0,US-2017-157308,OFF-BI-10003712,15.71,4,0.20,5.70,West,Office Supplies
CA-2017-147536-0,CA-2017-147536,TEC-AC-10003280,89.97,3,0.00,18.89,East,Technology
US-2015-134733-0,US-2015-134733,FUR-BO-10002916,436.00,3,0.15,20.52,West,Furniture
US-2015-134733-1,US-2015-134733,TEC-PH-10002726,83.98,2,0.20,31.49,West,Technology
US-2015-150434-0,US-2015-150434,TEC-PH-10000895,359.98,2,0.00,93.59,East,Technology
US-2015-150434-1,US-2015-150434,FUR-TA-10004152,70.56,1,0.30,-4.03,East,Furniture
US-2015-150434-2,US-2015-150434,OFF-BI-10003694,20.88,2,0.00,9.60,East,Office Supplies
US-2015-150434-3,US-2015-150434,OFF-BI-10002160,3.81,1,0.00,1.83,East,Office Supplies
CA-2018-100335-0,CA-2018-100335,OFF-PA-10001685,73.01,9,0.20,26.47,Central,Office Supplies
CA-2017-139234-0,CA-2017-139234,OFF-BI-10000773,3.21,2,0.80,-5.29,Central,Office Supplies
CA-2017-139234-1,CA-2017-139234,TEC-AC-10004510,26.18,2,0.20,-3.27,Central,Technology
US-2016-142020-0,US-2016-142020,OFF-PA-10004569,30.44,4,0.00,14.31,East,Office Supplies
US-2016-142020-1,US-2016-142020,FUR-FU-10000672,35.28,3,0.00,12.00,East,Furniture
CA-2016-139962-0,CA-2016-139962,OFF-PA-10004451,19.44,3,0.00,9.33,East,Office Supplies
CA-2016-139962-1,CA-2016-139962,OFF-BI-10004738,37.88,2,0.00,18.94,East,Office Supplies
CA-2017-130050-0,CA-2017-130050,FUR-FU-10001940,9.55,3,0.60,-3.82,Central,Furniture
CA-2015-115161-0,CA-2015-115161,FUR-BO-10003966,290.67,2,0.15,3.42,West,Furniture
CA-2015-165379-0,CA-2015-165379,OFF-PA-10003072,10.37,2,0.20,3.63,Central,Office Supplies
CA-2015-165379-1,CA-2015-165379,OFF-PA-10002245,14.35,3,0.20,4.49,Central,Office Supplies
CA-2016-115511-0,CA-2016-115511,FUR-BO-10002598,141.96,2,0.00,41.17,West,Furniture
CA-2016-115511-1,CA-2016-115511,OFF-BI-10002225,66.05,4,0.20,23.12,West,Office Supplies
CA-2017-134887-0,CA-2017-134887,TEC-AC-10003832,1287.45,5,0.00,244.62,Central,Technology
CA-2018-123778-0,CA-2018-123778,OFF-BI-10000822,25.82,6,0.20,9.04,West,Office Supplies
CA-2018-123778-1,CA-2018-123778,OFF-AP-10001242,160.96,2,0.00,48.29,West,Office Supplies
CA-2016-161718-0,CA-2016-161718,FUR-FU-10002445,28.44,3,0.00,11.38,East,Furniture
CA-2016-161718-1,CA-2016-161718,FUR-CH-10002372,364.41,5,0.10,8.10,East,Furniture
CA-2016-161718-2,CA-2016-161718,TEC-PH-10000376,39.96,4,0.00,10.39,East,Technology
CA-2016-161718-3,CA-2016-161718,FUR-CH-10002965,361.76,2,0.10,68.33,East,Furniture
CA-2017-100671-0,CA-2017-100671,OFF-ST-10004950,111.67,9,0.20,6.98,Central,Office Supplies
CA-2018-142867-0,CA-2018-142867,OFF-BI-10003166,13.78,6,0.80,-22.04,Central,Office Supplies
CA-2018-142867-1,CA-2018-142867,OFF-PA-10004610,10.27,3,0.20,3.21,Central,Office Supplies
CA-2018-103156-0,CA-2018-103156,FUR-FU-10000320,24.05,9,0.20,7.21,East,Furniture
US-2018-162208-0,US-2018-162208,OFF-EN-10004030,2.90,1,0.20,0.98,South,Office Supplies
CA-2016-130659-0,CA-2016-130659,OFF-EN-10004147,17.94,3,0.00,8.79,East,Office Supplies
CA-2016-130659-1,CA-2016-130659,FUR-CH-10003535,384.17,7,0.10,29.88,East,Furniture
CA-2016-130659-2,CA-2016-130659,TEC-PH-10004586,1799.75,5,0.00,539.92,East,Technology
CA-2018-148404-0,CA-2018-148404,OFF-ST-10003208,580.67,4,0.20,65.33,South,Office Supplies
CA-2018-148404-1,CA-2018-148404,OFF-FA-10003112,18.94,3,0.20,5.92,South,Office Supplies
CA-2018-148404-2,CA-2018-148404,TEC-PH-10004447,222.38,2,0.20,16.68,South,Technology
CA-2018-148404-3,CA-2018-148404,OFF-BI-10002854,50.45,6,0.70,-33.64,South,Office Supplies
CA-2018-148404-4,CA-2018-148404,FUR-TA-10001039,154.76,3,0.40,-36.11,South,Furniture
CA-2018-101077-0,CA-2018-101077,OFF-PA-10004239,6.85,2,0.20,2.14,Central,Office Supplies
CA-2015-166471-0,CA-2015-166471,TEC-PH-10001530,1091.17,4,0.20,68.20,West,Technology
CA-2015-166471-1,CA-2015-166471,TEC-PH-10000038,219.17,2,0.20,-43.83,West,Technology
CA-2015-105340-0,CA-2015-105340,OFF-BI-10001765,6.93,1,0.80,-11.08,Central,Office Supplies
US-2018-131583-0,US-2018-131583,OFF-PA-10000380,40.03,6,0.20,15.01,East,Office Supplies
US-2018-148362-0,US-2018-148362,OFF-ST-10001128,443.92,4,0.00,13.32,Central,Office Supplies
US-2018-148362-1,US-2018-148362,OFF-BI-10003656,169.99,1,0.00,78.20,Central,Office Supplies
US-2018-148362-2,US-2018-148362,OFF-PA-10003441,25.92,4,0.00,12.44,Central,Office Supplies
CA-2015-102274-0,CA-2015-102274,TEC-PH-10002923,36.99,1,0.00,9.99,South,Technology
CA-2015-102274-1,CA-2015-102274,OFF-PA-10004359,629.10,6,0.00,301.97,South,Office Supplies
CA-2015-102274-2,CA-2015-102274,OFF-ST-10001511,193.95,3,0.00,9.70,South,Office Supplies
CA-2015-102274-3,CA-2015-102274,OFF-AR-10002833,5.46,3,0.00,1.47,South,Office Supplies
CA-2016-129700-0,CA-2016-129700,FUR-FU-10001940,22.29,7,0.60,-8.92,Central,Furniture
CA-2018-168739-0,CA-2018-168739,FUR-FU-10003919,65.42,4,0.60,-52.34,Central,Furniture
CA-2016-152527-0,CA-2016-152527,OFF-ST-10003479,77.88,2,0.00,3.89,West,Office Supplies
US-2015-150119-0,US-2015-150119,FUR-CH-10002965,281.37,2,0.30,-12.06,East,Furniture
US-2015-150119-1,US-2015-150119,FUR-CH-10002965,281.37,2,0.30,-12.06,East,Furniture
US-2015-150119-2,US-2015-150119,OFF-BI-10000145,7.49,8,0.70,-5.24,East,Office Supplies
US-2015-150119-3,US-2015-150119,FUR-FU-10002191,22.34,4,0.20,7.82,East,Furniture
US-2018-150847-0,US-2018-150847,OFF-PA-10004451,10.37,2,0.20,3.63,East,Office Supplies
CA-2017-100244-0,CA-2017-100244,OFF-PA-10001471,65.79,9,0.00,30.26,West,Office Supplies
CA-2017-100244-1,CA-2017-100244,OFF-BI-10003656,271.98,2,0.20,88.39,West,Office Supplies
CA-2017-100244-2,CA-2017-100244,OFF-AR-10000940,11.76,4,0.00,3.18,West,Office Supplies
CA-2017-100244-3,CA-2017-100244,OFF-PA-10002319,77.52,2,0.00,37.98,West,Office Supplies
CA-2017-100244-4,CA-2017-100244,OFF-BI-10000977,48.64,2,0.20,15.81,West,Office Supplies
CA-2017-116540-0,CA-2017-116540,OFF-FA-10002676,1.81,1,0.00,0.65,Central,Office Supplies
CA-2017-116540-1,CA-2017-116540,OFF-BI-10004970,8.26,2,0.00,3.88,Central,Office Supplies
CA-2016-151841-0,CA-2016-151841,OFF-AP-10003971,43.56,5,0.20,3.27,West,Office Supplies
CA-2016-151841-1,CA-2016-151841,OFF-SU-10001574,5.84,2,0.20,0.73,West,Office Supplies
CA-2016-150791-0,CA-2016-150791,FUR-CH-10000665,271.76,2,0.10,60.39,East,Furniture
CA-2017-134803-0,CA-2017-134803,OFF-AP-10000891,262.24,2,0.00,78.67,West,Office Supplies
CA-2017-134803-1,CA-2017-134803,OFF-PA-10003790,182.72,8,0.00,84.05,West,Office Supplies
CA-2017-134803-2,CA-2017-134803,TEC-AC-10002217,131.60,7,0.00,7.90,West,Technology
CA-2017-134803-3,CA-2017-134803,OFF-BI-10002215,22.72,4,0.20,7.38,West,Office Supplies
CA-2017-134803-4,CA-2017-134803,TEC-MA-10001972,558.40,2,0.20,41.88,West,Technology
CA-2016-153381-0,CA-2016-153381,OFF-BI-10001525,15.24,4,0.00,6.86,Central,Office Supplies
CA-2016-153381-1,CA-2016-153381,FUR-CH-10000988,1408.10,10,0.00,394.27,Central,Furniture
US-2018-111024-0,US-2018-111024,OFF-PA-10000174,32.90,4,0.20,11.10,East,Office Supplies
US-2018-111024-1,US-2018-111024,FUR-TA-10002041,215.15,2,0.40,-103.99,East,Furniture
US-2018-111024-2,US-2018-111024,OFF-PA-10002246,30.96,6,0.20,11.22,East,Office Supplies
CA-2018-148264-0,CA-2018-148264,OFF-ST-10003327,29.79,3,0.00,8.64,West,Office Supplies
CA-2018-148264-1,CA-2018-148264,FUR-FU-10002703,128.90,2,0.00,15.47,West,Furniture
CA-2018-148264-2,CA-2018-148264,OFF-PA-10003651,60.12,9,0.00,28.86,West,Office Supplies
CA-2018-131212-0,CA-2018-131212,OFF-BI-10001617,24.82,3,0.20,8.38,West,Office Supplies
CA-2018-131212-1,CA-2018-131212,OFF-BI-10000145,14.98,6,0.20,5.43,West,Office Supplies
US-2016-100531-0,US-2016-100531,OFF-BI-10001670,15.08,2,0.80,-22.62,Central,Office Supplies
US-2016-100531-1,US-2016-100531,FUR-FU-10003849,24.29,3,0.60,-12.75,Central,Furniture
CA-2018-152583-0,CA-2018-152583,FUR-FU-10003849,16.19,2,0.60,-8.50,Central,Furniture
CA-2018-152583-1,CA-2018-152583,FUR-TA-10002041,251.01,2,0.30,-68.13,Central,Furniture
CA-2018-152583-2,CA-2018-152583,OFF-ST-10002214,54.19,6,0.20,4.06,Central,Office Supplies
CA-2016-144099-0,CA-2016-144099,OFF-BI-10001078,4.30,1,0.20,1.56,West,Office Supplies
CA-2015-158337-0,CA-2015-158337,OFF-PA-10002137,108.92,14,0.00,49.01,East,Office Supplies
CA-2018-168858-0,CA-2018-168858,OFF-EN-10001415,16.74,3,0.00,8.37,East,Office Supplies
CA-2018-168858-1,CA-2018-168858,OFF-AP-10003849,2504.74,7,0.00,626.18,East,Office Supplies
CA-2017-116344-0,CA-2017-116344,OFF-ST-10001713,84.78,2,0.20,-16.96,East,Office Supplies
CA-2016-131779-0,CA-2016-131779,OFF-ST-10001505,29.90,5,0.00,5.08,East,Office Supplies
CA-2017-158869-0,CA-2017-158869,OFF-PA-10000474,70.88,2,0.00,33.31,East,Office Supplies
CA-2018-102554-0,CA-2018-102554,OFF-AR-10001919,3.76,2,0.00,1.09,South,Office Supplies
CA-2017-162614-0,CA-2017-162614,OFF-BI-10004001,27.26,2,0.20,8.86,West,Office Supplies
CA-2015-168592-0,CA-2015-168592,OFF-AP-10004785,56.65,5,0.00,24.36,West,Office Supplies
CA-2015-168592-1,CA-2015-168592,OFF-ST-10002406,14.97,1,0.00,4.19,West,Office Supplies
CA-2015-168592-2,CA-2015-168592,OFF-FA-10002988,4.02,2,0.00,1.97,West,Office Supplies
CA-2015-157609-0,CA-2015-157609,TEC-PH-10002415,471.92,2,0.20,29.50,South,Technology
CA-2016-153325-0,CA-2016-153325,OFF-BI-10004236,58.72,4,0.00,27.01,South,Office Supplies
CA-2016-153626-0,CA-2016-153626,OFF-AR-10000657,5.16,3,0.20,0.84,South,Office Supplies
CA-2017-166485-0,CA-2017-166485,OFF-PA-10004996,16.50,2,0.20,5.57,South,Office Supplies
CA-2018-136448-0,CA-2018-136448,TEC-AC-10001109,71.98,3,0.20,19.79,East,Technology
CA-2018-136448-1,CA-2018-136448,FUR-FU-10003832,22.51,3,0.20,2.25,East,Furniture
CA-2018-136448-2,CA-2018-136448,OFF-BI-10002393,3.44,2,0.70,-2.76,East,Office Supplies
CA-2018-136448-3,CA-2018-136448,OFF-BI-10001359,538.19,2,0.70,-412.62,East,Office Supplies
CA-2018-136448-4,CA-2018-136448,TEC-AC-10003628,47.98,2,0.20,14.40,East,Technology
CA-2018-114258-0,CA-2018-114258,TEC-PH-10003012,492.77,4,0.20,55.44,Central,Technology
CA-2016-152611-0,CA-2016-152611,OFF-AR-10003903,286.79,7,0.00,74.57,East,Office Supplies
CA-2017-165470-0,CA-2017-165470,OFF-PA-10004675,5.08,1,0.20,1.65,South,Office Supplies
CA-2018-128699-0,CA-2018-128699,TEC-AC-10001990,47.99,1,0.20,7.20,South,Technology
US-2016-147242-0,US-2016-147242,OFF-AP-10003842,61.96,2,0.00,16.11,East,Office Supplies
US-2016-147242-1,US-2016-147242,FUR-BO-10004695,361.96,2,0.00,83.25,East,Furniture
US-2016-147242-2,US-2016-147242,OFF-PA-10003039,278.82,9,0.00,125.47,East,Office Supplies
CA-2017-146143-0,CA-2017-146143,FUR-FU-10002045,133.38,6,0.00,58.69,South,Furniture
CA-2016-100888-0,CA-2016-100888,OFF-PA-10001019,47.95,3,0.20,16.18,South,Office Supplies
US-2017-150035-0,US-2017-150035,FUR-FU-10003724,16.74,2,0.00,4.35,West,Furniture
CA-2018-122644-0,CA-2018-122644,OFF-PA-10003673,10.85,2,0.20,3.53,East,Office Supplies
CA-2018-122644-1,CA-2018-122644,TEC-AC-10003614,18.54,2,0.20,3.01,East,Technology
CA-2018-111815-0,CA-2018-111815,FUR-CH-10000785,180.98,1,0.00,47.05,Central,Furniture
CA-2018-111815-1,CA-2018-111815,TEC-AC-10002926,99.98,2,0.00,42.99,Central,Technology
CA-2017-144911-0,CA-2017-144911,TEC-AC-10004633,34.95,5,0.00,15.38,Central,Technology
CA-2017-144911-1,CA-2017-144911,OFF-BI-10000977,152.00,5,0.00,69.92,Central,Office Supplies
CA-2015-143385-0,CA-2015-143385,TEC-AC-10001635,92.52,9,0.00,18.50,West,Technology
CA-2017-131289-0,CA-2017-131289,OFF-AR-10003056,8.56,2,0.00,2.48,West,Office Supplies
CA-2017-131289-1,CA-2017-131289,OFF-PA-10003363,45.36,7,0.00,21.77,West,Office Supplies
CA-2017-131289-2,CA-2017-131289,FUR-TA-10003954,1421.66,6,0.20,-195.48,West,Furniture
CA-2015-124023-0,CA-2015-124023,FUR-FU-10004415,8.96,2,0.00,2.78,South,Furniture
CA-2015-124688-0,CA-2015-124688,TEC-PH-10000455,579.95,5,0.00,168.19,South,Technology
CA-2015-124688-1,CA-2015-124688,FUR-FU-10002456,29.12,4,0.00,12.52,South,Furniture
CA-2015-124688-2,CA-2015-124688,FUR-TA-10003569,1202.94,3,0.00,300.74,South,Furniture
CA-2017-151169-0,CA-2017-151169,OFF-BI-10002813,7.92,4,0.00,3.56,East,Office Supplies
US-2017-134761-0,US-2017-134761,TEC-PH-10002890,36.19,1,0.20,2.71,South,Technology
CA-2018-120705-0,CA-2018-120705,OFF-ST-10001522,147.18,2,0.20,-29.44,South,Office Supplies
CA-2016-157322-0,CA-2016-157322,FUR-CH-10004086,408.42,2,0.30,-5.83,Central,Furniture
CA-2016-157322-1,CA-2016-157322,FUR-CH-10003774,382.12,6,0.30,-92.80,Central,Furniture
CA-2016-157322-2,CA-2016-157322,OFF-ST-10004507,68.60,5,0.20,6.00,Central,Office Supplies
CA-2016-157322-3,CA-2016-157322,OFF-ST-10003208,435.50,3,0.20,48.99,Central,Office Supplies
CA-2016-157322-4,CA-2016-157322,OFF-PA-10000659,11.17,2,0.20,3.77,Central,Office Supplies
CA-2018-142034-0,CA-2018-142034,TEC-AC-10002305,72.00,4,0.00,12.96,Central,Technology
CA-2018-142034-1,CA-2018-142034,TEC-AC-10000990,655.90,5,0.00,275.48,Central,Technology
CA-2018-142034-2,CA-2018-142034,FUR-CH-10000665,603.92,4,0.00,181.18,Central,Furniture
CA-2017-107328-0,CA-2017-107328,FUR-TA-10001932,513.02,2,0.20,12.83,West,Furniture
CA-2017-107328-1,CA-2017-107328,OFF-AP-10004487,487.92,6,0.00,136.62,West,Office Supplies
CA-2017-107328-2,CA-2017-107328,OFF-BI-10002160,15.24,5,0.20,5.33,West,Office Supplies
CA-2017-108616-0,CA-2017-108616,TEC-AC-10000420,209.97,3,0.00,71.39,South,Technology
CA-2017-108616-1,CA-2017-108616,OFF-BI-10001989,62.94,3,0.00,30.21,South,Office Supplies
CA-2017-108616-2,CA-2017-108616,OFF-AR-10001149,25.92,9,0.00,7.78,South,Office Supplies
CA-2018-125115-0,CA-2018-125115,OFF-PA-10004101,10.37,2,0.20,3.63,Central,Office Supplies
CA-2018-125115-1,CA-2018-125115,TEC-AC-10001714,95.74,3,0.20,20.34,Central,Technology
CA-2017-150945-0,CA-2017-150945,OFF-ST-10003716,900.08,4,0.00,117.01,East,Office Supplies
CA-2015-166863-0,CA-2015-166863,TEC-PH-10000369,201.58,2,0.20,20.16,Central,Technology
CA-2015-166863-1,CA-2015-166863,OFF-BI-10000756,3.39,4,0.80,-5.09,Central,Office Supplies
CA-2015-166863-2,CA-2015-166863,FUR-BO-10001608,193.07,4,0.32,-19.87,Central,Furniture
CA-2015-166863-3,CA-2015-166863,OFF-PA-10001166,15.55,3,0.20,5.44,Central,Office Supplies
CA-2015-166863-4,CA-2015-166863,OFF-PA-10000587,11.65,2,0.20,4.08,Central,Office Supplies
CA-2015-166863-5,CA-2015-166863,TEC-MA-10001972,418.80,2,0.40,-97.72,Central,Technology
CA-2015-166863-6,CA-2015-166863,OFF-ST-10004123,509.49,7,0.20,-127.37,Central,Office Supplies
CA-2018-140326-0,CA-2018-140326,FUR-BO-10000112,825.17,9,0.30,-117.88,Central,Furniture
CA-2018-140326-1,CA-2018-140326,OFF-PA-10004041,17.76,3,0.20,5.55,Central,Office Supplies
CA-2018-140326-2,CA-2018-140326,OFF-AR-10001149,6.91,3,0.20,0.86,Central,Office Supplies
CA-2017-168536-0,CA-2017-168536,TEC-AC-10002323,66.30,3,0.00,8.62,South,Technology
US-2017-113649-0,US-2017-113649,OFF-PA-10000130,30.82,9,0.20,9.63,South,Office Supplies
US-2017-113649-1,US-2017-113649,TEC-PH-10002350,44.78,2,0.20,4.48,South,Technology
US-2017-113649-2,US-2017-113649,OFF-AP-10002518,569.54,4,0.20,64.07,South,Office Supplies
CA-2016-124975-0,CA-2016-124975,FUR-TA-10002645,796.42,7,0.50,-525.64,Central,Furniture
CA-2016-168767-0,CA-2016-168767,OFF-BI-10000773,12.83,2,0.20,4.33,West,Office Supplies
CA-2017-114482-0,CA-2017-114482,OFF-PA-10003845,40.46,7,0.00,19.83,Central,Office Supplies
CA-2017-114482-1,CA-2017-114482,TEC-PH-10001580,404.94,3,0.00,109.33,Central,Technology
CA-2017-137673-0,CA-2017-137673,TEC-AC-10002345,116.00,8,0.00,29.00,West,Technology
CA-2017-132731-0,CA-2017-132731,TEC-PH-10004120,657.55,6,0.20,49.32,Central,Technology
CA-2018-148922-0,CA-2018-148922,TEC-AC-10001838,599.97,3,0.00,257.99,South,Technology
CA-2018-148922-1,CA-2018-148922,TEC-PH-10000148,38.97,3,0.00,0.78,South,Technology
CA-2018-148922-2,CA-2018-148922,OFF-BI-10003476,45.84,8,0.00,22.00,South,Office Supplies
CA-2017-130680-0,CA-2017-130680,TEC-PH-10004833,38.24,4,0.20,-9.56,West,Technology
CA-2016-141145-0,CA-2016-141145,TEC-AC-10001465,87.17,3,0.20,10.90,South,Technology
US-2017-152835-0,US-2017-152835,OFF-AR-10003056,21.40,5,0.00,6.21,Central,Office Supplies
CA-2017-155565-0,CA-2017-155565,OFF-SU-10001218,54.90,5,0.00,15.37,East,Office Supplies
CA-2015-110849-0,CA-2015-110849,TEC-MA-10002859,287.97,4,0.20,97.19,West,Technology
CA-2015-110849-1,CA-2015-110849,OFF-AR-10002375,13.12,4,0.00,3.80,West,Office Supplies
CA-2015-110849-2,CA-2015-110849,OFF-AR-10000657,10.75,5,0.00,3.55,West,Office Supplies
CA-2015-110849-3,CA-2015-110849,OFF-FA-10000134,11.62,2,0.00,3.60,West,Office Supplies
CA-2017-145842-0,CA-2017-145842,OFF-ST-10000419,40.74,3,0.00,0.41,East,Office Supplies
CA-2015-158771-0,CA-2015-158771,OFF-ST-10000107,83.25,3,0.00,14.98,South,Office Supplies
CA-2015-158771-1,CA-2015-158771,OFF-LA-10001641,9.45,3,0.00,4.54,South,Office Supplies
CA-2015-158771-2,CA-2015-158771,OFF-LA-10003121,20.65,5,0.00,9.50,South,Office Supplies
CA-2015-158771-3,CA-2015-158771,OFF-PA-10002689,45.36,7,0.00,21.77,South,Office Supplies
CA-2017-157511-0,CA-2017-157511,FUR-FU-10002107,5.35,3,0.20,1.61,East,Furniture
CA-2017-157511-1,CA-2017-157511,FUR-CH-10002647,99.37,2,0.30,-7.10,East,Furniture
CA-2017-157511-2,CA-2017-157511,OFF-AR-10002257,2.67,1,0.20,0.37,East,Office Supplies
CA-2018-121216-0,CA-2018-121216,OFF-PA-10004519,28.67,8,0.20,10.39,Central,Office Supplies
CA-2018-121216-1,CA-2018-121216,OFF-AP-10001947,29.31,8,0.80,-74.75,Central,Office Supplies
CA-2018-155292-0,CA-2018-155292,OFF-ST-10004963,105.98,7,0.00,4.24,South,Office Supplies
CA-2018-155292-1,CA-2018-155292,OFF-SU-10002573,35.06,2,0.00,10.52,South,Office Supplies
CA-2018-155292-2,CA-2018-155292,FUR-CH-10000553,33.94,1,0.00,9.16,South,Furniture
CA-2018-155292-3,CA-2018-155292,OFF-LA-10001982,30.00,8,0.00,14.40,South,Office Supplies
CA-2017-152555-0,CA-2017-152555,OFF-PA-10001295,45.53,3,0.20,15.93,Central,Office Supplies
CA-2017-152555-1,CA-2017-152555,FUR-CH-10002965,844.12,6,0.30,-36.18,Central,Furniture
CA-2017-152555-2,CA-2017-152555,TEC-PH-10001254,812.74,8,0.20,60.96,Central,Technology
CA-2018-107832-0,CA-2018-107832,OFF-BI-10001658,7.48,1,0.70,-5.98,East,Office Supplies
CA-2015-120838-0,CA-2015-120838,OFF-ST-10000585,330.40,2,0.00,85.90,West,Office Supplies
CA-2015-120838-1,CA-2015-120838,TEC-PH-10003484,604.75,6,0.20,37.80,West,Technology
CA-2018-118542-0,CA-2018-118542,OFF-PA-10004735,45.36,7,0.00,21.77,West,Office Supplies
CA-2018-118542-1,CA-2018-118542,OFF-BI-10003429,10.13,2,0.20,3.67,West,Office Supplies
CA-2018-152737-0,CA-2018-152737,OFF-BI-10002982,21.79,4,0.20,7.63,West,Office Supplies
CA-2018-152737-1,CA-2018-152737,TEC-AC-10004975,439.80,4,0.00,145.13,West,Technology
CA-2018-109757-0,CA-2018-109757,OFF-AR-10002335,8.26,4,0.20,0.62,East,Office Supplies
CA-2018-109757-1,CA-2018-109757,OFF-BI-10004001,25.56,5,0.70,-20.45,East,Office Supplies
CA-2018-109757-2,CA-2018-109757,OFF-BI-10001634,4.37,2,0.70,-3.06,East,Office Supplies
CA-2018-109757-3,CA-2018-109757,OFF-PA-10000007,11.52,4,0.20,3.74,East,Office Supplies
CA-2017-130029-0,CA-2017-130029,OFF-PA-10000552,12.96,2,0.00,6.22,West,Office Supplies
CA-2017-130029-1,CA-2017-130029,OFF-FA-10001135,3.96,2,0.00,0.08,West,Office Supplies
CA-2018-103877-0,CA-2018-103877,OFF-BI-10003650,1577.94,3,0.00,757.41,Central,Office Supplies
CA-2017-137176-0,CA-2017-137176,FUR-FU-10003832,15.01,4,0.60,-12.01,Central,Furniture
CA-2018-168109-0,CA-2018-168109,TEC-AC-10003628,59.98,2,0.00,26.39,West,Technology
CA-2018-168109-1,CA-2018-168109,TEC-MA-10001148,2395.20,6,0.20,209.58,West,Technology
CA-2018-168109-2,CA-2018-168109,TEC-AC-10002049,1687.80,4,0.00,742.63,West,Technology
CA-2018-168109-3,CA-2018-168109,TEC-PH-10000702,7.99,1,0.20,2.70,West,Technology
US-2018-126081-0,US-2018-126081,OFF-PA-10003953,5.18,1,0.20,1.81,Central,Office Supplies
CA-2018-117023-0,CA-2018-117023,OFF-AR-10003602,11.68,2,0.00,5.49,East,Office Supplies
CA-2018-117023-1,CA-2018-117023,OFF-AR-10004062,104.80,10,0.00,26.20,East,Office Supplies
CA-2016-143532-0,CA-2016-143532,OFF-PA-10001560,14.50,3,0.20,4.89,South,Office Supplies
CA-2017-103163-0,CA-2017-103163,OFF-BI-10003305,4.78,1,0.20,1.55,West,Office Supplies
CA-2017-103163-1,CA-2017-103163,OFF-PA-10004000,4.73,1,0.00,2.32,West,Office Supplies
CA-2017-104157-0,CA-2017-104157,OFF-ST-10000321,7.89,1,0.00,0.32,South,Office Supplies
CA-2017-104157-1,CA-2017-104157,OFF-PA-10004665,65.50,5,0.00,32.09,South,Office Supplies
CA-2017-104157-2,CA-2017-104157,FUR-TA-10004915,2430.08,8,0.00,388.81,South,Furniture
CA-2018-117807-0,CA-2018-117807,OFF-PA-10000994,104.85,1,0.00,50.33,Central,Office Supplies
CA-2016-121650-0,CA-2016-121650,OFF-AR-10001149,3.90,2,0.00,1.52,Central,Office Supplies
CA-2016-121650-1,CA-2016-121650,FUR-TA-10003569,801.96,2,0.00,200.49,Central,Furniture
CA-2016-121650-2,CA-2016-121650,FUR-CH-10004289,191.96,2,0.00,32.63,Central,Furniture
CA-2016-121650-3,CA-2016-121650,OFF-LA-10001045,2.61,1,0.00,1.20,Central,Office Supplies
CA-2018-161823-0,CA-2018-161823,OFF-AR-10002053,5.96,2,0.00,1.67,West,Office Supplies
CA-2018-121839-0,CA-2018-121839,TEC-PH-10002885,1169.69,3,0.40,-253.43,East,Technology
CA-2018-158729-0,CA-2018-158729,OFF-SU-10002881,1665.62,2,0.00,33.31,South,Office Supplies
CA-2018-146535-0,CA-2018-146535,OFF-BI-10000546,2.88,1,0.00,1.41,South,Office Supplies
CA-2018-146535-1,CA-2018-146535,OFF-ST-10001526,1443.96,12,0.00,375.43,South,Office Supplies
CA-2015-154186-0,CA-2015-154186,OFF-SU-10001574,2.92,1,0.20,0.36,Central,Office Supplies
CA-2017-108434-0,CA-2017-108434,OFF-ST-10002615,465.18,3,0.00,120.95,East,Office Supplies
CA-2017-164154-0,CA-2017-164154,OFF-BI-10001658,22.43,3,0.70,-17.94,East,Office Supplies
CA-2017-164154-1,CA-2017-164154,OFF-ST-10002562,37.52,5,0.20,3.75,East,Office Supplies
CA-2018-148012-0,CA-2018-148012,OFF-AR-10004757,2.62,1,0.20,0.43,East,Office Supplies
CA-2015-102869-0,CA-2015-102869,OFF-PA-10000788,15.55,3,0.20,5.44,East,Office Supplies
CA-2015-102869-1,CA-2015-102869,TEC-AC-10002134,64.70,6,0.20,-4.85,East,Technology
CA-2015-102869-2,CA-2015-102869,FUR-FU-10002456,17.47,3,0.20,5.02,East,Furniture
CA-2015-102869-3,CA-2015-102869,TEC-PH-10002549,135.52,1,0.40,-31.62,East,Technology
CA-2018-138310-0,CA-2018-138310,TEC-AC-10001990,431.93,9,0.20,64.79,West,Technology
CA-2015-159835-0,CA-2015-159835,OFF-PA-10002137,12.45,2,0.20,3.89,East,Office Supplies
CA-2015-159835-1,CA-2015-159835,FUR-CH-10004997,657.93,5,0.30,-93.99,East,Furniture
CA-2018-112956-0,CA-2018-112956,OFF-PA-10000357,277.40,5,0.00,133.15,East,Office Supplies
CA-2018-112956-1,CA-2018-112956,FUR-FU-10003976,25.16,2,0.00,8.55,East,Furniture
CA-2018-112956-2,CA-2018-112956,FUR-FU-10004960,91.92,4,0.00,31.25,East,Furniture
CA-2017-119683-0,CA-2017-119683,OFF-EN-10001099,29.34,3,0.00,13.50,East,Office Supplies
CA-2015-163559-0,CA-2015-163559,OFF-BI-10002026,139.44,3,0.20,47.06,East,Office Supplies
CA-2015-140228-0,CA-2015-140228,OFF-LA-10001613,6.91,3,0.20,2.51,East,Office Supplies
CA-2015-140228-1,CA-2015-140228,OFF-ST-10002214,27.10,3,0.20,2.03,East,Office Supplies
CA-2015-140228-2,CA-2015-140228,OFF-ST-10001128,177.57,2,0.20,-37.73,East,Office Supplies
US-2017-131674-0,US-2017-131674,TEC-AC-10004864,58.42,2,0.20,16.79,Central,Technology
CA-2016-110093-0,CA-2016-110093,OFF-PA-10000174,16.45,2,0.20,5.55,East,Office Supplies
CA-2016-110093-1,CA-2016-110093,TEC-AC-10000171,36.78,2,0.20,10.58,East,Technology
CA-2018-112529-0,CA-2018-112529,FUR-TA-10002622,718.12,6,0.30,-71.81,Central,Furniture
CA-2018-112529-1,CA-2018-112529,OFF-AR-10001915,31.78,4,0.20,8.74,Central,Office Supplies
CA-2017-154536-0,CA-2017-154536,OFF-BI-10004410,9.55,5,0.70,-7.33,East,Office Supplies
CA-2018-141929-0,CA-2018-141929,OFF-BI-10004632,487.98,2,0.20,152.50,West,Office Supplies
CA-2018-141929-1,CA-2018-141929,TEC-PH-10002185,5.56,1,0.20,1.74,West,Technology
CA-2018-141929-2,CA-2018-141929,OFF-ST-10002974,217.85,5,0.00,65.36,West,Office Supplies
CA-2017-109743-0,CA-2017-109743,OFF-AR-10003727,40.78,3,0.20,4.59,South,Office Supplies
CA-2017-109743-1,CA-2017-109743,TEC-PH-10004071,63.94,8,0.20,5.59,South,Technology
CA-2015-159184-0,CA-2015-159184,FUR-FU-10002878,142.40,5,0.00,52.69,South,Furniture
CA-2015-159184-1,CA-2015-159184,OFF-BI-10001890,7.16,2,0.00,3.44,South,Office Supplies
CA-2018-113530-0,CA-2018-113530,FUR-CH-10002647,681.41,12,0.20,42.59,West,Furniture
CA-2018-113530-1,CA-2018-113530,OFF-AR-10001315,3.52,2,0.00,1.02,West,Office Supplies
CA-2018-113530-2,CA-2018-113530,OFF-AR-10000122,5.58,1,0.00,1.40,West,Office Supplies
CA-2018-113530-3,CA-2018-113530,TEC-AC-10001465,36.32,1,0.00,10.90,West,Technology
CA-2015-169726-0,CA-2015-169726,OFF-BI-10004600,2060.74,7,0.20,643.98,West,Office Supplies
CA-2018-155957-0,CA-2018-155957,OFF-AP-10002082,52.27,3,0.20,9.80,East,Office Supplies
CA-2018-155957-1,CA-2018-155957,OFF-AP-10004708,213.14,7,0.20,23.98,East,Office Supplies
CA-2018-132178-0,CA-2018-132178,OFF-ST-10000464,69.52,2,0.00,19.47,West,Office Supplies
CA-2018-132178-1,CA-2018-132178,OFF-ST-10000025,763.44,8,0.00,45.81,West,Office Supplies
CA-2017-145177-0,CA-2017-145177,OFF-LA-10001613,9.22,4,0.20,3.34,East,Office Supplies
CA-2017-145177-1,CA-2017-145177,TEC-PH-10000376,41.96,7,0.40,-9.79,East,Technology
CA-2017-145177-2,CA-2017-145177,OFF-PA-10004039,89.57,2,0.20,32.47,East,Office Supplies
CA-2017-145177-3,CA-2017-145177,OFF-PA-10001776,22.25,3,0.20,7.51,East,Office Supplies
CA-2017-145177-4,CA-2017-145177,OFF-AP-10002457,334.88,4,0.20,29.30,East,Office Supplies
CA-2017-145177-5,CA-2017-145177,FUR-FU-10000758,148.29,7,0.20,29.66,East,Furniture
CA-2017-145177-6,CA-2017-145177,OFF-PA-10000682,4.62,1,0.20,1.68,East,Office Supplies
CA-2017-145177-7,CA-2017-145177,TEC-AC-10002550,178.92,7,0.20,-29.07,East,Technology
CA-2017-145177-8,CA-2017-145177,OFF-BI-10002082,69.89,7,0.70,-46.59,East,Office Supplies
CA-2015-156594-0,CA-2015-156594,OFF-BI-10004632,487.98,2,0.20,152.50,West,Office Supplies
CA-2015-156594-1,CA-2015-156594,OFF-AR-10001725,47.30,2,0.00,12.30,West,Office Supplies
CA-2015-156594-2,CA-2015-156594,OFF-AR-10004269,4.13,1,0.00,1.16,West,Office Supplies
CA-2015-156594-3,CA-2015-156594,OFF-BI-10003007,155.12,5,0.20,50.41,West,Office Supplies
CA-2015-146528-0,CA-2015-146528,OFF-PA-10002195,6.48,1,0.00,3.18,West,Office Supplies
CA-2015-146528-1,CA-2015-146528,OFF-SU-10002522,15.52,4,0.00,4.50,West,Office Supplies
CA-2016-168459-0,CA-2016-168459,OFF-BI-10003712,2.95,2,0.70,-2.06,South,Office Supplies
CA-2016-168459-1,CA-2016-168459,OFF-FA-10004854,55.10,6,0.20,18.60,South,Office Supplies
CA-2018-109960-0,CA-2018-109960,TEC-AC-10004859,104.88,6,0.00,41.95,Central,Technology
CA-2018-109960-1,CA-2018-109960,OFF-AR-10001860,34.70,5,0.00,12.49,Central,Office Supplies
CA-2018-109960-2,CA-2018-109960,OFF-BI-10001636,33.72,4,0.00,15.51,Central,Office Supplies
CA-2018-109960-3,CA-2018-109960,OFF-PA-10000349,14.94,3,0.00,7.02,Central,Office Supplies
CA-2018-133004-0,CA-2018-133004,OFF-AP-10002439,638.73,9,0.00,166.07,Central,Office Supplies
CA-2018-168102-0,CA-2018-168102,OFF-ST-10001370,113.57,2,0.20,-21.29,South,Office Supplies
CA-2018-158036-0,CA-2018-158036,TEC-AC-10002558,9.10,1,0.20,1.71,East,Technology
CA-2016-128083-0,CA-2016-128083,OFF-EN-10004030,8.69,3,0.20,2.93,South,Office Supplies
CA-2016-128083-1,CA-2016-128083,FUR-FU-10003194,30.88,4,0.20,3.86,South,Furniture
CA-2016-128083-2,CA-2016-128083,FUR-FU-10001731,6.41,3,0.20,1.44,South,Furniture
CA-2017-161676-0,CA-2017-161676,OFF-SU-10004782,33.80,5,0.20,4.22,West,Office Supplies
CA-2017-155005-0,CA-2017-155005,TEC-PH-10003484,377.97,3,0.00,94.49,Central,Technology
US-2018-129777-0,US-2018-129777,TEC-AC-10003590,258.90,10,0.00,93.20,East,Technology
US-2018-129777-1,US-2018-129777,OFF-PA-10001970,24.56,2,0.00,11.54,East,Office Supplies
CA-2015-129364-0,CA-2015-129364,OFF-LA-10001569,27.89,7,0.20,9.06,West,Office Supplies
CA-2015-129364-1,CA-2015-129364,OFF-BI-10001132,6.46,4,0.70,-4.52,West,Office Supplies
CA-2015-129364-2,CA-2015-129364,TEC-PH-10003095,52.68,3,0.20,19.75,West,Technology
CA-2015-129364-3,CA-2015-129364,OFF-SU-10000432,13.88,5,0.20,-2.60,West,Office Supplies
CA-2015-129364-4,CA-2015-129364,TEC-AC-10004227,103.92,10,0.20,-18.19,West,Technology
CA-2015-129364-5,CA-2015-129364,OFF-LA-10004409,11.52,5,0.20,3.74,West,Office Supplies
CA-2015-129364-6,CA-2015-129364,OFF-PA-10001569,10.37,2,0.20,3.63,West,Office Supplies
CA-2015-129364-7,CA-2015-129364,OFF-ST-10001031,39.07,3,0.20,2.93,West,Office Supplies
CA-2017-104969-0,CA-2017-104969,OFF-EN-10002312,8.87,1,0.20,3.22,East,Office Supplies
CA-2017-104969-1,CA-2017-104969,OFF-BI-10004224,121.10,6,0.70,-100.92,East,Office Supplies
CA-2018-154109-0,CA-2018-154109,FUR-CH-10003774,127.37,2,0.30,-30.93,East,Furniture
CA-2018-154109-1,CA-2018-154109,OFF-PA-10000157,47.95,3,0.20,16.18,East,Office Supplies
CA-2016-156440-0,CA-2016-156440,FUR-FU-10004090,44.46,2,0.00,14.67,West,Furniture
CA-2016-132626-0,CA-2016-132626,OFF-FA-10002763,15.80,4,0.00,5.06,East,Office Supplies
CA-2016-132626-1,CA-2016-132626,TEC-MA-10002428,464.97,3,0.00,209.24,East,Technology
CA-2016-132626-2,CA-2016-132626,FUR-FU-10002918,181.96,2,0.00,20.02,East,Furniture
CA-2016-132626-3,CA-2016-132626,OFF-LA-10000476,12.39,3,0.00,5.70,East,Office Supplies
CA-2016-132626-4,CA-2016-132626,OFF-BI-10002854,84.09,3,0.00,42.05,East,Office Supplies
CA-2016-132626-5,CA-2016-132626,OFF-AR-10002987,79.36,4,0.00,32.54,East,Office Supplies
CA-2016-132626-6,CA-2016-132626,OFF-BI-10004001,153.36,9,0.00,70.55,East,Office Supplies
CA-2016-132626-7,CA-2016-132626,OFF-BI-10001634,43.68,6,0.00,21.40,East,Office Supplies
CA-2016-132626-8,CA-2016-132626,OFF-ST-10003722,98.21,7,0.00,28.48,East,Office Supplies
CA-2017-102792-0,CA-2017-102792,OFF-AR-10004757,9.84,3,0.00,3.25,West,Office Supplies
CA-2017-108567-0,CA-2017-108567,OFF-BI-10004140,2.69,2,0.70,-2.25,South,Office Supplies
CA-2018-140760-0,CA-2018-140760,OFF-PA-10002479,25.34,6,0.20,7.92,West,Office Supplies
CA-2018-140760-1,CA-2018-140760,OFF-EN-10001141,43.92,5,0.20,15.92,West,Office Supplies
US-2016-131359-0,US-2016-131359,TEC-MA-10000597,59.99,2,0.70,-46.00,West,Technology
US-2016-131359-1,US-2016-131359,TEC-CO-10001571,439.99,1,0.20,165.00,West,Technology
US-2016-131359-2,US-2016-131359,TEC-PH-10004531,87.96,5,0.20,30.79,West,Technology
US-2016-131359-3,US-2016-131359,FUR-FU-10003026,15.49,4,0.20,3.68,West,Furniture
CA-2017-142097-0,CA-2017-142097,OFF-BI-10002082,232.96,7,0.00,116.48,South,Office Supplies
CA-2017-142097-1,CA-2017-142097,OFF-EN-10002312,66.54,6,0.00,32.60,South,Office Supplies
CA-2017-142097-2,CA-2017-142097,OFF-AP-10000696,43.26,3,0.00,14.28,South,Office Supplies
CA-2016-151680-0,CA-2016-151680,FUR-FU-10000305,141.96,2,0.00,22.71,West,Furniture
CA-2015-140039-0,CA-2015-140039,OFF-ST-10001034,79.40,5,0.20,5.96,West,Office Supplies
CA-2018-160416-0,CA-2018-160416,TEC-AC-10004114,163.96,4,0.00,70.50,East,Technology
CA-2018-169411-0,CA-2018-169411,FUR-FU-10001602,37.93,1,0.00,6.83,East,Furniture
CA-2017-126543-0,CA-2017-126543,FUR-FU-10002445,15.17,2,0.20,3.79,East,Furniture
CA-2016-104941-0,CA-2016-104941,OFF-AR-10004269,24.78,6,0.00,6.94,South,Office Supplies
CA-2016-104941-1,CA-2016-104941,OFF-BI-10001249,19.14,3,0.00,8.80,South,Office Supplies
CA-2016-104941-2,CA-2016-104941,TEC-CO-10004202,899.97,3,0.00,314.99,South,Technology
CA-2016-104941-3,CA-2016-104941,OFF-PA-10003363,32.40,5,0.00,15.55,South,Office Supplies
CA-2018-160087-0,CA-2018-160087,OFF-AR-10001915,23.83,3,0.20,6.55,Central,Office Supplies
CA-2015-120544-0,CA-2015-120544,FUR-FU-10001940,6.37,2,0.60,-2.55,Central,Furniture
CA-2015-120544-1,CA-2015-120544,OFF-AP-10004336,34.18,3,0.80,-87.15,Central,Office Supplies
CA-2015-120544-2,CA-2015-120544,TEC-AC-10003709,5.54,7,0.20,1.66,Central,Technology
CA-2018-113670-0,CA-2018-113670,FUR-TA-10001705,510.24,3,0.20,6.38,West,Furniture
CA-2018-113670-1,CA-2018-113670,OFF-PA-10000675,204.95,5,0.00,100.43,West,Office Supplies
CA-2018-166198-0,CA-2018-166198,TEC-AC-10000521,11.54,1,0.00,3.46,West,Technology
CA-2018-166198-1,CA-2018-166198,FUR-FU-10004622,162.60,3,0.00,34.15,West,Furniture
CA-2015-135608-0,CA-2015-135608,OFF-PA-10001954,45.68,2,0.00,21.01,West,Office Supplies
CA-2015-135608-1,CA-2015-135608,FUR-CH-10002602,603.92,5,0.20,45.29,West,Furniture
CA-2018-144568-0,CA-2018-144568,OFF-FA-10004395,23.55,5,0.00,1.18,Central,Office Supplies
CA-2017-142370-0,CA-2017-142370,OFF-SU-10003002,5.04,2,0.00,0.15,South,Office Supplies
CA-2017-142370-1,CA-2017-142370,TEC-AC-10002926,249.95,5,0.00,107.48,South,Technology
CA-2017-105900-0,CA-2017-105900,OFF-AR-10002656,33.40,5,0.00,12.36,Central,Office Supplies
CA-2017-151155-0,CA-2017-151155,FUR-FU-10001918,18.92,4,0.00,7.38,South,Furniture
CA-2017-151155-1,CA-2017-151155,OFF-BI-10003910,15.42,2,0.00,6.94,South,Office Supplies
CA-2018-144036-0,CA-2018-144036,OFF-AR-10000122,35.71,8,0.20,2.23,Central,Office Supplies
US-2015-169789-0,US-2015-169789,OFF-BI-10004600,551.99,5,0.70,-459.99,West,Office Supplies
CA-2018-127264-0,CA-2018-127264,OFF-AR-10003045,7.06,3,0.20,2.21,Central,Office Supplies
CA-2017-151512-0,CA-2017-151512,OFF-AP-10000252,18.72,2,0.20,3.51,West,Office Supplies
CA-2017-165169-0,CA-2017-165169,OFF-ST-10001496,360.38,2,0.00,93.70,East,Office Supplies
CA-2017-165169-1,CA-2017-165169,OFF-AR-10000122,11.16,2,0.00,2.79,East,Office Supplies
CA-2017-165169-2,CA-2017-165169,OFF-LA-10000407,14.94,3,0.00,6.87,East,Office Supplies
CA-2016-109575-0,CA-2016-109575,OFF-ST-10004950,41.96,2,0.00,7.97,East,Office Supplies
CA-2016-109575-1,CA-2016-109575,OFF-ST-10004123,636.86,7,0.00,0.00,East,Office Supplies
CA-2016-109575-2,CA-2016-109575,TEC-PH-10000730,499.99,1,0.00,130.00,East,Technology
CA-2016-109575-3,CA-2016-109575,TEC-PH-10000895,1259.93,7,0.00,327.58,East,Technology
CA-2016-109575-4,CA-2016-109575,OFF-BI-10000962,65.08,4,0.00,31.89,East,Office Supplies
CA-2018-168193-0,CA-2018-168193,OFF-PA-10002254,26.38,1,0.00,12.13,East,Office Supplies
CA-2018-168193-1,CA-2018-168193,FUR-FU-10002554,71.97,3,0.00,16.55,East,Furniture
CA-2017-115476-0,CA-2017-115476,TEC-PH-10000673,129.98,2,0.00,62.39,East,Technology
CA-2017-115476-1,CA-2017-115476,OFF-BI-10000962,32.54,2,0.00,15.94,East,Office Supplies
CA-2017-133340-0,CA-2017-133340,TEC-PH-10003988,10.90,1,0.00,3.05,Central,Technology
CA-2017-133340-1,CA-2017-133340,TEC-AC-10001109,59.98,2,0.00,25.19,Central,Technology
CA-2017-133340-2,CA-2017-133340,OFF-AP-10002311,61.93,1,0.10,23.40,Central,Office Supplies
CA-2017-137848-0,CA-2017-137848,OFF-EN-10001137,16.52,4,0.00,7.60,East,Office Supplies
CA-2017-137848-1,CA-2017-137848,OFF-PA-10004285,60.12,9,0.00,28.86,East,Office Supplies
CA-2017-137848-2,CA-2017-137848,OFF-BI-10002225,49.54,3,0.20,17.34,East,Office Supplies
CA-2015-113047-0,CA-2015-113047,OFF-FA-10002763,11.85,3,0.00,3.79,South,Office Supplies
CA-2017-149979-0,CA-2017-149979,OFF-ST-10003058,118.25,5,0.00,34.29,South,Office Supplies
CA-2017-149979-1,CA-2017-149979,FUR-CH-10002084,368.97,3,0.00,81.17,South,Furniture
CA-2018-161956-0,CA-2018-161956,FUR-FU-10002937,198.46,2,0.00,99.23,West,Furniture
CA-2018-161956-1,CA-2018-161956,OFF-AP-10001242,321.92,4,0.00,96.58,West,Office Supplies
CA-2018-161956-2,CA-2018-161956,TEC-CO-10001571,879.98,2,0.20,329.99,West,Technology
CA-2018-161956-3,CA-2018-161956,OFF-SU-10002503,28.40,5,0.00,8.24,West,Office Supplies
CA-2018-161956-4,CA-2018-161956,FUR-CH-10004886,230.28,3,0.20,23.03,West,Furniture
CA-2018-161956-5,CA-2018-161956,OFF-PA-10001289,116.28,3,0.00,56.98,West,Office Supplies
CA-2018-161956-6,CA-2018-161956,OFF-BI-10003650,841.57,2,0.20,294.55,West,Office Supplies
CA-2018-161956-7,CA-2018-161956,OFF-ST-10001370,354.90,5,0.00,17.75,West,Office Supplies
CA-2017-116799-0,CA-2017-116799,OFF-PA-10001892,42.78,7,0.20,15.51,Central,Office Supplies
CA-2017-116799-1,CA-2017-116799,FUR-CH-10004983,563.43,5,0.30,-56.34,Central,Furniture
CA-2017-111283-0,CA-2017-111283,OFF-AR-10001615,111.10,7,0.20,8.33,East,Office Supplies
CA-2016-167745-0,CA-2016-167745,OFF-AR-10003602,11.68,2,0.00,5.49,West,Office Supplies
CA-2016-167745-1,CA-2016-167745,OFF-SU-10004782,16.90,2,0.00,5.07,West,Office Supplies
CA-2016-167745-2,CA-2016-167745,FUR-FU-10001591,24.40,2,0.00,10.25,West,Furniture
CA-2018-104577-0,CA-2018-104577,OFF-PA-10000659,87.60,5,0.00,42.05,East,Office Supplies
CA-2017-156251-0,CA-2017-156251,FUR-BO-10001337,241.96,2,0.00,24.20,Central,Furniture
CA-2017-156251-1,CA-2017-156251,OFF-BI-10003529,8.52,3,0.00,4.17,Central,Office Supplies
CA-2018-125878-0,CA-2018-125878,OFF-BI-10002609,1.79,3,0.80,-3.04,Central,Office Supplies
CA-2017-163153-0,CA-2017-163153,FUR-TA-10004767,99.37,2,0.30,-1.42,Central,Furniture
CA-2017-163153-1,CA-2017-163153,OFF-AR-10001868,1.34,1,0.20,0.50,Central,Office Supplies
CA-2016-103205-0,CA-2016-103205,TEC-PH-10004896,119.96,5,0.20,12.00,Central,Technology
CA-2015-153913-0,CA-2015-153913,FUR-CH-10000988,1013.83,9,0.20,101.38,South,Furniture
CA-2015-153913-1,CA-2015-153913,OFF-FA-10000490,1.98,2,0.20,0.67,South,Office Supplies
CA-2017-155530-0,CA-2017-155530,FUR-TA-10004256,2003.52,6,0.20,-325.57,West,Furniture
US-2017-101196-0,US-2017-101196,OFF-ST-10004804,82.37,2,0.20,-19.56,East,Office Supplies
CA-2015-115357-0,CA-2015-115357,TEC-AC-10000023,62.91,3,0.00,22.65,South,Technology
US-2015-102715-0,US-2015-102715,OFF-FA-10001332,6.91,3,0.20,2.33,South,Office Supplies
US-2015-102715-1,US-2015-102715,TEC-AC-10002001,383.98,3,0.20,81.59,South,Technology
US-2015-102715-2,US-2015-102715,OFF-PA-10000029,10.37,2,0.20,3.63,South,Office Supplies
US-2015-102715-3,US-2015-102715,TEC-AC-10001874,335.94,7,0.20,41.99,South,Technology
CA-2016-107937-0,CA-2016-107937,FUR-FU-10002298,665.88,6,0.00,106.54,West,Furniture
US-2018-148768-0,US-2018-148768,TEC-PH-10002564,71.98,3,0.20,9.00,South,Technology
CA-2018-118521-0,CA-2018-118521,OFF-PA-10003465,37.94,2,0.00,18.21,East,Office Supplies
CA-2015-149643-0,CA-2015-149643,TEC-PH-10000038,273.96,2,0.00,10.96,Central,Technology
CA-2016-135314-0,CA-2016-135314,TEC-PH-10003072,269.98,3,0.40,40.50,East,Technology
CA-2018-165204-0,CA-2018-165204,OFF-PA-10003424,8.90,3,0.20,3.34,South,Office Supplies
CA-2018-165204-1,CA-2018-165204,OFF-ST-10003716,720.06,4,0.20,-63.01,South,Office Supplies
CA-2018-125752-0,CA-2018-125752,TEC-AC-10003590,41.42,2,0.20,8.28,South,Technology
CA-2018-112487-0,CA-2018-112487,OFF-BI-10000494,3.13,2,0.70,-2.61,East,Office Supplies
CA-2017-144218-0,CA-2017-144218,OFF-ST-10002615,1085.42,7,0.00,282.21,West,Office Supplies
CA-2017-169971-0,CA-2017-169971,OFF-AR-10002804,3.91,1,0.20,1.03,Central,Office Supplies
CA-2017-169971-1,CA-2017-169971,OFF-AR-10001044,62.38,3,0.20,7.02,Central,Office Supplies
US-2017-133508-0,US-2017-133508,OFF-FA-10000134,29.05,5,0.00,9.01,Central,Office Supplies
CA-2015-107139-0,CA-2015-107139,OFF-BI-10001670,180.96,6,0.20,67.86,West,Office Supplies
CA-2016-111325-0,CA-2016-111325,OFF-BI-10000343,4.42,3,0.70,-3.39,East,Office Supplies
CA-2016-111325-1,CA-2016-111325,OFF-AR-10002257,16.03,6,0.20,2.20,East,Office Supplies
CA-2016-163762-0,CA-2016-163762,OFF-AR-10001915,29.79,3,0.00,12.51,East,Office Supplies
US-2015-117163-0,US-2015-117163,OFF-ST-10003692,57.23,1,0.00,14.31,West,Office Supplies
US-2015-117163-1,US-2015-117163,FUR-TA-10003469,333.00,3,0.20,-16.65,West,Furniture
US-2015-117163-2,US-2015-117163,OFF-AR-10003179,36.44,4,0.00,12.03,West,Office Supplies
CA-2018-121314-0,CA-2018-121314,OFF-PA-10003395,251.64,3,0.20,88.07,South,Office Supplies
CA-2018-147760-0,CA-2018-147760,FUR-TA-10004575,523.76,3,0.40,-192.05,South,Furniture
CA-2018-147760-1,CA-2018-147760,TEC-PH-10002483,1359.96,5,0.20,119.00,South,Technology
CA-2017-156503-0,CA-2017-156503,FUR-CH-10003606,102.59,1,0.20,10.26,South,Furniture
CA-2017-156503-1,CA-2017-156503,TEC-AC-10002473,22.70,1,0.20,5.96,South,Technology
CA-2017-156503-2,CA-2017-156503,OFF-PA-10002319,93.02,3,0.20,33.72,South,Office Supplies
CA-2017-156503-3,CA-2017-156503,OFF-SU-10000946,12.77,2,0.20,1.44,South,Office Supplies
CA-2017-156503-4,CA-2017-156503,OFF-EN-10001335,35.01,4,0.20,13.13,South,Office Supplies
CA-2017-156503-5,CA-2017-156503,OFF-PA-10002377,39.15,1,0.20,14.68,South,Office Supplies
CA-2016-113628-0,CA-2016-113628,OFF-AR-10001246,11.76,5,0.20,1.32,South,Office Supplies
CA-2016-113628-1,CA-2016-113628,OFF-BI-10003291,5.24,2,0.70,-4.02,South,Office Supplies
CA-2016-113628-2,CA-2016-113628,OFF-BI-10002799,4.66,3,0.70,-3.73,South,Office Supplies
CA-2016-113628-3,CA-2016-113628,FUR-CH-10003298,523.92,5,0.20,-72.04,South,Furniture
CA-2016-113628-4,CA-2016-113628,TEC-PH-10000441,100.79,1,0.20,10.08,South,Technology
CA-2016-113628-5,CA-2016-113628,FUR-CH-10004477,146.14,3,0.20,16.44,South,Furniture
CA-2018-147753-0,CA-2018-147753,OFF-LA-10003537,25.06,2,0.00,11.78,Central,Office Supplies
CA-2016-103961-0,CA-2016-103961,OFF-LA-10004484,19.82,6,0.20,6.44,Central,Office Supplies
CA-2017-152471-0,CA-2017-152471,TEC-PH-10002824,823.96,5,0.20,51.50,South,Technology
CA-2017-152471-1,CA-2017-152471,OFF-PA-10004965,15.98,2,0.20,5.00,South,Office Supplies
CA-2016-102582-0,CA-2016-102582,FUR-TA-10003569,801.96,2,0.00,200.49,South,Furniture
CA-2016-102582-1,CA-2016-102582,TEC-PH-10003187,59.97,3,0.00,0.00,South,Technology
CA-2016-102582-2,CA-2016-102582,FUR-CH-10004853,1056.86,7,0.00,306.49,South,Furniture
CA-2018-141873-0,CA-2018-141873,OFF-BI-10001031,12.82,3,0.20,4.33,East,Office Supplies
CA-2018-141873-1,CA-2018-141873,FUR-BO-10003034,314.35,3,0.20,-15.72,East,Furniture
CA-2018-141873-2,CA-2018-141873,OFF-PA-10000069,18.98,2,0.00,8.92,East,Office Supplies
CA-2018-141873-3,CA-2018-141873,OFF-BI-10003655,18.24,6,0.20,6.16,East,Office Supplies
CA-2016-140984-0,CA-2016-140984,OFF-ST-10000585,991.20,6,0.00,257.71,East,Office Supplies
CA-2016-140984-1,CA-2016-140984,TEC-CO-10001571,879.98,2,0.20,329.99,East,Technology
CA-2016-140984-2,CA-2016-140984,OFF-BI-10002012,12.96,9,0.20,4.54,East,Office Supplies
CA-2015-132801-0,CA-2015-132801,OFF-ST-10001228,107.44,10,0.20,10.74,Central,Office Supplies
CA-2018-141733-0,CA-2018-141733,FUR-CH-10004086,1458.65,5,0.00,423.01,Central,Furniture
CA-2018-141733-1,CA-2018-141733,FUR-CH-10002017,26.64,1,0.00,7.46,Central,Furniture
CA-2018-141733-2,CA-2018-141733,FUR-CH-10000595,476.80,2,0.00,119.20,Central,Furniture
CA-2018-141733-3,CA-2018-141733,OFF-AP-10001563,87.44,2,0.10,18.46,Central,Office Supplies
US-2016-111927-0,US-2016-111927,FUR-FU-10004017,76.14,3,0.00,26.65,East,Furniture
US-2016-111927-1,US-2016-111927,OFF-BI-10002571,19.96,2,0.00,9.38,East,Office Supplies
CA-2015-105984-0,CA-2015-105984,TEC-PH-10000560,1049.97,5,0.40,-209.99,East,Technology
CA-2015-105984-1,CA-2015-105984,FUR-CH-10000847,611.06,3,0.30,-34.92,East,Furniture
CA-2015-100363-0,CA-2015-100363,OFF-FA-10000611,2.37,2,0.20,0.83,West,Office Supplies
CA-2015-100363-1,CA-2015-100363,OFF-PA-10004733,19.01,3,0.20,6.89,West,Office Supplies
CA-2015-126760-0,CA-2015-126760,TEC-PH-10001363,911.98,2,0.20,114.00,West,Technology
CA-2015-126760-1,CA-2015-126760,FUR-CH-10003312,674.35,3,0.20,-109.58,West,Furniture
CA-2015-126760-2,CA-2015-126760,FUR-FU-10004018,134.01,9,0.00,36.18,West,Furniture
CA-2015-126760-3,CA-2015-126760,TEC-AC-10004814,170.97,3,0.00,70.10,West,Technology
US-2015-109162-0,US-2015-109162,FUR-CH-10002647,170.35,3,0.20,10.65,South,Furniture
CA-2015-101931-0,CA-2015-101931,OFF-BI-10004140,7.18,2,0.20,2.25,West,Office Supplies
CA-2015-101931-1,CA-2015-101931,OFF-SU-10002301,6.28,2,0.00,0.06,West,Office Supplies
CA-2015-101931-2,CA-2015-101931,OFF-SU-10000646,480.74,2,0.00,14.42,West,Office Supplies
CA-2015-101931-3,CA-2015-101931,FUR-BO-10001337,617.00,6,0.15,-36.29,West,Furniture
CA-2015-101931-4,CA-2015-101931,OFF-ST-10003442,141.40,5,0.00,38.18,West,Office Supplies
CA-2018-129000-0,CA-2018-129000,OFF-ST-10001097,501.81,3,0.00,0.00,Central,Office Supplies
CA-2018-161053-0,CA-2018-161053,OFF-BI-10004318,691.96,4,0.00,318.30,South,Office Supplies
CA-2018-161053-1,CA-2018-161053,TEC-AC-10004633,34.95,5,0.00,15.38,South,Technology
CA-2016-142377-0,CA-2016-142377,OFF-PA-10001970,85.96,7,0.00,40.40,Central,Office Supplies
CA-2016-127593-0,CA-2016-127593,FUR-FU-10004006,85.30,2,0.00,14.50,East,Furniture
CA-2018-130526-0,CA-2018-130526,OFF-BI-10001524,33.57,8,0.80,-53.71,Central,Office Supplies
US-2018-131849-0,US-2018-131849,FUR-FU-10004164,4.95,1,0.00,2.18,West,Furniture
US-2018-131849-1,US-2018-131849,OFF-ST-10002957,26.40,5,0.00,0.00,West,Office Supplies
US-2018-105389-0,US-2018-105389,OFF-BI-10004364,3.56,3,0.80,-6.24,Central,Office Supplies
US-2018-105389-1,US-2018-105389,TEC-PH-10002824,823.96,5,0.20,51.50,Central,Technology
US-2018-105389-2,US-2018-105389,OFF-AR-10000634,10.27,3,0.20,0.90,Central,Office Supplies
CA-2015-140816-0,CA-2015-140816,TEC-AC-10001539,447.94,7,0.20,89.59,West,Technology
CA-2018-154039-0,CA-2018-154039,FUR-TA-10001932,480.96,3,0.50,-269.34,Central,Furniture
CA-2018-154039-1,CA-2018-154039,TEC-PH-10002789,124.79,1,0.20,10.92,Central,Technology
CA-2015-135755-0,CA-2015-135755,OFF-BI-10004828,40.18,3,0.20,14.56,East,Office Supplies
CA-2015-135755-1,CA-2015-135755,OFF-BI-10003981,10.90,3,0.20,3.95,East,Office Supplies
CA-2018-123246-0,CA-2018-123246,OFF-AR-10001770,10.64,4,0.00,2.77,West,Office Supplies
CA-2016-157133-0,CA-2016-157133,FUR-FU-10004904,151.96,5,0.60,-182.35,Central,Furniture
CA-2015-124709-0,CA-2015-124709,TEC-AC-10002842,238.00,2,0.00,38.08,West,Technology
CA-2018-146360-0,CA-2018-146360,TEC-AC-10003590,155.34,6,0.00,55.92,Central,Technology
CA-2016-132486-0,CA-2016-132486,TEC-AC-10000710,148.32,9,0.00,63.78,West,Technology
CA-2016-132486-1,CA-2016-132486,FUR-CH-10004495,240.78,1,0.20,27.09,West,Furniture
CA-2016-132486-2,CA-2016-132486,FUR-CH-10004540,191.97,7,0.20,16.80,West,Furniture
CA-2016-132486-3,CA-2016-132486,OFF-PA-10004971,11.56,2,0.00,5.66,West,Office Supplies
CA-2016-132486-4,CA-2016-132486,OFF-EN-10002600,11.80,4,0.00,5.66,West,Office Supplies
CA-2016-132486-5,CA-2016-132486,FUR-CH-10001854,842.35,3,0.20,42.12,West,Furniture
CA-2017-136231-0,CA-2017-136231,OFF-EN-10001099,23.47,3,0.20,7.63,South,Office Supplies
CA-2017-136231-1,CA-2017-136231,OFF-BI-10001597,86.06,7,0.70,-63.11,South,Office Supplies
CA-2017-136231-2,CA-2017-136231,TEC-PH-10002660,108.78,2,0.20,6.80,South,Technology
CA-2017-136231-3,CA-2017-136231,OFF-PA-10000327,10.27,3,0.20,3.21,South,Office Supplies
CA-2017-140641-0,CA-2017-140641,OFF-BI-10001191,38.19,5,0.70,-26.73,South,Office Supplies
CA-2015-151001-0,CA-2015-151001,OFF-ST-10003455,49.63,4,0.20,3.72,Central,Office Supplies
CA-2015-151001-1,CA-2015-151001,OFF-ST-10001031,52.10,4,0.20,3.91,Central,Office Supplies
CA-2016-129896-0,CA-2016-129896,OFF-PA-10002245,9.57,2,0.20,2.99,West,Office Supplies
CA-2016-129896-1,CA-2016-129896,OFF-ST-10004804,82.37,2,0.20,-19.56,West,Office Supplies
CA-2016-129896-2,CA-2016-129896,FUR-FU-10004904,364.70,6,0.20,-36.47,West,Furniture
CA-2016-129896-3,CA-2016-129896,FUR-FU-10002396,40.26,4,0.20,11.07,West,Furniture
CA-2015-152849-0,CA-2015-152849,OFF-AR-10002833,4.37,3,0.20,0.38,South,Office Supplies
US-2018-127341-0,US-2018-127341,OFF-BI-10001072,12.13,4,0.80,-20.62,Central,Office Supplies
CA-2017-167759-0,CA-2017-167759,TEC-PH-10003171,134.85,3,0.00,37.76,Central,Technology
CA-2015-100895-0,CA-2015-100895,OFF-AR-10004511,8.56,2,0.00,2.65,South,Office Supplies
CA-2015-100895-1,CA-2015-100895,TEC-PH-10001425,239.97,3,0.00,67.19,South,Technology
CA-2015-100895-2,CA-2015-100895,OFF-ST-10001490,356.94,2,0.00,107.08,South,Office Supplies
US-2017-163881-0,US-2017-163881,TEC-AC-10003033,659.90,2,0.00,217.77,West,Technology
US-2017-163881-1,US-2017-163881,FUR-CH-10001394,1684.75,6,0.20,210.59,West,Furniture
US-2017-163881-2,US-2017-163881,TEC-AC-10000420,559.92,8,0.00,190.37,West,Technology
US-2017-144547-0,US-2017-144547,TEC-AC-10004901,279.94,7,0.20,48.99,Central,Technology
US-2015-112200-0,US-2015-112200,OFF-BI-10002571,9.98,5,0.80,-16.47,Central,Office Supplies
CA-2018-110212-0,CA-2018-110212,TEC-AC-10002331,48.90,5,0.00,18.09,South,Technology
CA-2018-134285-0,CA-2018-134285,OFF-FA-10000611,3.55,3,0.20,1.24,Central,Office Supplies
CA-2018-134285-1,CA-2018-134285,OFF-PA-10000304,15.55,3,0.20,5.44,Central,Office Supplies
CA-2018-102267-0,CA-2018-102267,OFF-FA-10000611,2.37,2,0.20,0.83,Central,Office Supplies
CA-2018-157980-0,CA-2018-157980,TEC-AC-10002567,127.98,2,0.20,25.60,East,Technology
CA-2016-121097-0,CA-2016-121097,OFF-PA-10001937,10.37,2,0.20,3.63,Central,Office Supplies
CA-2016-151043-0,CA-2016-151043,TEC-AC-10001090,47.98,2,0.20,-1.20,East,Technology
US-2016-119312-0,US-2016-119312,OFF-ST-10000943,270.34,14,0.00,75.70,West,Office Supplies
CA-2016-167010-0,CA-2016-167010,OFF-AP-10004036,98.11,7,0.20,18.40,East,Office Supplies
CA-2016-167010-1,CA-2016-167010,OFF-ST-10003816,563.81,4,0.20,21.14,East,Office Supplies
CA-2016-167010-2,CA-2016-167010,OFF-BI-10002072,10.43,4,0.70,-6.95,East,Office Supplies
CA-2016-167010-3,CA-2016-167010,FUR-FU-10001468,547.14,4,0.20,-68.39,East,Furniture
CA-2016-167010-4,CA-2016-167010,TEC-PH-10000347,14.85,5,0.40,-3.22,East,Technology
CA-2016-167010-5,CA-2016-167010,TEC-PH-10002844,41.99,2,0.40,-9.80,East,Technology
CA-2016-167010-6,CA-2016-167010,FUR-FU-10001037,7.58,1,0.20,2.37,East,Furniture
CA-2016-167010-7,CA-2016-167010,FUR-BO-10004218,352.45,5,0.50,-211.47,East,Furniture
CA-2018-126788-0,CA-2018-126788,TEC-PH-10001619,470.38,3,0.20,52.92,Central,Technology
CA-2018-148068-0,CA-2018-148068,OFF-PA-10001639,19.44,3,0.00,9.33,East,Office Supplies
CA-2018-148068-1,CA-2018-148068,FUR-FU-10002268,9.82,2,0.00,3.24,East,Furniture
US-2018-142573-0,US-2018-142573,FUR-TA-10001932,801.60,5,0.50,-448.90,West,Furniture
US-2018-142573-1,US-2018-142573,FUR-CH-10004218,161.57,2,0.20,10.10,West,Furniture
US-2018-142573-2,US-2018-142573,OFF-PA-10000246,16.10,2,0.20,5.23,West,Office Supplies
US-2018-142573-3,US-2018-142573,OFF-BI-10003350,7.66,4,0.70,-6.12,West,Office Supplies
US-2018-142573-4,US-2018-142573,FUR-CH-10000513,311.98,3,0.20,-42.90,West,Furniture
US-2016-148817-0,US-2016-148817,OFF-ST-10001321,61.68,4,0.00,16.65,South,Office Supplies
US-2016-148817-1,US-2016-148817,OFF-BI-10004233,63.96,4,0.00,30.70,South,Office Supplies
CA-2017-110044-0,CA-2017-110044,TEC-PH-10001299,359.98,3,0.20,36.00,Central,Technology
CA-2018-146920-0,CA-2018-146920,OFF-PA-10002479,25.34,6,0.20,7.92,Central,Office Supplies
CA-2018-146920-1,CA-2018-146920,OFF-PA-10001461,26.72,5,0.20,9.35,Central,Office Supplies
CA-2015-103940-0,CA-2015-103940,OFF-ST-10004963,30.28,2,0.00,1.21,West,Office Supplies
CA-2015-103940-1,CA-2015-103940,OFF-ST-10000943,57.93,3,0.00,16.22,West,Office Supplies
CA-2015-103940-2,CA-2015-103940,FUR-FU-10004671,35.34,2,0.00,13.43,West,Furniture
CA-2015-103940-3,CA-2015-103940,OFF-BI-10002735,137.24,5,0.20,46.32,West,Office Supplies
CA-2017-162082-0,CA-2017-162082,FUR-BO-10004409,241.33,5,0.32,-14.20,Central,Furniture
CA-2017-162082-1,CA-2017-162082,OFF-PA-10001934,5.18,1,0.20,1.88,Central,Office Supplies
CA-2017-162082-2,CA-2017-162082,OFF-AR-10001044,145.54,7,0.20,16.37,Central,Office Supplies
CA-2017-132094-0,CA-2017-132094,OFF-AR-10004165,5.47,3,0.20,1.64,East,Office Supplies
CA-2017-132094-1,CA-2017-132094,TEC-AC-10001109,47.98,2,0.20,13.20,East,Technology
CA-2018-123001-0,CA-2018-123001,OFF-AR-10001919,9.40,5,0.00,2.73,West,Office Supplies
CA-2018-123001-1,CA-2018-123001,OFF-LA-10004544,74.00,5,0.00,37.00,West,Office Supplies
CA-2018-123001-2,CA-2018-123001,TEC-PH-10003484,201.58,2,0.20,12.60,West,Technology
CA-2016-118955-0,CA-2016-118955,OFF-EN-10001028,28.75,3,0.20,9.34,Central,Office Supplies
CA-2016-118955-1,CA-2016-118955,OFF-PA-10004156,27.22,3,0.20,9.87,Central,Office Supplies
CA-2016-118955-2,CA-2016-118955,FUR-CH-10001708,197.37,2,0.30,-25.38,Central,Furniture
US-2017-143448-0,US-2017-143448,FUR-CH-10003379,1424.90,5,0.00,356.23,Central,Furniture
CA-2018-117863-0,CA-2018-117863,FUR-FU-10002456,14.56,2,0.00,6.26,East,Furniture
CA-2018-117863-1,CA-2018-117863,OFF-BI-10000605,3.05,1,0.20,1.03,East,Office Supplies
CA-2018-160458-0,CA-2018-160458,OFF-PA-10001166,25.92,5,0.20,9.07,South,Office Supplies
US-2017-142685-0,US-2017-142685,OFF-SU-10000157,835.17,7,0.00,16.70,East,Office Supplies
CA-2017-133144-0,CA-2017-133144,OFF-PA-10004971,17.34,3,0.00,8.50,West,Office Supplies
CA-2018-167871-0,CA-2018-167871,OFF-PA-10001977,44.38,1,0.20,15.53,South,Office Supplies
CA-2018-167871-1,CA-2018-167871,OFF-SU-10001225,2.94,1,0.20,-0.66,South,Office Supplies
CA-2017-119963-0,CA-2017-119963,OFF-AR-10003514,6.37,2,0.20,1.03,Central,Office Supplies
CA-2017-119963-1,CA-2017-119963,OFF-LA-10003510,48.85,2,0.20,15.88,Central,Office Supplies
CA-2017-119963-2,CA-2017-119963,OFF-PA-10001970,19.65,2,0.20,6.63,Central,Office Supplies
CA-2017-119963-3,CA-2017-119963,FUR-CH-10003817,255.11,6,0.30,-18.22,Central,Furniture
CA-2015-121167-0,CA-2015-121167,OFF-BI-10003676,17.25,2,0.20,6.04,East,Office Supplies
US-2017-151862-0,US-2017-151862,TEC-PH-10003535,159.98,2,0.20,14.00,West,Technology
CA-2018-152961-0,CA-2018-152961,OFF-PA-10004675,12.70,2,0.00,5.84,East,Office Supplies
CA-2015-133228-0,CA-2015-133228,FUR-FU-10004020,5.47,1,0.00,2.35,Central,Furniture
CA-2015-133228-1,CA-2015-133228,OFF-AR-10001955,79.36,4,0.00,23.81,Central,Office Supplies
CA-2017-114951-0,CA-2017-114951,FUR-FU-10002364,22.14,3,0.00,6.42,West,Furniture
CA-2017-156573-0,CA-2017-156573,OFF-BI-10002414,11.28,3,0.70,-8.65,South,Office Supplies
CA-2017-156573-1,CA-2017-156573,OFF-AR-10003732,4.45,2,0.20,0.33,South,Office Supplies
CA-2017-156573-2,CA-2017-156573,FUR-FU-10001085,44.76,3,0.20,14.55,South,Furniture
CA-2016-113901-0,CA-2016-113901,OFF-BI-10001249,38.28,6,0.00,17.61,Central,Office Supplies
CA-2016-113901-1,CA-2016-113901,TEC-PH-10002564,149.95,5,0.00,44.98,Central,Technology
CA-2018-134838-0,CA-2018-134838,OFF-AR-10000634,12.84,3,0.00,3.47,West,Office Supplies
CA-2018-134838-1,CA-2018-134838,FUR-FU-10004018,44.67,3,0.00,12.06,West,Furniture
CA-2017-120257-0,CA-2017-120257,OFF-AR-10003481,7.87,3,0.20,0.89,East,Office Supplies
CA-2015-164910-0,CA-2015-164910,OFF-AR-10003651,7.87,3,0.20,0.89,South,Office Supplies
CA-2017-149902-0,CA-2017-149902,OFF-AR-10002956,88.04,4,0.00,22.89,East,Office Supplies
CA-2017-146010-0,CA-2017-146010,OFF-BI-10003638,40.63,7,0.70,-32.51,West,Office Supplies
US-2016-163685-0,US-2016-163685,OFF-BI-10001890,5.73,8,0.80,-9.16,Central,Office Supplies
US-2016-163685-1,US-2016-163685,OFF-PA-10002606,42.24,10,0.20,13.20,Central,Office Supplies
CA-2015-135090-0,CA-2015-135090,OFF-PA-10002245,53.82,9,0.00,24.22,West,Office Supplies
CA-2016-132374-0,CA-2016-132374,OFF-AR-10001615,79.36,4,0.00,20.63,Central,Office Supplies
CA-2017-167556-0,CA-2017-167556,OFF-PA-10000466,13.48,2,0.00,6.74,East,Office Supplies
CA-2017-167556-1,CA-2017-167556,OFF-BI-10003708,29.80,5,0.20,9.31,East,Office Supplies
CA-2017-167556-2,CA-2017-167556,FUR-FU-10004848,414.00,8,0.00,124.20,East,Furniture
CA-2017-167556-3,CA-2017-167556,OFF-BI-10000320,41.33,7,0.20,14.98,East,Office Supplies
US-2017-116400-0,US-2017-116400,FUR-FU-10003731,39.92,4,0.00,11.18,South,Furniture
CA-2018-101308-0,CA-2018-101308,OFF-FA-10002780,8.94,3,0.00,4.11,West,Office Supplies
CA-2018-101308-1,CA-2018-101308,TEC-PH-10003800,84.78,2,0.20,-20.14,West,Technology
CA-2015-114517-0,CA-2015-114517,FUR-TA-10001676,53.32,2,0.40,-19.55,East,Furniture
CA-2015-114517-1,CA-2015-114517,OFF-AP-10002350,56.52,3,0.00,15.83,East,Office Supplies
CA-2018-119564-0,CA-2018-119564,FUR-FU-10003096,22.77,3,0.00,9.79,West,Furniture
CA-2017-135265-0,CA-2017-135265,FUR-CH-10003061,287.97,4,0.20,-3.60,West,Furniture
CA-2017-135265-1,CA-2017-135265,TEC-CO-10003763,2799.96,5,0.20,944.99,West,Technology
CA-2017-135265-2,CA-2017-135265,OFF-PA-10002923,48.94,1,0.00,24.47,West,Office Supplies
CA-2017-108735-0,CA-2017-108735,FUR-BO-10003441,257.50,3,0.15,24.24,West,Furniture
CA-2018-112333-0,CA-2018-112333,OFF-ST-10001780,2591.56,4,0.00,621.97,East,Office Supplies
CA-2018-112333-1,CA-2018-112333,OFF-AP-10001962,41.95,5,0.00,10.49,East,Office Supplies
US-2017-159415-0,US-2017-159415,FUR-FU-10003798,79.12,5,0.20,13.85,South,Furniture
CA-2015-122588-0,CA-2015-122588,FUR-FU-10001095,52.96,2,0.00,20.12,East,Furniture
CA-2015-137589-0,CA-2015-137589,OFF-SU-10000157,286.34,3,0.20,-64.43,East,Office Supplies
CA-2016-161998-0,CA-2016-161998,FUR-FU-10001095,63.55,3,0.20,14.30,South,Furniture
CA-2016-161998-1,CA-2016-161998,OFF-SU-10004261,41.38,3,0.20,4.65,South,Office Supplies
CA-2016-161998-2,CA-2016-161998,OFF-AR-10004022,172.70,6,0.20,10.79,South,Office Supplies
CA-2016-105627-0,CA-2016-105627,FUR-BO-10002916,512.94,3,0.00,97.46,Central,Furniture
CA-2016-105627-1,CA-2016-105627,FUR-CH-10002084,860.93,7,0.00,189.40,Central,Furniture
CA-2016-105627-2,CA-2016-105627,TEC-PH-10003012,769.95,5,0.00,223.29,Central,Technology
CA-2016-105627-3,CA-2016-105627,OFF-AR-10002704,14.98,1,0.00,4.49,Central,Office Supplies
CA-2016-105627-4,CA-2016-105627,FUR-FU-10000308,373.08,6,0.00,82.08,Central,Furniture
US-2016-149629-0,US-2016-149629,FUR-BO-10004709,231.92,5,0.20,5.80,South,Furniture
CA-2015-116834-0,CA-2015-116834,FUR-FU-10001196,63.47,11,0.00,19.04,West,Furniture
CA-2015-116834-1,CA-2015-116834,TEC-AC-10002942,345.00,5,0.00,58.65,West,Technology
CA-2017-145730-0,CA-2017-145730,FUR-TA-10004915,637.90,3,0.30,-127.58,Central,Furniture
CA-2017-145730-1,CA-2017-145730,TEC-MA-10001016,287.91,3,0.40,33.59,Central,Technology
CA-2017-145730-2,CA-2017-145730,OFF-EN-10000483,36.60,3,0.20,11.89,Central,Office Supplies
US-2016-168732-0,US-2016-168732,OFF-AR-10003087,1.78,1,0.00,0.50,South,Office Supplies
US-2016-168732-1,US-2016-168732,OFF-PA-10000520,25.92,4,0.00,12.44,South,Office Supplies
US-2016-168732-2,US-2016-168732,TEC-AC-10001553,101.94,6,0.00,21.41,South,Technology
CA-2016-107468-0,CA-2016-107468,OFF-AR-10000634,6.85,2,0.20,0.60,West,Office Supplies
CA-2018-144463-0,CA-2018-144463,FUR-FU-10001215,474.43,11,0.00,199.26,West,Furniture
CA-2018-100811-0,CA-2018-100811,OFF-PA-10001204,8.45,2,0.20,2.64,East,Office Supplies
CA-2018-100811-1,CA-2018-100811,OFF-ST-10002444,39.30,4,0.20,3.93,East,Office Supplies
CA-2016-153612-0,CA-2016-153612,OFF-AR-10000203,17.12,4,0.00,4.96,Central,Office Supplies
CA-2016-165624-0,CA-2016-165624,OFF-AP-10000828,542.94,3,0.00,152.02,South,Office Supplies
CA-2016-165624-1,CA-2016-165624,OFF-LA-10003190,8.64,3,0.00,4.23,South,Office Supplies
CA-2016-165624-2,CA-2016-165624,OFF-PA-10002319,193.80,5,0.00,94.96,South,Office Supplies
CA-2016-165624-3,CA-2016-165624,OFF-PA-10003893,21.40,5,0.00,9.63,South,Office Supplies
CA-2016-165624-4,CA-2016-165624,OFF-PA-10002499,97.88,2,0.00,48.94,South,Office Supplies
CA-2016-165624-5,CA-2016-165624,TEC-AC-10004568,251.91,9,0.00,47.86,South,Technology
CA-2016-165624-6,CA-2016-165624,OFF-AP-10001492,25.86,3,0.00,6.72,South,Office Supplies
CA-2015-154963-0,CA-2015-154963,FUR-CH-10004698,170.06,3,0.30,-4.86,East,Furniture
CA-2015-154963-1,CA-2015-154963,TEC-PH-10004093,82.78,3,0.40,-15.18,East,Technology
CA-2015-154963-2,CA-2015-154963,FUR-CH-10000454,853.93,5,0.30,0.00,East,Furniture
CA-2018-130764-0,CA-2018-130764,FUR-BO-10003034,556.66,5,0.15,6.55,West,Furniture
CA-2018-130764-1,CA-2018-130764,TEC-PH-10003215,95.84,4,0.20,34.74,West,Technology
CA-2018-139311-0,CA-2018-139311,OFF-PA-10001776,29.66,4,0.20,10.01,Central,Office Supplies
CA-2018-139311-1,CA-2018-139311,OFF-AR-10004582,9.18,7,0.20,2.87,Central,Office Supplies
CA-2018-139311-2,CA-2018-139311,TEC-PH-10001557,153.58,2,0.20,13.44,Central,Technology
CA-2018-139311-3,CA-2018-139311,OFF-BI-10004209,12.86,8,0.80,-22.51,Central,Office Supplies
CA-2018-124296-0,CA-2018-124296,TEC-MA-10003183,479.97,3,0.00,239.99,South,Technology
CA-2018-124296-1,CA-2018-124296,FUR-CH-10002439,232.88,4,0.00,60.55,South,Furniture
CA-2017-169957-0,CA-2017-169957,OFF-AP-10000576,236.88,6,0.00,66.33,West,Office Supplies
CA-2017-169957-1,CA-2017-169957,OFF-PA-10004040,29.90,5,0.00,14.65,West,Office Supplies
CA-2017-169957-2,CA-2017-169957,TEC-AC-10003063,100.00,4,0.00,21.00,West,Technology
US-2017-108777-0,US-2017-108777,OFF-BI-10003982,18.69,3,0.70,-14.33,East,Office Supplies
US-2017-108777-1,US-2017-108777,TEC-AC-10002567,383.95,6,0.20,76.79,East,Technology
CA-2016-148859-0,CA-2016-148859,OFF-ST-10004950,24.82,2,0.20,1.55,Central,Office Supplies
CA-2015-110786-0,CA-2015-110786,FUR-FU-10000550,24.90,5,0.00,8.22,West,Furniture
CA-2015-110786-1,CA-2015-110786,OFF-PA-10000528,21.12,4,0.00,9.50,West,Office Supplies
CA-2015-110786-2,CA-2015-110786,TEC-MA-10003183,767.95,6,0.20,287.98,West,Technology
CA-2015-110786-3,CA-2015-110786,OFF-BI-10003305,14.35,3,0.20,4.66,West,Office Supplies
CA-2015-110786-4,CA-2015-110786,TEC-PH-10001425,191.98,3,0.20,19.20,West,Technology
CA-2015-110786-5,CA-2015-110786,OFF-LA-10001474,274.77,9,0.00,126.39,West,Office Supplies
CA-2015-110786-6,CA-2015-110786,FUR-FU-10000672,70.56,6,0.00,23.99,West,Furniture
CA-2016-137750-0,CA-2016-137750,FUR-FU-10001979,204.85,5,0.00,57.36,West,Furniture
CA-2016-136378-0,CA-2016-136378,OFF-BI-10003707,9.16,3,0.80,-13.73,Central,Office Supplies
CA-2018-100356-0,CA-2018-100356,OFF-AP-10002191,23.99,2,0.80,-62.38,Central,Office Supplies
US-2016-166520-0,US-2016-166520,OFF-PA-10000501,80.88,3,0.00,39.63,East,Office Supplies
US-2016-166520-1,US-2016-166520,TEC-AC-10001990,599.90,10,0.00,191.97,East,Technology
CA-2018-136350-0,CA-2018-136350,FUR-FU-10003601,276.69,3,0.00,49.80,East,Furniture
CA-2018-136350-1,CA-2018-136350,FUR-CH-10001891,172.76,2,0.10,32.63,East,Furniture
CA-2015-122931-0,CA-2015-122931,OFF-AR-10003469,4.22,3,0.20,1.48,East,Office Supplies
CA-2015-122931-1,CA-2015-122931,FUR-TA-10004175,409.27,2,0.40,-81.85,East,Furniture
CA-2015-122931-2,CA-2015-122931,OFF-LA-10002945,55.44,11,0.20,18.02,East,Office Supplies
CA-2015-122931-3,CA-2015-122931,OFF-PA-10000533,20.93,4,0.20,6.80,East,Office Supplies
CA-2015-122931-4,CA-2015-122931,OFF-ST-10004459,1801.63,6,0.20,-337.81,East,Office Supplies
CA-2015-122931-5,CA-2015-122931,FUR-TA-10004147,67.18,1,0.40,-20.15,East,Furniture
CA-2015-163034-0,CA-2015-163034,OFF-ST-10000046,646.20,5,0.20,-8.08,Central,Office Supplies
CA-2016-124058-0,CA-2016-124058,TEC-PH-10004774,72.74,7,0.20,-15.46,West,Technology
CA-2016-124058-1,CA-2016-124058,FUR-CH-10000595,572.16,3,0.20,35.76,West,Furniture
CA-2017-129196-0,CA-2017-129196,TEC-AC-10002473,68.11,3,0.20,17.88,Central,Technology
US-2016-138716-0,US-2016-138716,OFF-BI-10001628,25.03,3,0.20,7.82,West,Office Supplies
US-2017-122182-0,US-2017-122182,TEC-AC-10002800,39.99,1,0.20,7.50,East,Technology
US-2015-130358-0,US-2015-130358,OFF-AR-10002766,20.02,9,0.20,1.75,South,Office Supplies
US-2015-130358-1,US-2015-130358,OFF-SU-10002522,3.10,1,0.20,0.35,South,Office Supplies
CA-2015-102673-0,CA-2015-102673,OFF-FA-10003021,7.52,5,0.20,1.41,South,Office Supplies
CA-2015-102673-1,CA-2015-102673,OFF-AR-10000634,10.27,3,0.20,0.90,South,Office Supplies
CA-2015-102673-2,CA-2015-102673,OFF-LA-10001771,47.81,12,0.20,15.54,South,Office Supplies
CA-2015-102673-3,CA-2015-102673,TEC-PH-10004434,978.84,9,0.20,110.12,South,Technology
CA-2017-145303-0,CA-2017-145303,OFF-BI-10000050,13.14,9,0.80,-21.68,Central,Office Supplies
CA-2017-145303-1,CA-2017-145303,OFF-BI-10002414,10.02,4,0.80,-16.54,Central,Office Supplies
CA-2017-145303-2,CA-2017-145303,FUR-BO-10003159,156.37,2,0.32,-52.89,Central,Furniture
CA-2016-156104-0,CA-2016-156104,TEC-CO-10002095,999.98,2,0.00,449.99,Central,Technology
US-2016-164308-0,US-2016-164308,TEC-PH-10004120,821.94,6,0.00,213.70,Central,Technology
CA-2018-108112-0,CA-2018-108112,FUR-FU-10003553,220.06,4,0.20,55.02,South,Furniture
CA-2018-108112-1,CA-2018-108112,FUR-FU-10001488,339.14,4,0.20,0.00,South,Furniture
CA-2016-100685-0,CA-2016-100685,OFF-BI-10003094,7.04,2,0.00,3.31,Central,Office Supplies
CA-2016-100685-1,CA-2016-100685,OFF-FA-10003472,5.04,4,0.00,0.20,Central,Office Supplies
CA-2016-100685-2,CA-2016-100685,OFF-PA-10001289,116.28,3,0.00,56.98,Central,Office Supplies
CA-2016-165414-0,CA-2016-165414,TEC-PH-10002293,47.98,3,0.20,4.80,South,Technology
CA-2017-140417-0,CA-2017-140417,OFF-PA-10000380,60.05,9,0.20,22.52,West,Office Supplies
CA-2017-140417-1,CA-2017-140417,OFF-BI-10004828,5.02,1,0.70,-3.52,West,Office Supplies
US-2018-151316-0,US-2018-151316,OFF-BI-10004632,182.99,3,0.80,-320.24,Central,Office Supplies
US-2018-151316-1,US-2018-151316,OFF-PA-10000327,10.27,3,0.20,3.21,Central,Office Supplies
CA-2018-163692-0,CA-2018-163692,OFF-BI-10003291,7.86,3,0.70,-6.02,West,Office Supplies
CA-2017-111913-0,CA-2017-111913,TEC-PH-10002275,302.38,2,0.20,30.24,West,Technology
CA-2017-111913-1,CA-2017-111913,OFF-BI-10003291,20.95,3,0.20,7.07,West,Office Supplies
CA-2017-111913-2,CA-2017-111913,OFF-BI-10000343,11.78,3,0.20,3.98,West,Office Supplies
US-2015-156559-0,US-2015-156559,FUR-BO-10000711,638.82,9,0.00,172.48,South,Furniture
CA-2017-161473-0,CA-2017-161473,OFF-LA-10001297,20.70,2,0.00,9.94,East,Office Supplies
CA-2017-161473-1,CA-2017-161473,OFF-SU-10001574,10.95,3,0.00,3.29,East,Office Supplies
CA-2017-161473-2,CA-2017-161473,OFF-BI-10003305,14.35,3,0.20,4.66,East,Office Supplies
CA-2018-166576-0,CA-2018-166576,OFF-ST-10002574,221.02,2,0.20,-55.26,East,Office Supplies
CA-2016-102491-0,CA-2016-102491,TEC-MA-10000864,3080.00,7,0.00,1416.80,South,Technology
CA-2016-102491-1,CA-2016-102491,TEC-AC-10003289,79.96,4,0.00,18.39,South,Technology
CA-2016-102491-2,CA-2016-102491,TEC-PH-10001619,587.97,3,0.00,170.51,South,Technology
CA-2015-116904-0,CA-2015-116904,OFF-PA-10004888,32.40,5,0.00,15.55,Central,Office Supplies
CA-2015-116904-1,CA-2015-116904,OFF-ST-10000736,404.90,5,0.00,16.20,Central,Office Supplies
CA-2015-116904-2,CA-2015-116904,OFF-BI-10001120,9449.95,5,0.00,4630.48,Central,Office Supplies
CA-2015-116904-3,CA-2015-116904,OFF-BI-10000301,12.94,2,0.00,6.47,Central,Office Supplies
US-2018-102288-0,US-2018-102288,OFF-AP-10004655,2.26,1,0.80,-5.21,Central,Office Supplies
US-2018-102288-1,US-2018-102288,OFF-AP-10002906,0.44,1,0.80,-1.11,Central,Office Supplies
US-2018-102288-2,US-2018-102288,OFF-PA-10000740,146.18,8,0.20,47.51,Central,Office Supplies
CA-2018-137456-0,CA-2018-137456,FUR-FU-10001940,15.92,2,0.00,7.00,Central,Furniture
US-2018-155999-0,US-2018-155999,TEC-PH-10000439,159.96,5,0.20,18.00,West,Technology
US-2018-155999-1,US-2018-155999,OFF-BI-10000404,13.76,2,0.20,4.64,West,Office Supplies
US-2017-148334-0,US-2017-148334,OFF-BI-10003676,4.31,2,0.80,-6.90,Central,Office Supplies
CA-2016-105599-0,CA-2016-105599,OFF-ST-10002486,13.96,2,0.00,0.28,East,Office Supplies
CA-2016-105599-1,CA-2016-105599,FUR-TA-10003837,27.41,3,0.40,-14.16,East,Furniture
CA-2016-153717-0,CA-2016-153717,TEC-PH-10002923,73.98,2,0.00,19.97,Central,Technology
CA-2016-153717-1,CA-2016-153717,FUR-BO-10004360,160.98,1,0.00,20.93,Central,Furniture
CA-2016-153717-2,CA-2016-153717,OFF-PA-10002160,17.34,3,0.00,8.50,Central,Office Supplies
CA-2016-153717-3,CA-2016-153717,OFF-AR-10002375,3.28,1,0.00,0.95,Central,Office Supplies
CA-2016-116687-0,CA-2016-116687,OFF-LA-10000443,8.86,3,0.20,2.99,Central,Office Supplies
CA-2016-116687-1,CA-2016-116687,TEC-PH-10001750,158.38,3,0.20,13.86,Central,Technology
CA-2017-163573-0,CA-2017-163573,OFF-BI-10004632,1219.96,5,0.20,381.24,West,Office Supplies
CA-2016-153416-0,CA-2016-153416,OFF-BI-10002813,3.17,2,0.20,0.99,West,Office Supplies
CA-2016-153416-1,CA-2016-153416,OFF-PA-10002005,19.44,3,0.00,9.33,West,Office Supplies
CA-2016-153416-2,CA-2016-153416,OFF-ST-10000060,454.86,7,0.00,54.58,West,Office Supplies
CA-2016-153416-3,CA-2016-153416,OFF-BI-10002706,91.39,8,0.20,29.70,West,Office Supplies
CA-2018-117394-0,CA-2018-117394,TEC-AC-10000199,19.04,4,0.20,-1.43,East,Technology
CA-2018-133823-0,CA-2018-133823,OFF-PA-10002870,37.44,6,0.00,16.85,West,Office Supplies
CA-2018-133823-1,CA-2018-133823,OFF-LA-10004545,37.59,3,0.00,17.67,West,Office Supplies
CA-2018-133823-2,CA-2018-133823,OFF-BI-10000962,26.03,2,0.20,9.44,West,Office Supplies
CA-2015-127523-0,CA-2015-127523,OFF-AP-10004249,35.91,3,0.00,9.70,East,Office Supplies
CA-2018-123239-0,CA-2018-123239,FUR-FU-10001602,91.03,3,0.20,-2.28,South,Furniture
CA-2018-156769-0,CA-2018-156769,OFF-AR-10003179,54.66,6,0.00,18.04,South,Office Supplies
CA-2015-127299-0,CA-2015-127299,OFF-ST-10003722,67.34,6,0.20,7.58,South,Office Supplies
CA-2015-127299-1,CA-2015-127299,TEC-MA-10001127,2624.99,3,0.50,-944.99,South,Technology
CA-2016-121272-0,CA-2016-121272,OFF-AP-10001947,73.28,4,0.00,21.25,West,Office Supplies
CA-2015-115336-0,CA-2015-115336,OFF-BI-10001107,14.48,5,0.80,-23.89,Central,Office Supplies
CA-2016-111703-0,CA-2016-111703,OFF-PA-10000349,11.95,3,0.20,4.03,South,Office Supplies
CA-2016-111703-1,CA-2016-111703,OFF-PA-10003349,15.55,3,0.20,5.64,South,Office Supplies
CA-2015-128839-0,CA-2015-128839,OFF-FA-10002280,45.00,9,0.00,21.60,South,Office Supplies
CA-2015-128839-1,CA-2015-128839,TEC-MA-10000029,209.97,3,0.00,90.29,South,Technology
CA-2018-105914-0,CA-2018-105914,OFF-BI-10002854,112.12,5,0.20,42.05,West,Office Supplies
CA-2018-105914-1,CA-2018-105914,OFF-ST-10003716,1575.14,7,0.00,204.77,West,Office Supplies
CA-2018-110926-0,CA-2018-110926,OFF-FA-10000624,25.06,7,0.00,12.53,South,Office Supplies
CA-2017-117226-0,CA-2017-117226,OFF-BI-10004654,6.92,6,0.80,-10.39,Central,Office Supplies
CA-2018-127313-0,CA-2018-127313,OFF-ST-10001228,37.39,3,0.20,2.34,East,Office Supplies
CA-2018-127313-1,CA-2018-127313,FUR-FU-10003798,79.12,5,0.20,13.85,East,Furniture
CA-2017-136287-0,CA-2017-136287,OFF-LA-10003148,18.90,3,0.00,8.69,Central,Office Supplies
US-2015-107699-0,US-2015-107699,OFF-BI-10001249,57.42,9,0.00,26.41,Central,Office Supplies
CA-2018-112725-0,CA-2018-112725,OFF-AR-10003759,12.74,7,0.00,5.73,West,Office Supplies
CA-2018-112725-1,CA-2018-112725,OFF-AR-10001227,8.82,3,0.00,2.38,West,Office Supplies
CA-2018-112725-2,CA-2018-112725,FUR-CH-10000863,120.78,1,0.20,-13.59,West,Furniture
CA-2016-136196-0,CA-2016-136196,FUR-FU-10004017,322.59,3,0.00,64.52,East,Furniture
CA-2018-106068-0,CA-2018-106068,OFF-BI-10000962,9.76,3,0.80,-15.13,Central,Office Supplies
CA-2018-106068-1,CA-2018-106068,OFF-ST-10004507,13.72,1,0.20,1.20,Central,Office Supplies
CA-2018-106068-2,CA-2018-106068,TEC-AC-10002942,55.20,1,0.20,-2.07,Central,Technology
CA-2018-106068-3,CA-2018-106068,OFF-ST-10002344,259.14,4,0.20,-58.31,Central,Office Supplies
CA-2018-100160-0,CA-2018-100160,OFF-LA-10002475,29.24,5,0.20,9.87,East,Office Supplies
CA-2018-100160-1,CA-2018-100160,OFF-PA-10003072,15.55,3,0.20,5.44,East,Office Supplies
CA-2018-100160-2,CA-2018-100160,OFF-EN-10001509,4.90,3,0.20,1.65,East,Office Supplies
CA-2017-139689-0,CA-2017-139689,OFF-BI-10004781,38.09,4,0.70,-27.93,South,Office Supplies
CA-2017-139689-1,CA-2017-139689,OFF-BI-10000145,2.81,3,0.70,-1.97,South,Office Supplies
CA-2016-101091-0,CA-2016-101091,TEC-AC-10003280,47.98,2,0.20,0.60,East,Technology
CA-2016-101091-1,CA-2016-101091,OFF-BI-10001107,26.06,6,0.70,-19.98,East,Office Supplies
CA-2015-126907-0,CA-2015-126907,OFF-PA-10000533,15.70,3,0.20,5.10,Central,Office Supplies
US-2017-164588-0,US-2017-164588,OFF-AR-10003056,12.84,3,0.00,3.72,South,Office Supplies
CA-2018-115546-0,CA-2018-115546,TEC-PH-10002834,539.97,3,0.00,134.99,East,Technology
CA-2018-115546-1,CA-2018-115546,OFF-ST-10002214,22.58,2,0.00,5.87,East,Office Supplies
CA-2016-163587-0,CA-2016-163587,OFF-LA-10004484,16.52,4,0.00,7.60,East,Office Supplies
CA-2016-163587-1,CA-2016-163587,OFF-BI-10003091,671.94,3,0.00,315.81,East,Office Supplies
US-2018-106131-0,US-2018-106131,TEC-AC-10003027,169.06,7,0.20,-14.79,West,Technology
US-2018-106131-1,US-2018-106131,OFF-ST-10003638,168.62,9,0.20,14.75,West,Office Supplies
CA-2016-160213-0,CA-2016-160213,OFF-PA-10003848,19.44,3,0.00,9.33,East,Office Supplies
CA-2015-157924-0,CA-2015-157924,OFF-ST-10002352,31.92,4,0.00,8.30,West,Office Supplies
CA-2015-157924-1,CA-2015-157924,FUR-CH-10000229,433.57,2,0.20,-65.04,West,Furniture
CA-2016-100216-0,CA-2016-100216,OFF-PA-10000788,31.10,6,0.20,10.89,West,Office Supplies
CA-2016-100216-1,CA-2016-100216,OFF-PA-10002968,54.82,3,0.20,17.82,West,Office Supplies
CA-2018-100601-0,CA-2018-100601,OFF-ST-10002486,48.86,7,0.00,0.98,West,Office Supplies
CA-2017-152163-0,CA-2017-152163,OFF-BI-10002215,14.20,2,0.00,6.53,South,Office Supplies
CA-2017-152163-1,CA-2017-152163,OFF-PA-10000788,12.96,2,0.00,6.22,South,Office Supplies
CA-2017-152163-2,CA-2017-152163,OFF-BI-10003364,58.34,2,0.00,28.00,South,Office Supplies
CA-2016-154340-0,CA-2016-154340,OFF-AR-10003582,56.30,2,0.00,15.76,West,Office Supplies
CA-2015-128846-0,CA-2015-128846,TEC-PH-10003273,629.95,5,0.00,163.79,South,Technology
CA-2015-128846-1,CA-2015-128846,OFF-PA-10000100,122.97,3,0.00,60.26,South,Office Supplies
CA-2017-148593-0,CA-2017-148593,OFF-PA-10001776,46.35,5,0.00,21.78,West,Office Supplies
US-2018-119039-0,US-2018-119039,OFF-BI-10004182,14.98,9,0.20,5.43,West,Office Supplies
CA-2018-128426-0,CA-2018-128426,OFF-BI-10000756,4.24,5,0.80,-6.36,Central,Office Supplies
US-2018-136868-0,US-2018-136868,TEC-AC-10001539,319.96,4,0.00,115.19,East,Technology
US-2018-136868-1,US-2018-136868,OFF-PA-10002377,17.04,3,0.00,7.67,East,Office Supplies
US-2018-136868-2,US-2018-136868,OFF-ST-10000991,344.91,3,0.00,10.35,East,Office Supplies
CA-2017-143749-0,CA-2017-143749,FUR-BO-10002853,81.94,1,0.00,20.48,East,Furniture
CA-2017-111493-0,CA-2017-111493,TEC-AC-10004510,98.16,6,0.00,9.82,East,Technology
CA-2018-112536-0,CA-2018-112536,OFF-BI-10003712,6.87,7,0.80,-10.65,Central,Office Supplies
CA-2018-112536-1,CA-2018-112536,OFF-BI-10002571,2.00,1,0.80,-3.29,Central,Office Supplies
CA-2018-112536-2,CA-2018-112536,OFF-ST-10004835,8.93,2,0.20,0.67,Central,Office Supplies
CA-2017-157714-0,CA-2017-157714,OFF-PA-10004022,9.99,1,0.00,4.50,Central,Office Supplies
CA-2018-166709-0,CA-2018-166709,TEC-CO-10004722,10499.97,3,0.00,5039.99,East,Technology
CA-2016-129392-0,CA-2016-129392,OFF-PA-10004248,21.12,5,0.20,6.60,Central,Office Supplies
CA-2016-150875-0,CA-2016-150875,FUR-TA-10000577,696.42,2,0.00,160.18,West,Furniture
CA-2016-150875-1,CA-2016-150875,TEC-PH-10001254,304.78,3,0.20,22.86,West,Technology
CA-2016-154200-0,CA-2016-154200,OFF-AR-10001044,51.98,2,0.00,15.07,West,Office Supplies
CA-2017-124233-0,CA-2017-124233,FUR-FU-10002597,24.70,5,0.00,10.37,West,Furniture
US-2016-134271-0,US-2016-134271,OFF-LA-10004093,21.93,3,0.00,10.31,East,Office Supplies
US-2017-161683-0,US-2017-161683,OFF-AP-10000179,394.82,4,0.20,93.77,East,Office Supplies
US-2017-161683-1,US-2017-161683,OFF-BI-10001072,18.19,4,0.70,-14.55,East,Office Supplies
CA-2016-143105-0,CA-2016-143105,OFF-LA-10004093,7.31,1,0.00,3.44,East,Office Supplies
CA-2016-143105-1,CA-2016-143105,TEC-CO-10002095,799.98,2,0.20,250.00,East,Technology
CA-2016-143105-2,CA-2016-143105,OFF-PA-10002713,41.28,6,0.00,18.99,East,Office Supplies
CA-2016-143105-3,CA-2016-143105,OFF-PA-10002254,184.66,7,0.00,84.94,East,Office Supplies
CA-2015-145387-0,CA-2015-145387,OFF-AR-10001683,49.25,5,0.00,18.71,East,Office Supplies
CA-2015-145387-1,CA-2015-145387,OFF-PA-10002195,10.16,2,0.00,4.78,East,Office Supplies
CA-2015-145387-2,CA-2015-145387,FUR-FU-10002364,14.76,2,0.00,4.28,East,Furniture
CA-2015-145387-3,CA-2015-145387,OFF-BI-10004001,34.08,2,0.00,15.68,East,Office Supplies
CA-2015-145387-4,CA-2015-145387,FUR-FU-10000023,17.67,3,0.00,7.77,East,Furniture
CA-2015-145387-5,CA-2015-145387,FUR-CH-10002320,1604.90,5,0.00,481.47,East,Furniture
CA-2015-145387-6,CA-2015-145387,FUR-TA-10003238,385.69,1,0.30,-60.61,East,Furniture
CA-2018-109715-0,CA-2018-109715,OFF-PA-10004965,15.98,2,0.20,5.00,Central,Office Supplies
CA-2015-166457-0,CA-2015-166457,OFF-PA-10003016,9.42,3,0.00,4.24,South,Office Supplies
CA-2015-166457-1,CA-2015-166457,OFF-AR-10003651,6.56,2,0.00,1.90,South,Office Supplies
CA-2015-166457-2,CA-2015-166457,OFF-PA-10001363,24.56,2,0.00,11.54,South,Office Supplies
CA-2017-164637-0,CA-2017-164637,OFF-BI-10003876,128.40,3,0.00,64.20,Central,Office Supplies
CA-2015-103590-0,CA-2015-103590,OFF-EN-10004007,62.28,4,0.00,29.27,East,Office Supplies
CA-2016-111234-0,CA-2016-111234,OFF-LA-10002271,9.24,3,0.00,4.44,West,Office Supplies
CA-2018-149881-0,CA-2018-149881,FUR-BO-10003894,482.66,8,0.15,85.18,West,Furniture
CA-2018-149881-1,CA-2018-149881,TEC-MA-10000418,4799.98,2,0.20,360.00,West,Technology
CA-2018-134565-0,CA-2018-134565,OFF-PA-10004243,37.94,2,0.00,18.21,West,Office Supplies
CA-2018-134565-1,CA-2018-134565,OFF-BI-10001759,18.29,6,0.20,6.63,West,Office Supplies
CA-2018-134565-2,CA-2018-134565,TEC-MA-10001570,385.80,5,0.20,130.21,West,Technology
CA-2018-134565-3,CA-2018-134565,OFF-ST-10004804,102.96,2,0.00,1.03,West,Office Supplies
CA-2018-134565-4,CA-2018-134565,FUR-BO-10001519,174.42,3,0.00,41.86,West,Furniture
CA-2017-108644-0,CA-2017-108644,OFF-BI-10000343,1.96,2,0.80,-3.24,Central,Office Supplies
US-2015-102631-0,US-2015-102631,FUR-FU-10003930,94.43,3,0.60,-42.49,Central,Furniture
CA-2018-120327-0,CA-2018-120327,OFF-FA-10004854,45.92,4,0.00,21.58,Central,Office Supplies
CA-2016-154970-0,CA-2016-154970,FUR-CH-10003396,61.58,1,0.20,-6.93,West,Furniture
CA-2017-113803-0,CA-2017-113803,OFF-PA-10001994,22.48,1,0.00,10.34,Central,Office Supplies
CA-2018-100223-0,CA-2018-100223,FUR-FU-10003601,332.03,9,0.60,-348.63,Central,Furniture
CA-2018-100223-1,CA-2018-100223,OFF-BI-10003429,11.39,9,0.80,-17.66,Central,Office Supplies
CA-2018-100223-2,CA-2018-100223,OFF-PA-10000232,15.55,3,0.20,5.64,Central,Office Supplies
CA-2018-100223-3,CA-2018-100223,OFF-PA-10002195,31.10,6,0.20,11.28,Central,Office Supplies
CA-2018-100223-4,CA-2018-100223,OFF-BI-10004492,6.32,1,0.80,-10.42,Central,Office Supplies
CA-2015-168823-0,CA-2015-168823,OFF-PA-10004000,11.35,3,0.20,4.12,East,Office Supplies
CA-2015-168823-1,CA-2015-168823,OFF-LA-10004425,20.81,9,0.20,7.02,East,Office Supplies
CA-2017-162404-0,CA-2017-162404,OFF-BI-10000948,11.42,4,0.80,-18.84,Central,Office Supplies
CA-2018-104024-0,CA-2018-104024,OFF-AR-10001972,9.41,7,0.20,0.71,East,Office Supplies
CA-2018-147144-0,CA-2018-147144,OFF-AR-10004587,19.83,1,0.00,5.95,West,Office Supplies
CA-2018-158673-0,CA-2018-158673,OFF-PA-10000994,209.70,2,0.00,100.66,Central,Office Supplies
CA-2015-133704-0,CA-2015-133704,OFF-AP-10001366,43.92,4,0.00,11.86,West,Office Supplies
CA-2015-133704-1,CA-2015-133704,OFF-BI-10001636,20.23,3,0.20,6.58,West,Office Supplies
CA-2017-159142-0,CA-2017-159142,TEC-PH-10001448,149.97,3,0.00,6.00,South,Technology
CA-2017-159142-1,CA-2017-159142,OFF-PA-10001776,27.81,3,0.00,13.07,South,Office Supplies
CA-2015-138436-0,CA-2015-138436,TEC-AC-10002323,66.30,3,0.00,8.62,West,Technology
CA-2018-117702-0,CA-2018-117702,OFF-AR-10004582,1.64,1,0.00,0.74,East,Office Supplies
CA-2018-117702-1,CA-2018-117702,FUR-FU-10000576,1049.20,5,0.00,272.79,East,Furniture
CA-2018-117702-2,CA-2018-117702,FUR-FU-10004270,20.90,5,0.00,7.52,East,Furniture
CA-2017-157336-0,CA-2017-157336,OFF-BI-10004236,88.08,6,0.00,40.52,East,Office Supplies
CA-2017-157336-1,CA-2017-157336,FUR-CH-10004997,751.92,4,0.00,150.38,East,Furniture
CA-2015-168130-0,CA-2015-168130,FUR-CH-10000988,887.10,7,0.10,177.42,East,Furniture
CA-2016-155068-0,CA-2016-155068,TEC-PH-10004897,55.94,7,0.20,-13.29,South,Technology
CA-2016-155068-1,CA-2016-155068,OFF-AR-10002656,10.69,2,0.20,2.27,South,Office Supplies
CA-2016-155068-2,CA-2016-155068,TEC-PH-10004924,11.82,2,0.20,1.03,South,Technology
CA-2018-163160-0,CA-2018-163160,OFF-PA-10003127,63.31,3,0.20,20.58,Central,Office Supplies
CA-2018-163160-1,CA-2018-163160,OFF-BI-10000778,96.78,4,0.80,-145.18,Central,Office Supplies
CA-2018-163160-2,CA-2018-163160,FUR-FU-10001424,10.48,3,0.60,-6.81,Central,Furniture
CA-2016-101924-0,CA-2016-101924,OFF-BI-10000962,9.76,2,0.70,-6.83,West,Office Supplies
CA-2017-124793-0,CA-2017-124793,FUR-CH-10002880,196.78,2,0.20,-22.14,West,Furniture
CA-2018-118367-0,CA-2018-118367,OFF-EN-10004386,47.98,2,0.00,23.99,East,Office Supplies
CA-2018-164819-0,CA-2018-164819,OFF-LA-10001045,13.05,5,0.00,6.00,East,Office Supplies
CA-2018-158344-0,CA-2018-158344,TEC-AC-10002006,63.96,4,0.00,19.83,Central,Technology
CA-2018-123351-0,CA-2018-123351,OFF-AP-10001242,80.48,1,0.00,24.14,South,Office Supplies
CA-2018-110429-0,CA-2018-110429,OFF-BI-10000216,11.67,3,0.70,-7.78,East,Office Supplies
US-2017-131611-0,US-2017-131611,FUR-TA-10002774,863.13,8,0.30,-160.30,Central,Furniture
US-2017-131611-1,US-2017-131611,OFF-BI-10004364,3.56,3,0.80,-6.24,Central,Office Supplies
US-2017-131611-2,US-2017-131611,FUR-BO-10000780,956.66,7,0.32,-225.10,Central,Furniture
US-2017-131611-3,US-2017-131611,OFF-BI-10001989,12.59,3,0.80,-20.14,Central,Office Supplies
US-2017-131611-4,US-2017-131611,TEC-AC-10004001,171.96,5,0.20,45.14,Central,Technology
US-2018-124821-0,US-2018-124821,FUR-TA-10000688,871.40,4,0.00,148.14,West,Furniture
CA-2016-166975-0,CA-2016-166975,FUR-FU-10003930,692.47,11,0.20,190.43,South,Furniture
CA-2017-123806-0,CA-2017-123806,FUR-FU-10000965,207.76,4,0.00,85.18,East,Furniture
US-2018-158505-0,US-2018-158505,TEC-PH-10004071,71.93,9,0.20,6.29,West,Technology
US-2018-158505-1,US-2018-158505,OFF-AR-10001044,25.99,1,0.00,7.54,West,Office Supplies
CA-2016-142692-0,CA-2016-142692,OFF-BI-10004140,3.59,1,0.20,1.12,West,Office Supplies
CA-2016-123456-0,CA-2016-123456,OFF-AP-10002684,48.63,2,0.80,-121.58,Central,Office Supplies
CA-2018-151358-0,CA-2018-151358,OFF-ST-10000046,323.10,2,0.00,61.39,West,Office Supplies
US-2017-107440-0,US-2017-107440,TEC-MA-10001047,9099.93,7,0.00,2365.98,East,Technology
US-2017-107440-1,US-2017-107440,FUR-FU-10000550,9.96,2,0.00,3.29,East,Furniture
US-2017-107440-2,US-2017-107440,OFF-BI-10002432,25.30,5,0.00,11.89,East,Office Supplies
CA-2015-166989-0,CA-2015-166989,OFF-PA-10004470,11.36,2,0.00,5.23,East,Office Supplies
CA-2015-166989-1,CA-2015-166989,FUR-CH-10001797,69.26,2,0.10,14.62,East,Furniture
CA-2015-103100-0,CA-2015-103100,OFF-LA-10003720,3.69,1,0.00,1.73,Central,Office Supplies
CA-2015-103100-1,CA-2015-103100,OFF-BI-10004600,1103.97,3,0.00,496.79,Central,Office Supplies
CA-2016-105690-0,CA-2016-105690,FUR-BO-10003965,246.13,2,0.32,-76.01,Central,Furniture
CA-2016-105690-1,CA-2016-105690,OFF-LA-10000240,11.70,2,0.20,3.95,Central,Office Supplies
CA-2016-105690-2,CA-2016-105690,TEC-CO-10001571,439.99,1,0.20,165.00,Central,Technology
CA-2018-127516-0,CA-2018-127516,OFF-ST-10000736,64.78,1,0.20,-12.96,South,Office Supplies
US-2016-117184-0,US-2016-117184,OFF-BI-10002082,33.28,5,0.80,-49.92,Central,Office Supplies
US-2016-117184-1,US-2016-117184,OFF-PA-10002250,14.09,3,0.20,4.93,Central,Office Supplies
CA-2018-102407-0,CA-2018-102407,OFF-AR-10000122,11.16,2,0.00,2.79,West,Office Supplies
CA-2018-102407-1,CA-2018-102407,FUR-TA-10003748,896.33,9,0.20,22.41,West,Furniture
CA-2018-102407-2,CA-2018-102407,OFF-AP-10001394,189.00,1,0.00,68.04,West,Office Supplies
CA-2018-130967-0,CA-2018-130967,TEC-PH-10004896,53.98,3,0.40,-10.80,East,Technology
CA-2018-101581-0,CA-2018-101581,FUR-TA-10002607,177.22,5,0.50,-120.51,West,Furniture
CA-2018-169124-0,CA-2018-169124,FUR-FU-10001215,129.39,3,0.00,54.34,West,Furniture
CA-2018-117261-0,CA-2018-117261,OFF-ST-10000419,54.32,4,0.00,0.54,West,Office Supplies
CA-2018-129021-0,CA-2018-129021,TEC-PH-10001459,4367.90,13,0.20,327.59,South,Technology
CA-2018-129021-1,CA-2018-129021,OFF-PA-10000241,49.57,2,0.20,15.49,South,Office Supplies
CA-2018-129021-2,CA-2018-129021,OFF-AP-10003040,161.38,6,0.20,12.10,South,Office Supplies
CA-2018-129021-3,CA-2018-129021,FUR-FU-10001852,2.78,2,0.20,0.42,South,Furniture
CA-2018-129021-4,CA-2018-129021,OFF-PA-10000141,8.72,5,0.20,2.94,South,Office Supplies
CA-2015-123253-0,CA-2015-123253,OFF-AR-10002804,3.91,1,0.20,1.03,East,Office Supplies
CA-2017-121601-0,CA-2017-121601,OFF-EN-10003862,59.75,7,0.20,19.42,Central,Office Supplies
CA-2015-162278-0,CA-2015-162278,FUR-FU-10000448,63.92,4,0.00,3.20,West,Furniture
CA-2015-162278-1,CA-2015-162278,TEC-PH-10000526,383.96,5,0.20,38.40,West,Technology
CA-2017-161095-0,CA-2017-161095,OFF-BI-10002764,7.75,3,0.20,2.81,West,Office Supplies
CA-2017-161095-1,CA-2017-161095,OFF-BI-10001524,33.57,2,0.20,11.75,West,Office Supplies
CA-2015-125829-0,CA-2015-125829,TEC-PH-10001079,666.34,7,0.20,66.63,West,Technology
CA-2015-125829-1,CA-2015-125829,FUR-TA-10002041,573.73,4,0.20,-64.54,West,Furniture
CA-2015-125829-2,CA-2015-125829,OFF-BI-10001036,21.94,3,0.20,8.23,West,Office Supplies
CA-2015-125829-3,CA-2015-125829,OFF-PA-10000223,19.44,3,0.00,9.33,West,Office Supplies
CA-2015-125829-4,CA-2015-125829,TEC-MA-10003246,447.97,4,0.20,139.99,West,Technology
CA-2015-123127-0,CA-2015-123127,OFF-AP-10001962,16.78,2,0.00,4.20,East,Office Supplies
CA-2016-115945-0,CA-2016-115945,OFF-AR-10004062,20.96,2,0.00,5.24,West,Office Supplies
CA-2016-115945-1,CA-2016-115945,OFF-BI-10004330,88.75,3,0.20,27.73,West,Office Supplies
CA-2016-115945-2,CA-2016-115945,OFF-ST-10001963,304.23,3,0.00,9.13,West,Office Supplies
CA-2016-136735-0,CA-2016-136735,OFF-EN-10002230,167.86,2,0.00,78.89,West,Office Supplies
US-2018-136189-0,US-2018-136189,FUR-FU-10000175,82.38,6,0.00,25.54,South,Furniture
CA-2015-152345-0,CA-2015-152345,TEC-PH-10004897,23.98,3,0.20,-5.69,West,Technology
CA-2015-152345-1,CA-2015-152345,OFF-ST-10003123,33.29,1,0.00,7.99,West,Office Supplies
US-2016-147662-0,US-2016-147662,OFF-BI-10001658,14.95,2,0.70,-11.96,East,Office Supplies
US-2016-147662-1,US-2016-147662,TEC-PH-10002834,323.98,3,0.40,-81.00,East,Technology
US-2016-147662-2,US-2016-147662,OFF-BI-10002160,2.29,2,0.70,-1.68,East,Office Supplies
US-2016-147662-3,US-2016-147662,OFF-AR-10004999,14.35,3,0.20,0.90,East,Office Supplies
US-2016-147662-4,US-2016-147662,TEC-AC-10003280,71.98,3,0.20,0.90,East,Technology
CA-2017-153346-0,CA-2017-153346,OFF-AR-10000315,9.21,3,0.00,2.30,East,Office Supplies
CA-2017-153346-1,CA-2017-153346,OFF-PA-10000007,18.00,5,0.00,8.28,East,Office Supplies
CA-2018-118360-0,CA-2018-118360,OFF-PA-10000791,42.93,9,0.00,19.32,East,Office Supplies
CA-2018-149853-0,CA-2018-149853,OFF-PA-10000556,15.55,3,0.20,5.44,South,Office Supplies
CA-2018-149853-1,CA-2018-149853,OFF-AP-10000804,17.92,5,0.20,1.12,South,Office Supplies
CA-2018-107909-0,CA-2018-107909,TEC-AC-10001998,19.99,1,0.00,6.80,West,Technology
CA-2018-107909-1,CA-2018-107909,OFF-BI-10003476,22.92,5,0.20,8.02,West,Office Supplies
CA-2016-112375-0,CA-2016-112375,TEC-AC-10003237,50.88,6,0.20,14.63,South,Technology
CA-2016-112375-1,CA-2016-112375,OFF-EN-10003798,27.31,2,0.20,9.22,South,Office Supplies
CA-2016-154795-0,CA-2016-154795,OFF-EN-10003068,7.92,1,0.20,2.77,West,Office Supplies
CA-2016-154795-1,CA-2016-154795,FUR-FU-10002088,14.37,2,0.20,3.95,West,Furniture
CA-2016-125234-0,CA-2016-125234,TEC-AC-10000158,107.97,3,0.00,22.67,West,Technology
CA-2016-125234-1,CA-2016-125234,OFF-PA-10000482,113.82,3,0.00,53.50,West,Office Supplies
CA-2018-133501-0,CA-2018-133501,OFF-PA-10004888,5.18,1,0.20,1.81,South,Office Supplies
US-2015-129609-0,US-2015-129609,OFF-AR-10003478,16.28,2,0.00,6.51,Central,Office Supplies
CA-2018-130309-0,CA-2018-130309,OFF-ST-10003208,544.38,3,0.00,157.87,South,Office Supplies
CA-2018-105410-0,CA-2018-105410,OFF-BI-10004970,19.82,6,0.20,6.69,West,Office Supplies
CA-2018-105410-1,CA-2018-105410,TEC-PH-10000038,657.50,6,0.20,-131.50,West,Technology
CA-2018-105410-2,CA-2018-105410,TEC-AC-10001552,99.54,2,0.00,10.95,West,Technology
CA-2018-105410-3,CA-2018-105410,TEC-AC-10002926,199.96,4,0.00,85.98,West,Technology
CA-2017-120355-0,CA-2017-120355,FUR-CH-10001394,631.78,2,0.10,140.40,East,Furniture
CA-2017-120355-1,CA-2017-120355,FUR-FU-10004053,60.72,3,0.00,26.11,East,Furniture
CA-2018-169894-0,CA-2018-169894,OFF-BI-10004230,20.72,2,0.70,-15.20,West,Office Supplies
CA-2018-169894-1,CA-2018-169894,OFF-ST-10000060,415.87,8,0.20,-41.59,West,Office Supplies
US-2018-100482-0,US-2018-100482,OFF-ST-10001325,16.77,2,0.20,1.47,East,Office Supplies
US-2018-100482-1,US-2018-100482,TEC-AC-10003441,27.12,2,0.20,-4.75,East,Technology
CA-2018-107748-0,CA-2018-107748,TEC-PH-10003215,95.84,4,0.20,34.74,West,Technology
CA-2018-107748-1,CA-2018-107748,OFF-PA-10002005,12.96,2,0.00,6.22,West,Office Supplies
CA-2018-153654-0,CA-2018-153654,OFF-BI-10004465,19.01,8,0.70,-12.67,South,Office Supplies
CA-2016-155600-0,CA-2016-155600,OFF-BI-10000545,1598.06,7,0.70,-1065.37,South,Office Supplies
CA-2016-155600-1,CA-2016-155600,OFF-AR-10003752,36.96,4,0.20,12.01,South,Office Supplies
CA-2018-162565-0,CA-2018-162565,OFF-PA-10001937,10.37,2,0.20,3.63,Central,Office Supplies
CA-2018-162565-1,CA-2018-162565,FUR-FU-10004306,77.72,1,0.60,-66.06,Central,Furniture
CA-2018-162565-2,CA-2018-162565,FUR-CH-10003973,520.46,2,0.30,-14.87,Central,Furniture
CA-2017-127642-0,CA-2017-127642,OFF-PA-10000565,111.96,2,0.00,54.86,East,Office Supplies
US-2018-163195-0,US-2018-163195,TEC-PH-10003875,29.16,3,0.00,8.46,South,Technology
CA-2018-111332-0,CA-2018-111332,OFF-AR-10001953,131.94,3,0.00,35.62,Central,Office Supplies
CA-2018-111332-1,CA-2018-111332,OFF-AR-10001374,25.92,4,0.00,8.29,Central,Office Supplies
CA-2018-111332-2,CA-2018-111332,OFF-ST-10003816,704.76,4,0.00,162.09,Central,Office Supplies
CA-2018-111332-3,CA-2018-111332,OFF-FA-10001843,7.41,3,0.00,3.48,Central,Office Supplies
CA-2018-111332-4,CA-2018-111332,OFF-AR-10000657,21.50,10,0.00,7.09,Central,Office Supplies
CA-2018-117044-0,CA-2018-117044,OFF-FA-10000936,10.53,4,0.20,3.29,Central,Office Supplies
CA-2018-117044-1,CA-2018-117044,OFF-PA-10003657,20.54,6,0.20,6.42,Central,Office Supplies
US-2017-165078-0,US-2017-165078,OFF-BI-10001989,104.90,5,0.00,50.35,Central,Office Supplies
US-2017-165078-1,US-2017-165078,OFF-AR-10002987,39.68,2,0.00,16.27,Central,Office Supplies
US-2017-165078-2,US-2017-165078,OFF-LA-10000414,51.75,5,0.00,24.84,Central,Office Supplies
US-2018-169320-0,US-2018-169320,OFF-AR-10003602,11.68,2,0.00,5.49,Central,Office Supplies
US-2018-169320-1,US-2018-169320,TEC-AC-10002550,159.75,5,0.00,11.18,Central,Technology
CA-2017-158575-0,CA-2017-158575,OFF-AP-10002998,103.97,6,0.20,16.89,East,Office Supplies
CA-2015-166954-0,CA-2015-166954,FUR-FU-10003708,303.25,5,0.00,63.68,West,Furniture
CA-2015-166954-1,CA-2015-166954,OFF-AP-10001391,270.72,3,0.00,78.51,West,Office Supplies
CA-2015-166954-2,CA-2015-166954,FUR-CH-10003973,1487.04,5,0.20,148.70,West,Furniture
CA-2016-140830-0,CA-2016-140830,OFF-EN-10000461,17.48,2,0.00,8.22,South,Office Supplies
CA-2016-140830-1,CA-2016-140830,OFF-EN-10002831,71.88,2,0.00,32.35,South,Office Supplies
CA-2016-152891-0,CA-2016-152891,OFF-AR-10004648,60.45,3,0.00,16.32,West,Office Supplies
CA-2016-152891-1,CA-2016-152891,FUR-TA-10001857,253.18,3,0.20,-31.65,West,Furniture
US-2016-122784-0,US-2016-122784,OFF-BI-10000546,2.88,5,0.80,-4.46,Central,Office Supplies
US-2016-122784-1,US-2016-122784,FUR-BO-10004690,384.94,4,0.30,-126.48,Central,Furniture
US-2016-122784-2,US-2016-122784,TEC-PH-10001557,153.58,2,0.20,13.44,Central,Technology
US-2016-122784-3,US-2016-122784,FUR-BO-10002545,913.43,5,0.30,-52.20,Central,Furniture
CA-2017-156811-0,CA-2017-156811,OFF-AP-10001366,43.92,4,0.00,11.86,West,Office Supplies
CA-2017-156811-1,CA-2017-156811,OFF-BI-10001628,25.03,3,0.20,7.82,West,Office Supplies
CA-2018-111556-0,CA-2018-111556,OFF-PA-10003651,46.76,7,0.00,22.44,East,Office Supplies
CA-2018-111556-1,CA-2018-111556,FUR-BO-10003159,183.97,2,0.20,-25.30,East,Furniture
CA-2018-111556-2,CA-2018-111556,TEC-PH-10001459,1259.97,3,0.00,327.59,East,Technology
CA-2018-111556-3,CA-2018-111556,OFF-AR-10004602,68.97,3,0.00,19.31,East,Office Supplies
CA-2017-108868-0,CA-2017-108868,OFF-AR-10001953,70.37,2,0.20,6.16,Central,Office Supplies
CA-2017-108868-1,CA-2017-108868,TEC-PH-10000923,59.96,5,0.20,21.74,Central,Technology
CA-2015-142965-0,CA-2015-142965,OFF-ST-10002583,25.98,1,0.20,-5.20,East,Office Supplies
CA-2015-142965-1,CA-2015-142965,OFF-BI-10000977,27.36,3,0.70,-21.89,East,Office Supplies
CA-2017-148740-0,CA-2017-148740,TEC-PH-10002549,361.38,2,0.20,27.10,West,Technology
US-2015-138758-0,US-2015-138758,FUR-CH-10002880,172.19,2,0.30,-46.74,East,Furniture
US-2015-138758-1,US-2015-138758,FUR-FU-10003039,69.01,2,0.20,12.08,East,Furniture
CA-2017-131737-0,CA-2017-131737,OFF-EN-10003055,199.90,5,0.00,89.95,East,Office Supplies
CA-2017-131737-1,CA-2017-131737,OFF-AP-10002945,901.95,3,0.00,297.64,East,Office Supplies
CA-2017-131737-2,CA-2017-131737,FUR-FU-10004306,971.50,5,0.00,252.59,East,Furniture
CA-2017-114538-0,CA-2017-114538,OFF-AR-10002445,11.33,2,0.20,2.55,West,Office Supplies
CA-2015-127936-0,CA-2015-127936,OFF-AR-10002445,21.24,3,0.00,8.07,East,Office Supplies
CA-2016-164336-0,CA-2016-164336,TEC-AC-10002345,34.80,3,0.20,2.17,East,Technology
CA-2016-164336-1,CA-2016-164336,OFF-ST-10001558,38.98,3,0.20,-2.44,East,Office Supplies
CA-2017-100041-0,CA-2017-100041,OFF-PA-10001622,9.08,2,0.00,4.09,Central,Office Supplies
CA-2017-100041-1,CA-2017-100041,OFF-PA-10000418,314.55,3,0.00,150.98,Central,Office Supplies
CA-2017-100041-2,CA-2017-100041,OFF-BI-10000343,4.91,1,0.00,2.31,Central,Office Supplies
US-2015-154879-0,US-2015-154879,OFF-LA-10004425,5.78,2,0.00,2.72,West,Office Supplies
US-2015-154879-1,US-2015-154879,OFF-AR-10001897,107.94,6,0.00,30.22,West,Office Supplies
CA-2015-130624-0,CA-2015-130624,OFF-PA-10003883,19.65,3,0.00,9.04,East,Office Supplies
CA-2015-130624-1,CA-2015-130624,TEC-PH-10003963,617.97,3,0.00,160.67,East,Technology
CA-2015-130624-2,CA-2015-130624,OFF-AP-10001303,59.70,3,0.00,26.86,East,Office Supplies
CA-2018-132339-0,CA-2018-132339,OFF-BI-10003925,387.99,1,0.00,182.36,East,Office Supplies
CA-2015-153983-0,CA-2015-153983,TEC-PH-10004586,575.92,2,0.20,71.99,West,Technology
CA-2015-153983-1,CA-2015-153983,OFF-FA-10003495,30.40,5,0.00,15.20,West,Office Supplies
CA-2018-112900-0,CA-2018-112900,OFF-BI-10002867,478.24,8,0.00,219.99,Central,Office Supplies
CA-2015-160157-0,CA-2015-160157,FUR-FU-10003773,190.85,3,0.20,-21.47,East,Furniture
CA-2015-139633-0,CA-2015-139633,OFF-BI-10002954,5.48,4,0.70,-4.02,East,Office Supplies
CA-2016-163090-0,CA-2016-163090,OFF-SU-10002537,40.92,5,0.20,3.07,Central,Office Supplies
CA-2015-117016-0,CA-2015-117016,OFF-AR-10001374,15.55,3,0.20,2.33,South,Office Supplies
CA-2018-159464-0,CA-2018-159464,OFF-AP-10001492,17.24,2,0.00,4.48,South,Office Supplies
CA-2018-159464-1,CA-2018-159464,FUR-BO-10003546,302.94,3,0.00,75.73,South,Furniture
CA-2018-159464-2,CA-2018-159464,TEC-PH-10002185,34.75,5,0.00,15.64,South,Technology
CA-2018-159464-3,CA-2018-159464,OFF-BI-10000315,113.94,6,0.00,54.69,South,Office Supplies
CA-2018-159464-4,CA-2018-159464,TEC-PH-10002350,55.98,2,0.00,15.67,South,Technology
US-2018-103226-0,US-2018-103226,OFF-PA-10002666,27.18,3,0.00,12.23,West,Office Supplies
CA-2018-119452-0,CA-2018-119452,FUR-CH-10004495,1805.88,6,0.00,523.71,Central,Furniture
CA-2018-147725-0,CA-2018-147725,OFF-AR-10001725,70.95,3,0.00,18.45,East,Office Supplies
CA-2017-168893-0,CA-2017-168893,OFF-FA-10002280,20.00,4,0.00,9.60,South,Office Supplies
CA-2017-168893-1,CA-2017-168893,OFF-AR-10001770,7.98,3,0.00,2.07,South,Office Supplies
CA-2017-168893-2,CA-2017-168893,FUR-FU-10002885,24.10,5,0.00,9.16,South,Furniture
CA-2017-168893-3,CA-2017-168893,OFF-AR-10003772,8.75,1,0.00,2.63,South,Office Supplies
CA-2017-168893-4,CA-2017-168893,FUR-TA-10003392,842.94,3,0.00,160.16,South,Furniture
CA-2017-163398-0,CA-2017-163398,OFF-BI-10000014,2.18,1,0.80,-3.60,Central,Office Supplies
CA-2017-163398-1,CA-2017-163398,OFF-AR-10003217,27.38,7,0.20,2.74,Central,Office Supplies
CA-2017-163398-2,CA-2017-163398,OFF-AP-10002403,26.41,3,0.80,-71.30,Central,Office Supplies
CA-2017-162726-0,CA-2017-162726,OFF-PA-10001972,10.37,2,0.20,3.63,Central,Office Supplies
CA-2017-162726-1,CA-2017-162726,OFF-PA-10004041,23.68,4,0.20,7.40,Central,Office Supplies
US-2017-111290-0,US-2017-111290,TEC-AC-10004975,109.95,1,0.00,36.28,Central,Technology
US-2017-111290-1,US-2017-111290,OFF-ST-10001932,965.85,5,0.00,135.22,Central,Office Supplies
US-2017-111290-2,US-2017-111290,OFF-AR-10001761,29.20,5,0.00,10.51,Central,Office Supplies
US-2017-111290-3,US-2017-111290,OFF-PA-10002262,32.40,5,0.00,15.55,Central,Office Supplies
US-2015-147704-0,US-2015-147704,OFF-EN-10004483,78.35,5,0.00,36.82,Central,Office Supplies
US-2015-147704-1,US-2015-147704,OFF-PA-10003270,31.68,6,0.00,14.26,Central,Office Supplies
US-2015-147704-2,US-2015-147704,OFF-BI-10001634,29.12,4,0.00,14.27,Central,Office Supplies
US-2015-147704-3,US-2015-147704,OFF-ST-10000675,169.45,5,0.00,42.36,Central,Office Supplies
CA-2016-121965-0,CA-2016-121965,FUR-FU-10000732,12.56,2,0.00,4.02,West,Furniture
CA-2016-121965-1,CA-2016-121965,OFF-PA-10004355,6.48,1,0.00,3.11,West,Office Supplies
CA-2016-121965-2,CA-2016-121965,OFF-EN-10000056,186.69,3,0.00,87.74,West,Office Supplies
CA-2017-147137-0,CA-2017-147137,FUR-FU-10000221,25.40,5,0.00,8.64,West,Furniture
CA-2017-147137-1,CA-2017-147137,OFF-EN-10003567,43.96,2,0.00,20.66,West,Office Supplies
CA-2017-147137-2,CA-2017-147137,FUR-BO-10001811,1279.16,5,0.15,225.74,West,Furniture
CA-2017-147137-3,CA-2017-147137,OFF-ST-10002486,27.92,4,0.00,0.56,West,Office Supplies
US-2016-146745-0,US-2016-146745,FUR-CH-10002372,129.57,2,0.20,-12.96,West,Furniture
US-2016-146745-1,US-2016-146745,OFF-BI-10003274,6.37,2,0.20,2.15,West,Office Supplies
CA-2018-115175-0,CA-2018-115175,OFF-PA-10001878,244.55,5,0.00,114.94,West,Office Supplies
CA-2018-105851-0,CA-2018-105851,OFF-SU-10002881,1332.50,2,0.20,-299.81,West,Office Supplies
US-2018-125717-0,US-2018-125717,FUR-FU-10001979,32.78,1,0.20,3.28,West,Furniture
US-2018-125717-1,US-2018-125717,OFF-ST-10001522,147.18,2,0.20,-29.44,West,Office Supplies
US-2018-125717-2,US-2018-125717,TEC-AC-10003657,54.38,2,0.20,1.36,West,Technology
US-2018-125717-3,US-2018-125717,OFF-BI-10001718,76.78,4,0.70,-58.86,West,Office Supplies
US-2018-125717-4,US-2018-125717,OFF-PA-10003022,14.35,3,0.20,5.20,West,Office Supplies
US-2018-125717-5,US-2018-125717,OFF-AP-10000891,209.79,2,0.20,26.22,West,Office Supplies
CA-2016-163895-0,CA-2016-163895,OFF-BI-10004970,3.30,1,0.20,1.12,West,Office Supplies
CA-2018-168641-0,CA-2018-168641,OFF-AR-10003759,16.38,9,0.00,7.37,East,Office Supplies
CA-2018-168641-1,CA-2018-168641,OFF-EN-10003001,167.96,2,0.00,78.94,East,Office Supplies
CA-2018-168641-2,CA-2018-168641,FUR-BO-10000780,321.57,2,0.20,-16.08,East,Furniture
CA-2018-168641-3,CA-2018-168641,OFF-PA-10001972,12.96,2,0.00,6.22,East,Office Supplies
CA-2018-156895-0,CA-2018-156895,FUR-CH-10003535,128.06,3,0.30,-23.78,East,Furniture
CA-2018-121300-0,CA-2018-121300,FUR-CH-10003774,63.69,1,0.30,-15.47,East,Furniture
CA-2018-121300-1,CA-2018-121300,TEC-AC-10004571,239.98,3,0.20,65.99,East,Technology
CA-2018-121300-2,CA-2018-121300,FUR-TA-10004442,344.22,2,0.40,-189.32,East,Furniture
CA-2018-121300-3,CA-2018-121300,OFF-PA-10002787,15.55,3,0.20,5.44,East,Office Supplies
CA-2018-121300-4,CA-2018-121300,FUR-FU-10004586,21.25,4,0.20,7.44,East,Furniture
CA-2018-121300-5,CA-2018-121300,OFF-PA-10002606,8.45,2,0.20,2.64,East,Office Supplies
CA-2018-130211-0,CA-2018-130211,OFF-ST-10000129,333.09,3,0.00,23.32,Central,Office Supplies
CA-2018-130211-1,CA-2018-130211,FUR-TA-10003748,248.98,2,0.00,54.78,Central,Furniture
CA-2015-147235-0,CA-2015-147235,OFF-PA-10004948,24.90,5,0.00,11.70,East,Office Supplies
CA-2017-109365-0,CA-2017-109365,OFF-FA-10001561,15.26,7,0.00,5.04,West,Office Supplies
CA-2017-109365-1,CA-2017-109365,OFF-AP-10002998,43.32,2,0.00,14.30,West,Office Supplies
CA-2017-109365-2,CA-2017-109365,OFF-BI-10003981,43.58,12,0.20,15.80,West,Office Supplies
CA-2017-109365-3,CA-2017-109365,OFF-PA-10001725,116.28,3,0.00,56.98,West,Office Supplies
CA-2017-109365-4,CA-2017-109365,OFF-BI-10002071,9.30,2,0.20,3.02,West,Office Supplies
CA-2017-109365-5,CA-2017-109365,OFF-PA-10000477,19.44,3,0.00,9.33,West,Office Supplies
CA-2017-109365-6,CA-2017-109365,OFF-PA-10004359,314.55,3,0.00,150.98,West,Office Supplies
CA-2016-162621-0,CA-2016-162621,OFF-BI-10000962,16.27,5,0.80,-25.22,Central,Office Supplies
CA-2016-162621-1,CA-2016-162621,OFF-SU-10003567,69.12,9,0.20,-14.69,Central,Office Supplies
CA-2016-162621-2,CA-2016-162621,OFF-BI-10003708,4.47,3,0.80,-7.82,Central,Office Supplies
CA-2018-105921-0,CA-2018-105921,FUR-TA-10001095,418.30,3,0.20,5.23,West,Furniture
CA-2015-150798-0,CA-2015-150798,TEC-CO-10001571,659.99,2,0.40,110.00,East,Technology
CA-2015-150798-1,CA-2015-150798,FUR-FU-10000221,8.13,2,0.20,1.42,East,Furniture
CA-2015-150798-2,CA-2015-150798,OFF-PA-10001972,36.29,7,0.20,12.70,East,Office Supplies
CA-2015-150798-3,CA-2015-150798,FUR-CH-10000015,909.72,6,0.30,-51.98,East,Furniture
CA-2018-112753-0,CA-2018-112753,FUR-BO-10004015,917.92,9,0.15,75.59,West,Furniture
CA-2018-112753-1,CA-2018-112753,OFF-PA-10002036,38.88,6,0.00,19.05,West,Office Supplies
CA-2018-155075-0,CA-2018-155075,OFF-BI-10003650,631.18,4,0.70,-462.86,East,Office Supplies
CA-2015-103401-0,CA-2015-103401,OFF-PA-10003309,12.96,2,0.00,6.22,West,Office Supplies
CA-2017-124814-0,CA-2017-124814,OFF-PA-10002787,12.96,2,0.00,6.22,West,Office Supplies
CA-2017-124814-1,CA-2017-124814,OFF-BI-10000174,23.20,5,0.20,8.12,West,Office Supplies
CA-2015-116757-0,CA-2015-116757,OFF-PA-10002005,25.92,5,0.20,9.07,Central,Office Supplies
CA-2015-116757-1,CA-2015-116757,OFF-FA-10002815,21.31,6,0.20,7.19,Central,Office Supplies
US-2015-138247-0,US-2015-138247,TEC-PH-10000213,173.66,7,0.20,17.37,West,Technology
US-2015-138247-1,US-2015-138247,OFF-AP-10000828,361.96,2,0.00,101.35,West,Office Supplies
US-2015-138247-2,US-2015-138247,TEC-AC-10004708,62.85,3,0.00,13.20,West,Technology
US-2015-138247-3,US-2015-138247,TEC-PH-10001530,818.38,3,0.20,51.15,West,Technology
US-2015-138247-4,US-2015-138247,OFF-ST-10002301,20.34,1,0.00,0.20,West,Office Supplies
US-2015-138247-5,US-2015-138247,FUR-FU-10002554,23.99,1,0.00,5.52,West,Furniture
CA-2018-167003-0,CA-2018-167003,FUR-TA-10001520,171.29,3,0.20,-6.42,West,Furniture
CA-2017-119935-0,CA-2017-119935,FUR-FU-10001085,37.30,2,0.00,17.16,Central,Furniture
CA-2017-119935-1,CA-2017-119935,OFF-BI-10001597,81.96,2,0.00,39.34,Central,Office Supplies
CA-2017-118969-0,CA-2017-118969,OFF-BI-10002429,54.79,6,0.70,-40.18,West,Office Supplies
CA-2017-145240-0,CA-2017-145240,OFF-ST-10001590,10.78,1,0.20,0.81,Central,Office Supplies
CA-2017-120873-0,CA-2017-120873,FUR-CH-10000847,290.98,1,0.00,75.65,South,Furniture
US-2018-111920-0,US-2018-111920,OFF-AR-10003179,36.44,4,0.00,12.03,Central,Office Supplies
US-2017-128678-0,US-2017-128678,OFF-PA-10000807,21.40,5,0.00,10.06,West,Office Supplies
US-2017-128678-1,US-2017-128678,OFF-BI-10002103,48.66,7,0.20,15.82,West,Office Supplies
CA-2017-101385-0,CA-2017-101385,OFF-AR-10004441,16.56,4,0.00,6.96,West,Office Supplies
CA-2018-107167-0,CA-2018-107167,OFF-ST-10003805,1347.52,8,0.20,84.22,South,Office Supplies
CA-2015-109491-0,CA-2015-109491,TEC-AC-10001284,62.31,3,0.00,22.43,Central,Technology
CA-2015-109491-1,CA-2015-109491,FUR-FU-10000221,20.32,4,0.00,6.91,Central,Furniture
CA-2018-105445-0,CA-2018-105445,OFF-FA-10001229,9.43,3,0.20,3.07,West,Office Supplies
CA-2015-107454-0,CA-2015-107454,OFF-LA-10001569,34.86,7,0.00,16.04,East,Office Supplies
CA-2015-107454-1,CA-2015-107454,FUR-FU-10004018,89.34,6,0.00,24.12,East,Furniture
US-2018-105046-0,US-2018-105046,TEC-PH-10004536,269.98,2,0.00,67.50,East,Technology
US-2018-105046-1,US-2018-105046,OFF-PA-10004353,99.90,5,0.00,47.95,East,Office Supplies
US-2018-105046-2,US-2018-105046,FUR-FU-10004848,39.08,4,0.00,14.46,East,Furniture
CA-2018-152856-0,CA-2018-152856,TEC-AC-10004864,116.83,4,0.20,33.59,East,Technology
CA-2017-134691-0,CA-2017-134691,OFF-BI-10002393,2.30,2,0.80,-3.90,Central,Office Supplies
CA-2017-118759-0,CA-2017-118759,FUR-CH-10002335,408.01,2,0.10,72.53,East,Furniture
CA-2017-118759-1,CA-2017-118759,OFF-ST-10001590,40.44,3,0.00,10.51,East,Office Supplies
CA-2015-140403-0,CA-2015-140403,FUR-CH-10002774,122.35,3,0.20,13.76,West,Furniture
CA-2015-140403-1,CA-2015-140403,OFF-EN-10001219,15.28,2,0.00,7.49,West,Office Supplies
CA-2016-163104-0,CA-2016-163104,OFF-PA-10001947,11.96,2,0.00,5.86,West,Office Supplies
CA-2018-138464-0,CA-2018-138464,FUR-FU-10003142,15.84,3,0.00,4.91,West,Furniture
CA-2018-138464-1,CA-2018-138464,OFF-BI-10001543,86.38,3,0.20,30.23,West,Office Supplies
CA-2018-138464-2,CA-2018-138464,OFF-AR-10003560,18.24,3,0.00,6.20,West,Office Supplies
CA-2018-138464-3,CA-2018-138464,OFF-AR-10004757,13.12,4,0.00,4.33,West,Office Supplies
CA-2016-104129-0,CA-2016-104129,TEC-PH-10003800,105.98,2,0.00,1.06,East,Technology
CA-2016-104129-1,CA-2016-104129,FUR-TA-10004152,493.92,7,0.30,-28.22,East,Furniture
US-2018-132206-0,US-2018-132206,OFF-BI-10000756,5.94,7,0.80,-8.90,Central,Office Supplies
CA-2018-113474-0,CA-2018-113474,OFF-EN-10004206,325.86,2,0.00,149.90,Central,Office Supplies
CA-2016-126557-0,CA-2016-126557,FUR-CH-10004477,383.61,9,0.30,-5.48,Central,Furniture
CA-2016-126557-1,CA-2016-126557,TEC-PH-10003505,148.48,2,0.20,16.70,Central,Technology
CA-2016-126557-2,CA-2016-126557,TEC-PH-10000526,537.54,7,0.20,53.75,Central,Technology
CA-2016-126557-3,CA-2016-126557,OFF-BI-10003314,1.93,2,0.80,-2.99,Central,Office Supplies
CA-2016-126557-4,CA-2016-126557,OFF-AR-10003190,6.91,3,0.20,0.69,Central,Office Supplies
CA-2016-126557-5,CA-2016-126557,FUR-FU-10001861,7.76,1,0.60,-2.13,Central,Furniture
CA-2016-126557-6,CA-2016-126557,TEC-PH-10003963,659.17,4,0.20,49.44,Central,Technology
US-2018-107636-0,US-2018-107636,OFF-LA-10003388,5.76,2,0.00,2.82,East,Office Supplies
US-2015-165862-0,US-2015-165862,FUR-TA-10002855,351.22,3,0.20,4.39,West,Furniture
US-2015-106334-0,US-2015-106334,FUR-CH-10004886,230.28,3,0.20,23.03,West,Furniture
US-2015-106334-1,US-2015-106334,OFF-PA-10003657,12.84,3,0.00,5.78,West,Office Supplies
CA-2017-101448-0,CA-2017-101448,OFF-BI-10004738,56.82,3,0.00,28.41,Central,Office Supplies
CA-2016-130218-0,CA-2016-130218,OFF-FA-10003112,31.56,4,0.00,14.20,South,Office Supplies
CA-2016-130218-1,CA-2016-130218,OFF-ST-10002486,27.92,4,0.00,0.56,South,Office Supplies
US-2018-117331-0,US-2018-117331,OFF-BI-10003984,8.56,1,0.70,-6.56,West,Office Supplies
CA-2015-127383-0,CA-2015-127383,OFF-EN-10004773,49.57,2,0.20,17.97,Central,Office Supplies
CA-2015-110219-0,CA-2015-110219,FUR-CH-10001146,127.87,3,0.30,-9.13,Central,Furniture
CA-2016-118871-0,CA-2016-118871,OFF-EN-10003296,271.44,3,0.00,122.15,West,Office Supplies
CA-2016-118871-1,CA-2016-118871,TEC-PH-10000193,110.35,3,0.20,8.28,West,Technology
CA-2016-118871-2,CA-2016-118871,FUR-FU-10002111,36.40,5,0.00,13.83,West,Furniture
CA-2018-129490-0,CA-2018-129490,FUR-CH-10003298,419.14,4,0.20,-57.63,South,Furniture
CA-2015-101175-0,CA-2015-101175,OFF-ST-10004950,100.70,6,0.20,-1.26,West,Office Supplies
US-2018-149510-0,US-2018-149510,OFF-AP-10002350,45.22,3,0.20,4.52,South,Office Supplies
US-2018-149510-1,US-2018-149510,OFF-BI-10004233,28.78,6,0.70,-21.11,South,Office Supplies
US-2018-149510-2,US-2018-149510,OFF-PA-10001892,24.45,4,0.20,8.86,South,Office Supplies
CA-2016-111990-0,CA-2016-111990,OFF-BI-10003291,10.48,6,0.80,-17.29,Central,Office Supplies
CA-2015-169460-0,CA-2015-169460,FUR-FU-10004017,76.14,3,0.00,26.65,West,Furniture
US-2016-152128-0,US-2016-152128,OFF-AR-10002445,21.24,3,0.00,8.07,Central,Office Supplies
US-2016-152128-1,US-2016-152128,OFF-BI-10001718,127.96,2,0.00,60.14,Central,Office Supplies
CA-2018-126662-0,CA-2018-126662,TEC-CO-10004202,479.98,2,0.20,90.00,West,Technology
CA-2017-139395-0,CA-2017-139395,TEC-PH-10002103,657.93,7,0.00,184.22,Central,Technology
CA-2017-139395-1,CA-2017-139395,FUR-FU-10003724,33.48,4,0.00,8.70,Central,Furniture
CA-2017-139395-2,CA-2017-139395,OFF-AR-10003732,13.90,5,0.00,3.61,Central,Office Supplies
CA-2017-139395-3,CA-2017-139395,OFF-ST-10000885,26.86,2,0.00,6.71,Central,Office Supplies
US-2015-121734-0,US-2015-121734,OFF-BI-10004817,9.58,1,0.20,3.35,West,Office Supplies
CA-2016-110947-0,CA-2016-110947,OFF-BI-10001670,113.10,3,0.00,56.55,South,Office Supplies
US-2015-150126-0,US-2015-150126,OFF-PA-10002709,65.78,11,0.00,32.23,East,Office Supplies
CA-2016-164427-0,CA-2016-164427,TEC-AC-10004469,239.70,6,0.00,105.47,South,Technology
CA-2017-120250-0,CA-2017-120250,FUR-FU-10003424,25.63,3,0.20,3.84,East,Furniture
CA-2017-121993-0,CA-2017-121993,OFF-LA-10003720,23.62,8,0.20,7.97,East,Office Supplies
US-2017-100405-0,US-2017-100405,OFF-AR-10000390,8.26,2,0.00,3.80,West,Office Supplies
US-2018-163790-0,US-2018-163790,OFF-EN-10001335,76.58,7,0.00,38.29,West,Office Supplies
US-2018-163790-1,US-2018-163790,OFF-AR-10003469,8.80,5,0.00,4.22,West,Office Supplies
US-2018-163790-2,US-2018-163790,OFF-BI-10003718,590.35,6,0.20,206.62,West,Office Supplies
US-2018-163790-3,US-2018-163790,OFF-FA-10004838,5.58,3,0.00,0.17,West,Office Supplies
US-2018-163790-4,US-2018-163790,FUR-FU-10002508,25.02,3,0.00,10.51,West,Furniture
US-2018-163790-5,US-2018-163790,OFF-ST-10001511,452.55,7,0.00,22.63,West,Office Supplies
CA-2017-129868-0,CA-2017-129868,OFF-SU-10000952,17.76,2,0.00,4.97,West,Office Supplies
CA-2017-129868-1,CA-2017-129868,TEC-PH-10002275,302.38,2,0.20,30.24,West,Technology
CA-2017-129868-2,CA-2017-129868,FUR-CH-10003535,146.35,3,0.20,-5.49,West,Furniture
CA-2017-129868-3,CA-2017-129868,OFF-AP-10004052,7.90,2,0.00,2.05,West,Office Supplies
CA-2017-129868-4,CA-2017-129868,FUR-TA-10003473,902.71,3,0.20,33.85,West,Furniture
CA-2017-129868-5,CA-2017-129868,OFF-AR-10001897,53.97,3,0.00,15.11,West,Office Supplies
CA-2017-140564-0,CA-2017-140564,OFF-AR-10000034,33.92,8,0.00,13.23,East,Office Supplies
US-2018-169502-0,US-2018-169502,OFF-SU-10004115,21.81,3,0.00,5.89,Central,Office Supplies
US-2018-169502-1,US-2018-169502,OFF-AP-10001947,91.60,5,0.00,26.56,Central,Office Supplies
CA-2016-146948-0,CA-2016-146948,FUR-CH-10004853,150.98,1,0.00,43.78,East,Furniture
CA-2016-146948-1,CA-2016-146948,OFF-EN-10000483,137.25,9,0.00,63.13,East,Office Supplies
CA-2016-146948-2,CA-2016-146948,OFF-FA-10001332,11.52,4,0.00,5.41,East,Office Supplies
US-2016-113327-0,US-2016-113327,OFF-PA-10003790,18.27,1,0.20,5.94,South,Office Supplies
US-2016-113327-1,US-2016-113327,OFF-PA-10003134,153.73,4,0.20,53.80,South,Office Supplies
US-2016-113327-2,US-2016-113327,OFF-EN-10004459,12.22,2,0.20,4.43,South,Office Supplies
US-2016-113327-3,US-2016-113327,TEC-AC-10003628,167.94,7,0.20,50.38,South,Technology
CA-2016-135020-0,CA-2016-135020,TEC-PH-10004093,45.99,1,0.00,13.34,East,Technology
CA-2016-135020-1,CA-2016-135020,OFF-ST-10001490,535.41,3,0.00,160.62,East,Office Supplies
CA-2016-135020-2,CA-2016-135020,OFF-BI-10000605,6.10,2,0.20,2.06,East,Office Supplies
CA-2016-135020-3,CA-2016-135020,OFF-PA-10004255,45.36,7,0.00,21.77,East,Office Supplies
US-2018-141852-0,US-2018-141852,FUR-FU-10000023,47.12,8,0.00,20.73,West,Furniture
CA-2017-109407-0,CA-2017-109407,OFF-BI-10000285,31.36,4,0.00,15.68,South,Office Supplies
US-2017-165953-0,US-2017-165953,OFF-AR-10000588,47.62,3,0.20,3.57,South,Office Supplies
US-2017-165953-1,US-2017-165953,OFF-PA-10002250,23.48,5,0.20,8.22,South,Office Supplies
CA-2017-144540-0,CA-2017-144540,OFF-AP-10002457,62.79,3,0.80,-166.39,Central,Office Supplies
CA-2017-144540-1,CA-2017-144540,OFF-FA-10002763,28.44,9,0.20,4.27,Central,Office Supplies
CA-2016-159863-0,CA-2016-159863,TEC-AC-10000109,134.38,3,0.20,6.72,Central,Technology
CA-2016-117800-0,CA-2016-117800,TEC-PH-10002415,589.90,2,0.00,147.47,East,Technology
CA-2016-117800-1,CA-2016-117800,FUR-CH-10000785,542.94,3,0.00,141.16,East,Furniture
CA-2018-145219-0,CA-2018-145219,TEC-CO-10001449,2879.95,6,0.20,1007.98,West,Technology
CA-2018-145219-1,CA-2018-145219,OFF-BI-10001670,90.48,3,0.20,33.93,West,Office Supplies
CA-2016-161214-0,CA-2016-161214,OFF-ST-10001328,77.55,5,0.00,21.71,East,Office Supplies
CA-2018-147228-0,CA-2018-147228,OFF-SU-10001225,8.83,3,0.20,-1.99,South,Office Supplies
CA-2018-147228-1,CA-2018-147228,OFF-PA-10000357,177.54,4,0.20,62.14,South,Office Supplies
CA-2018-147228-2,CA-2018-147228,OFF-ST-10000046,258.48,2,0.20,-3.23,South,Office Supplies
CA-2018-147228-3,CA-2018-147228,FUR-FU-10000023,14.14,3,0.20,4.24,South,Furniture
CA-2017-101336-0,CA-2017-101336,OFF-ST-10003455,77.55,5,0.00,20.16,East,Office Supplies
CA-2017-101336-1,CA-2017-101336,OFF-ST-10000876,24.88,2,0.00,6.97,East,Office Supplies
CA-2017-101336-2,CA-2017-101336,OFF-AR-10003582,140.75,5,0.00,39.41,East,Office Supplies
CA-2017-101336-3,CA-2017-101336,OFF-ST-10004258,36.63,3,0.00,9.89,East,Office Supplies
US-2016-126235-0,US-2016-126235,FUR-FU-10000719,17.14,2,0.00,6.17,Central,Furniture
CA-2018-168396-0,CA-2018-168396,OFF-LA-10001297,51.75,5,0.00,24.84,West,Office Supplies
CA-2018-168396-1,CA-2018-168396,FUR-FU-10000723,123.96,3,0.00,11.16,West,Furniture
CA-2016-130456-0,CA-2016-130456,FUR-BO-10003893,586.40,6,0.15,34.49,West,Furniture
CA-2016-130456-1,CA-2016-130456,OFF-ST-10000736,80.98,1,0.00,3.24,West,Office Supplies
CA-2018-116288-0,CA-2018-116288,OFF-ST-10000736,242.94,3,0.00,9.72,West,Office Supplies
CA-2018-168228-0,CA-2018-168228,OFF-AR-10003373,123.92,4,0.00,33.46,West,Office Supplies
CA-2018-168228-1,CA-2018-168228,OFF-AR-10000390,12.39,3,0.00,5.70,West,Office Supplies
CA-2018-168228-2,CA-2018-168228,OFF-AR-10001725,47.30,2,0.00,12.30,West,Office Supplies
CA-2017-102162-0,CA-2017-102162,TEC-CO-10001943,1599.92,8,0.00,751.96,South,Technology
CA-2017-102162-1,CA-2017-102162,OFF-EN-10002312,11.09,1,0.00,5.43,South,Office Supplies
CA-2018-130141-0,CA-2018-130141,OFF-BI-10000831,3.17,4,0.70,-2.53,West,Office Supplies
CA-2018-130141-1,CA-2018-130141,FUR-CH-10000749,579.14,4,0.20,-28.96,West,Furniture
CA-2016-147501-0,CA-2016-147501,OFF-BI-10002003,6.37,2,0.20,2.15,West,Office Supplies
CA-2016-147501-1,CA-2016-147501,TEC-MA-10001972,558.40,2,0.20,41.88,West,Technology
CA-2017-143910-0,CA-2017-143910,FUR-CH-10000225,145.76,2,0.10,-8.10,East,Furniture
CA-2015-146885-0,CA-2015-146885,OFF-PA-10001622,13.62,3,0.00,6.13,South,Office Supplies
CA-2017-139556-0,CA-2017-139556,FUR-CH-10004983,434.65,3,0.10,62.78,East,Furniture
CA-2018-129357-0,CA-2018-129357,OFF-PA-10003228,440.19,9,0.00,206.89,West,Office Supplies
CA-2018-129357-1,CA-2018-129357,OFF-SU-10004498,64.40,5,0.00,1.93,West,Office Supplies
CA-2018-150987-0,CA-2018-150987,OFF-PA-10001878,244.55,5,0.00,114.94,West,Office Supplies
CA-2018-150987-1,CA-2018-150987,OFF-PA-10002923,195.76,4,0.00,97.88,West,Office Supplies
CA-2018-132647-0,CA-2018-132647,OFF-PA-10001838,11.76,2,0.00,5.76,East,Office Supplies
CA-2018-132647-1,CA-2018-132647,OFF-ST-10003123,166.45,5,0.00,39.95,East,Office Supplies
CA-2018-159107-0,CA-2018-159107,OFF-FA-10001332,2.88,1,0.00,1.35,West,Office Supplies
CA-2015-160738-0,CA-2015-160738,OFF-ST-10003442,45.25,2,0.20,3.96,Central,Office Supplies
CA-2016-112130-0,CA-2016-112130,OFF-AR-10001468,59.90,2,0.20,14.23,East,Office Supplies
CA-2016-112130-1,CA-2016-112130,OFF-AP-10003266,23.70,2,0.20,6.52,East,Office Supplies
CA-2016-112130-2,CA-2016-112130,OFF-PA-10002230,7.97,2,0.20,2.89,East,Office Supplies
CA-2016-112130-3,CA-2016-112130,OFF-AP-10003622,18.20,7,0.20,2.05,East,Office Supplies
CA-2016-112130-4,CA-2016-112130,TEC-AC-10001542,27.55,3,0.20,-0.34,East,Technology
CA-2016-112130-5,CA-2016-112130,FUR-CH-10002965,844.12,6,0.30,-36.18,East,Furniture
CA-2016-112130-6,CA-2016-112130,OFF-ST-10000563,76.75,3,0.20,-9.59,East,Office Supplies
CA-2017-111409-0,CA-2017-111409,OFF-LA-10002787,3.00,1,0.20,1.05,South,Office Supplies
CA-2017-116232-0,CA-2017-116232,OFF-BI-10004022,7.51,9,0.70,-6.00,South,Office Supplies
CA-2017-116232-1,CA-2017-116232,OFF-LA-10001158,16.56,2,0.20,5.80,South,Office Supplies
CA-2017-116547-0,CA-2017-116547,FUR-FU-10000076,79.92,4,0.00,34.37,West,Furniture
CA-2017-116547-1,CA-2017-116547,TEC-AC-10002335,69.98,2,0.00,13.30,West,Technology
US-2018-133200-0,US-2018-133200,OFF-BI-10002827,11.06,10,0.80,-18.80,Central,Office Supplies
US-2018-133200-1,US-2018-133200,FUR-BO-10001601,623.46,7,0.32,-119.19,Central,Furniture
US-2018-133200-2,US-2018-133200,OFF-ST-10001932,772.68,5,0.20,-57.95,Central,Office Supplies
CA-2017-133550-0,CA-2017-133550,OFF-AP-10001005,283.14,4,0.10,72.36,Central,Office Supplies
CA-2017-133550-1,CA-2017-133550,TEC-PH-10004042,635.96,4,0.00,165.35,Central,Technology
CA-2017-133550-2,CA-2017-133550,TEC-PH-10001079,118.99,1,0.00,33.32,Central,Technology
CA-2017-133550-3,CA-2017-133550,FUR-FU-10002918,272.94,3,0.00,30.02,Central,Furniture
CA-2018-139416-0,CA-2018-139416,FUR-FU-10003832,15.01,2,0.20,1.50,East,Furniture
CA-2015-114510-0,CA-2015-114510,OFF-BI-10001617,33.09,4,0.20,11.17,West,Office Supplies
CA-2015-114510-1,CA-2015-114510,OFF-ST-10000736,80.98,1,0.00,3.24,West,Office Supplies
CA-2015-114510-2,CA-2015-114510,TEC-AC-10004877,82.80,12,0.00,6.62,West,Technology
CA-2015-114510-3,CA-2015-114510,OFF-ST-10003221,21.36,2,0.00,5.77,West,Office Supplies
CA-2015-114510-4,CA-2015-114510,OFF-BI-10003007,62.05,2,0.20,20.17,West,Office Supplies
CA-2017-169215-0,CA-2017-169215,OFF-FA-10000936,29.61,9,0.00,13.32,East,Office Supplies
CA-2017-127698-0,CA-2017-127698,TEC-PH-10003811,863.93,9,0.20,86.39,South,Technology
CA-2017-159912-0,CA-2017-159912,FUR-TA-10004152,241.92,4,0.40,-56.45,East,Furniture
CA-2017-159912-1,CA-2017-159912,FUR-BO-10002853,163.88,4,0.50,-81.94,East,Furniture
CA-2017-159912-2,CA-2017-159912,OFF-BI-10002071,3.49,2,0.70,-2.79,East,Office Supplies
CA-2017-159912-3,CA-2017-159912,OFF-FA-10000053,10.58,7,0.20,-2.38,East,Office Supplies
CA-2017-101987-0,CA-2017-101987,TEC-PH-10001305,440.91,9,0.00,123.45,Central,Technology
US-2018-154851-0,US-2018-154851,OFF-BI-10001525,5.71,5,0.70,-4.76,East,Office Supplies
CA-2015-138681-0,CA-2015-138681,FUR-FU-10001876,51.97,2,0.20,10.39,West,Furniture
CA-2015-138681-1,CA-2015-138681,TEC-AC-10003628,71.98,3,0.20,21.59,West,Technology
CA-2015-138681-2,CA-2015-138681,FUR-CH-10004860,242.35,3,0.20,-42.41,West,Furniture
CA-2015-138681-3,CA-2015-138681,OFF-PA-10000357,221.92,5,0.20,77.67,West,Office Supplies
CA-2015-138681-4,CA-2015-138681,OFF-PA-10003270,8.45,2,0.20,2.64,West,Office Supplies
US-2016-138121-0,US-2016-138121,OFF-BI-10000320,29.52,4,0.00,14.46,Central,Office Supplies
US-2016-138121-1,US-2016-138121,FUR-CH-10003846,302.94,3,0.00,48.47,Central,Furniture
US-2016-138121-2,US-2016-138121,FUR-CH-10004875,142.36,2,0.00,38.44,Central,Furniture
US-2016-138121-3,US-2016-138121,FUR-CH-10003817,546.66,9,0.00,136.66,Central,Furniture
US-2016-138121-4,US-2016-138121,FUR-FU-10002116,212.13,3,0.00,14.85,Central,Furniture
CA-2018-140298-0,CA-2018-140298,OFF-AR-10003481,5.25,2,0.20,0.59,Central,Office Supplies
CA-2018-140298-1,CA-2018-140298,OFF-ST-10004180,74.42,2,0.20,-14.88,Central,Office Supplies
CA-2018-140298-2,CA-2018-140298,OFF-PA-10003657,6.85,2,0.20,2.14,Central,Office Supplies
CA-2018-140298-3,CA-2018-140298,FUR-FU-10001967,8.00,1,0.60,-7.00,Central,Furniture
CA-2017-166240-0,CA-2017-166240,OFF-AP-10002082,8.71,2,0.80,-19.60,Central,Office Supplies
CA-2017-158435-0,CA-2017-158435,OFF-SU-10000381,65.17,7,0.00,18.90,East,Office Supplies
CA-2017-158435-1,CA-2017-158435,OFF-LA-10002475,14.62,2,0.00,6.87,East,Office Supplies
CA-2017-158435-2,CA-2017-158435,FUR-FU-10003975,173.24,4,0.00,17.32,East,Furniture
CA-2018-138149-0,CA-2018-138149,OFF-BI-10003091,895.92,5,0.20,302.37,West,Office Supplies
CA-2018-138149-1,CA-2018-138149,OFF-ST-10002974,130.71,3,0.00,39.21,West,Office Supplies
CA-2018-138149-2,CA-2018-138149,OFF-AR-10000255,11.68,2,0.00,3.04,West,Office Supplies
CA-2018-138149-3,CA-2018-138149,TEC-AC-10001284,62.31,3,0.00,22.43,West,Technology
CA-2015-112403-0,CA-2015-112403,OFF-BI-10003529,0.85,1,0.70,-0.60,East,Office Supplies
CA-2015-108273-0,CA-2015-108273,OFF-PA-10000029,36.29,7,0.20,12.70,Central,Office Supplies
CA-2015-108273-1,CA-2015-108273,FUR-FU-10002116,56.57,2,0.60,-74.95,Central,Furniture
CA-2018-121643-0,CA-2018-121643,TEC-PH-10002200,344.70,2,0.20,38.78,West,Technology
US-2016-122910-0,US-2016-122910,TEC-PH-10000441,201.58,2,0.20,20.16,West,Technology
CA-2018-143126-0,CA-2018-143126,FUR-TA-10002958,521.96,2,0.00,88.73,West,Furniture
CA-2016-129042-0,CA-2016-129042,OFF-AR-10001662,8.22,3,0.00,2.22,East,Office Supplies
CA-2016-109736-0,CA-2016-109736,OFF-PA-10004101,45.36,7,0.00,21.77,West,Office Supplies
CA-2016-142601-0,CA-2016-142601,OFF-ST-10002756,947.17,7,0.00,9.47,West,Office Supplies
CA-2016-142601-1,CA-2016-142601,OFF-PA-10000483,61.96,2,0.00,27.88,West,Office Supplies
CA-2015-106229-0,CA-2015-106229,FUR-TA-10002041,268.94,3,0.50,-209.77,Central,Furniture
US-2018-135230-0,US-2018-135230,OFF-AR-10001166,7.58,1,0.00,2.96,West,Office Supplies
CA-2017-159653-0,CA-2017-159653,OFF-LA-10004345,14.73,3,0.00,7.22,South,Office Supplies
CA-2017-131968-0,CA-2017-131968,OFF-BI-10002852,9.89,2,0.70,-6.92,South,Office Supplies
CA-2017-131968-1,CA-2017-131968,OFF-AP-10001058,671.54,3,0.20,50.37,South,Office Supplies
CA-2015-119151-0,CA-2015-119151,OFF-ST-10003470,1117.92,4,0.00,55.90,East,Office Supplies
CA-2015-119151-1,CA-2015-119151,FUR-BO-10003159,275.95,3,0.20,-37.94,East,Furniture
CA-2015-123323-0,CA-2015-123323,OFF-BI-10003684,123.14,7,0.20,46.18,West,Office Supplies
CA-2017-124681-0,CA-2017-124681,TEC-AC-10000487,15.58,3,0.20,3.31,Central,Technology
US-2016-103996-0,US-2016-103996,OFF-PA-10001736,212.64,6,0.00,99.94,West,Office Supplies
US-2016-103996-1,US-2016-103996,OFF-PA-10001609,9.87,3,0.00,4.54,West,Office Supplies
US-2016-103996-2,US-2016-103996,TEC-AC-10003116,53.25,3,0.00,20.77,West,Technology
US-2016-103996-3,US-2016-103996,FUR-FU-10004586,19.92,3,0.00,9.56,West,Furniture
CA-2017-120530-0,CA-2017-120530,FUR-CH-10000454,658.75,3,0.10,146.39,East,Furniture
CA-2016-155054-0,CA-2016-155054,OFF-BI-10004970,8.26,2,0.00,3.88,East,Office Supplies
CA-2016-155054-1,CA-2016-155054,OFF-BI-10002824,29.84,2,0.00,13.43,East,Office Supplies
CA-2016-155054-2,CA-2016-155054,TEC-AC-10003657,67.98,2,0.00,14.96,East,Technology
CA-2016-105725-0,CA-2016-105725,OFF-LA-10003510,61.06,2,0.00,28.09,West,Office Supplies
CA-2016-105725-1,CA-2016-105725,FUR-TA-10001676,35.54,1,0.20,-0.89,West,Furniture
CA-2018-164364-0,CA-2018-164364,OFF-LA-10004853,9.96,2,0.00,4.58,West,Office Supplies
CA-2018-164364-1,CA-2018-164364,OFF-AR-10000315,9.21,3,0.00,2.30,West,Office Supplies
CA-2018-164364-2,CA-2018-164364,OFF-SU-10000381,27.93,3,0.00,8.10,West,Office Supplies
CA-2018-168123-0,CA-2018-168123,OFF-FA-10002763,7.90,2,0.00,2.53,Central,Office Supplies
CA-2018-168123-1,CA-2018-168123,OFF-ST-10000877,221.16,4,0.00,57.50,Central,Office Supplies
CA-2018-168123-2,CA-2018-168123,OFF-BI-10001071,127.96,2,0.00,62.70,Central,Office Supplies
CA-2018-168123-3,CA-2018-168123,OFF-BI-10001097,18.69,3,0.00,9.16,Central,Office Supplies
CA-2017-120005-0,CA-2017-120005,OFF-SU-10004782,25.35,3,0.00,7.61,West,Office Supplies
CA-2017-120005-1,CA-2017-120005,FUR-FU-10000672,35.28,3,0.00,12.00,West,Furniture
CA-2017-123526-0,CA-2017-123526,OFF-PA-10002986,33.40,5,0.00,16.03,West,Office Supplies
CA-2017-127649-0,CA-2017-127649,TEC-MA-10001972,837.60,3,0.20,62.82,West,Technology
CA-2017-159989-0,CA-2017-159989,TEC-PH-10000169,40.68,3,0.20,-9.15,South,Technology
CA-2018-103499-0,CA-2018-103499,FUR-CH-10001482,209.57,2,0.20,-23.58,South,Furniture
US-2016-167220-0,US-2016-167220,TEC-AC-10002018,22.37,4,0.20,6.43,Central,Technology
CA-2018-126354-0,CA-2018-126354,OFF-BI-10000301,3.88,2,0.70,-2.59,South,Office Supplies
CA-2018-126354-1,CA-2018-126354,OFF-PA-10004381,115.30,3,0.20,40.35,South,Office Supplies
CA-2018-169817-0,CA-2018-169817,OFF-BI-10004141,1.91,2,0.70,-1.53,East,Office Supplies
US-2018-144582-0,US-2018-144582,OFF-BI-10001575,43.37,7,0.80,-69.40,Central,Office Supplies
CA-2015-121573-0,CA-2015-121573,TEC-PH-10000984,783.96,4,0.00,219.51,East,Technology
CA-2015-121573-1,CA-2015-121573,OFF-BI-10000666,48.90,2,0.20,18.34,East,Office Supplies
CA-2015-121573-2,CA-2015-121573,OFF-BI-10003712,7.86,2,0.20,2.85,East,Office Supplies
CA-2017-117660-0,CA-2017-117660,OFF-LA-10003720,5.90,2,0.20,1.99,East,Office Supplies
CA-2017-117660-1,CA-2017-117660,OFF-SU-10001664,13.71,2,0.20,1.03,East,Office Supplies
CA-2015-112851-0,CA-2015-112851,OFF-EN-10001453,182.94,3,0.00,85.98,West,Office Supplies
CA-2018-123701-0,CA-2018-123701,OFF-AR-10001860,27.76,4,0.00,9.99,West,Office Supplies
CA-2016-118227-0,CA-2016-118227,OFF-AR-10001044,25.99,1,0.00,7.54,East,Office Supplies
CA-2016-123155-0,CA-2016-123155,TEC-AC-10002473,113.52,5,0.20,29.80,Central,Technology
CA-2016-123155-1,CA-2016-123155,TEC-PH-10001809,359.88,3,0.20,22.49,Central,Technology
CA-2018-158883-0,CA-2018-158883,OFF-PA-10004733,25.34,4,0.20,9.19,South,Office Supplies
US-2017-114888-0,US-2017-114888,OFF-BI-10003355,11.95,3,0.20,4.18,West,Office Supplies
US-2017-114888-1,US-2017-114888,OFF-SU-10001212,6.24,3,0.00,1.87,West,Office Supplies
US-2015-167262-0,US-2015-167262,TEC-PH-10000486,742.34,8,0.20,83.51,West,Technology
CA-2018-119746-0,CA-2018-119746,FUR-FU-10004909,6.46,1,0.60,-4.04,Central,Furniture
CA-2018-119746-1,CA-2018-119746,OFF-LA-10001613,11.52,5,0.20,4.18,Central,Office Supplies
CA-2018-119746-2,CA-2018-119746,TEC-PH-10004447,222.38,2,0.20,16.68,Central,Technology
CA-2018-108091-0,CA-2018-108091,OFF-AR-10000255,23.36,4,0.00,6.07,West,Office Supplies
CA-2017-101630-0,CA-2017-101630,OFF-LA-10004425,8.67,3,0.00,4.07,East,Office Supplies
CA-2017-101630-1,CA-2017-101630,OFF-SU-10001664,25.71,3,0.00,6.68,East,Office Supplies
CA-2018-132346-0,CA-2018-132346,OFF-AP-10000696,100.94,7,0.00,33.31,East,Office Supplies
CA-2015-150301-0,CA-2015-150301,FUR-CH-10002647,63.88,1,0.10,10.65,East,Furniture
CA-2015-159310-0,CA-2015-159310,FUR-CH-10002758,683.14,4,0.30,0.00,Central,Furniture
CA-2015-159310-1,CA-2015-159310,OFF-BI-10000201,1.48,3,0.80,-2.21,Central,Office Supplies
CA-2015-159310-2,CA-2015-159310,OFF-SU-10004115,40.71,7,0.20,3.56,Central,Office Supplies
US-2018-147984-0,US-2018-147984,OFF-PA-10000806,279.90,5,0.00,137.15,Central,Office Supplies
CA-2016-104346-0,CA-2016-104346,OFF-AR-10001473,13.12,5,0.20,1.15,West,Office Supplies
CA-2016-104346-1,CA-2016-104346,FUR-BO-10003450,69.58,4,0.70,-143.79,West,Furniture
CA-2016-104346-2,CA-2016-104346,OFF-AR-10001545,4.22,3,0.20,0.48,West,Office Supplies
CA-2016-104346-3,CA-2016-104346,TEC-AC-10004396,58.08,4,0.20,-6.53,West,Technology
CA-2016-104346-4,CA-2016-104346,FUR-FU-10002456,52.42,9,0.20,15.07,West,Furniture
CA-2016-104346-5,CA-2016-104346,FUR-FU-10001473,54.92,5,0.20,10.98,West,Furniture
CA-2016-104346-6,CA-2016-104346,FUR-TA-10000849,364.95,5,0.50,-248.17,West,Furniture
CA-2016-104346-7,CA-2016-104346,OFF-PA-10001166,85.06,3,0.20,28.71,West,Office Supplies
CA-2016-104346-8,CA-2016-104346,OFF-PA-10003256,27.70,3,0.20,9.69,West,Office Supplies
US-2016-141684-0,US-2016-141684,OFF-PA-10002870,24.96,4,0.00,11.23,East,Office Supplies
CA-2016-144722-0,CA-2016-144722,FUR-FU-10001215,43.13,1,0.00,18.11,West,Furniture
CA-2016-120516-0,CA-2016-120516,OFF-BI-10004187,5.64,3,0.00,2.71,South,Office Supplies
US-2017-148901-0,US-2017-148901,OFF-BI-10001718,57.58,3,0.70,-44.15,South,Office Supplies
US-2017-148901-1,US-2017-148901,OFF-PA-10004983,31.10,6,0.20,10.89,South,Office Supplies
US-2017-148901-2,US-2017-148901,FUR-FU-10002396,30.19,3,0.20,8.30,South,Furniture
US-2017-148901-3,US-2017-148901,TEC-PH-10003988,43.60,5,0.20,4.36,South,Technology
US-2017-148901-4,US-2017-148901,OFF-AR-10002467,4.77,2,0.20,0.42,South,Office Supplies
US-2017-148901-5,US-2017-148901,OFF-BI-10004002,10.38,2,0.70,-7.61,South,Office Supplies
US-2017-148901-6,US-2017-148901,OFF-BI-10002309,13.39,8,0.70,-9.82,South,Office Supplies
CA-2018-136364-0,CA-2018-136364,TEC-PH-10003885,39.59,1,0.40,-7.26,East,Technology
CA-2018-136364-1,CA-2018-136364,FUR-FU-10002501,91.01,9,0.20,19.34,East,Furniture
CA-2016-137708-0,CA-2016-137708,OFF-PA-10000176,37.94,2,0.00,18.21,West,Office Supplies
CA-2016-137708-1,CA-2016-137708,OFF-PA-10000327,42.80,10,0.00,19.26,West,Office Supplies
CA-2016-137708-2,CA-2016-137708,OFF-ST-10004634,33.63,3,0.00,10.09,West,Office Supplies
CA-2015-149055-0,CA-2015-149055,OFF-EN-10003040,62.81,3,0.20,21.20,East,Office Supplies
CA-2016-151589-0,CA-2016-151589,OFF-PA-10003228,195.64,4,0.00,91.95,Central,Office Supplies
CA-2016-151589-1,CA-2016-151589,TEC-PH-10004345,239.90,2,0.00,71.97,Central,Technology
CA-2017-121370-0,CA-2017-121370,FUR-CH-10000785,380.06,3,0.30,-21.72,East,Furniture
CA-2017-121370-1,CA-2017-121370,TEC-CO-10004115,1199.98,4,0.40,180.00,East,Technology
CA-2017-121370-2,CA-2017-121370,FUR-FU-10002813,48.58,3,0.20,9.72,East,Furniture
CA-2017-111696-0,CA-2017-111696,OFF-PA-10002751,17.94,3,0.00,8.07,West,Office Supplies
CA-2015-139598-0,CA-2015-139598,OFF-PA-10004569,18.26,3,0.20,6.16,East,Office Supplies
CA-2015-139598-1,CA-2015-139598,OFF-AP-10002998,34.66,2,0.20,5.63,East,Office Supplies
CA-2015-139598-2,CA-2015-139598,OFF-AP-10003287,81.55,2,0.20,8.16,East,Office Supplies
CA-2015-139598-3,CA-2015-139598,OFF-ST-10001370,227.14,4,0.20,-42.59,East,Office Supplies
CA-2018-117436-0,CA-2018-117436,OFF-BI-10004040,10.36,2,0.00,5.08,East,Office Supplies
CA-2016-140025-0,CA-2016-140025,OFF-AP-10002651,463.25,8,0.80,-1181.28,Central,Office Supplies
CA-2016-140025-1,CA-2016-140025,TEC-AC-10002402,383.95,6,0.20,47.99,Central,Technology
CA-2017-134222-0,CA-2017-134222,OFF-BI-10001658,44.86,6,0.70,-35.88,West,Office Supplies
CA-2017-140018-0,CA-2017-140018,TEC-MA-10000752,30.34,7,0.70,-24.28,East,Technology
CA-2017-140018-1,CA-2017-140018,FUR-CH-10003817,127.55,3,0.30,-9.11,East,Furniture
CA-2017-140018-2,CA-2017-140018,FUR-FU-10001876,77.95,3,0.20,15.59,East,Furniture
US-2018-136707-0,US-2018-136707,OFF-BI-10003460,14.02,4,0.20,4.91,West,Office Supplies
CA-2015-152562-0,CA-2015-152562,OFF-ST-10000464,69.52,2,0.00,19.47,South,Office Supplies
CA-2015-152562-1,CA-2015-152562,OFF-AR-10001919,5.64,3,0.00,1.64,South,Office Supplies
CA-2017-152408-0,CA-2017-152408,OFF-BI-10002393,13.78,3,0.20,4.48,East,Office Supplies
CA-2015-120278-0,CA-2015-120278,OFF-AP-10001293,245.88,6,0.00,68.85,Central,Office Supplies
CA-2015-120278-1,CA-2015-120278,OFF-ST-10004258,36.63,3,0.00,9.89,Central,Office Supplies
CA-2015-120278-2,CA-2015-120278,OFF-ST-10002214,22.58,2,0.00,5.87,Central,Office Supplies
CA-2015-120278-3,CA-2015-120278,OFF-BI-10004970,12.39,3,0.00,5.82,Central,Office Supplies
CA-2018-167661-0,CA-2018-167661,OFF-BI-10002571,39.92,5,0.20,13.47,West,Office Supplies
CA-2018-167661-1,CA-2018-167661,OFF-PA-10002581,61.96,2,0.00,27.88,West,Office Supplies
CA-2018-167661-2,CA-2018-167661,OFF-BI-10001097,19.94,4,0.20,7.23,West,Office Supplies
CA-2018-106831-0,CA-2018-106831,OFF-BI-10003429,3.80,2,0.70,-2.66,East,Office Supplies
CA-2018-106831-1,CA-2018-106831,OFF-PA-10000682,27.74,6,0.20,10.06,East,Office Supplies
CA-2018-106831-2,CA-2018-106831,TEC-PH-10001700,158.38,4,0.40,-34.31,East,Technology
CA-2018-154123-0,CA-2018-154123,FUR-FU-10000629,27.58,2,0.00,11.58,South,Furniture
CA-2017-136049-0,CA-2017-136049,OFF-BI-10001267,5.55,3,0.70,-4.07,East,Office Supplies
CA-2018-118402-0,CA-2018-118402,OFF-ST-10001418,243.92,5,0.20,-54.88,South,Office Supplies
US-2017-139388-0,US-2017-139388,OFF-FA-10004968,14.96,4,0.00,0.30,East,Office Supplies
US-2015-128685-0,US-2015-128685,OFF-BI-10004140,7.18,2,0.20,2.25,West,Office Supplies
CA-2016-124044-0,CA-2016-124044,OFF-BI-10003460,10.51,3,0.20,3.68,East,Office Supplies
CA-2015-164469-0,CA-2015-164469,TEC-PH-10002115,263.96,5,0.20,19.80,West,Technology
CA-2015-164469-1,CA-2015-164469,OFF-AR-10003478,71.63,11,0.20,17.91,West,Office Supplies
CA-2015-164469-2,CA-2015-164469,OFF-AR-10000475,9.33,1,0.20,0.82,West,Office Supplies
CA-2015-107818-0,CA-2015-107818,OFF-AR-10003045,5.88,2,0.00,2.65,West,Office Supplies
CA-2015-107818-1,CA-2015-107818,FUR-CH-10000454,975.92,5,0.20,121.99,West,Furniture
CA-2015-107818-2,CA-2015-107818,OFF-AR-10000380,303.84,8,0.00,91.15,West,Office Supplies
CA-2015-107818-3,CA-2015-107818,OFF-ST-10000736,485.88,6,0.00,19.44,West,Office Supplies
CA-2015-113320-0,CA-2015-113320,FUR-FU-10004270,12.54,3,0.00,4.51,West,Furniture
CA-2015-113320-1,CA-2015-113320,OFF-ST-10000617,8.94,3,0.00,0.63,West,Office Supplies
CA-2015-113320-2,CA-2015-113320,FUR-FU-10001706,9.24,3,0.00,4.44,West,Furniture
CA-2016-137526-0,CA-2016-137526,OFF-BI-10003364,70.01,3,0.20,24.50,West,Office Supplies
CA-2016-137526-1,CA-2016-137526,FUR-FU-10001861,77.60,4,0.00,38.02,West,Furniture
CA-2016-137526-2,CA-2016-137526,FUR-FU-10004845,464.85,9,0.00,92.97,West,Furniture
CA-2018-136063-0,CA-2018-136063,OFF-AR-10000823,10.19,7,0.20,1.02,Central,Office Supplies
CA-2017-101546-0,CA-2017-101546,OFF-BI-10001359,1793.98,2,0.00,843.17,East,Office Supplies
CA-2015-138940-0,CA-2015-138940,TEC-PH-10001835,758.35,6,0.20,265.42,Central,Technology
CA-2017-125164-0,CA-2017-125164,OFF-BI-10001191,20.37,1,0.20,7.38,East,Office Supplies
CA-2017-125164-1,CA-2017-125164,OFF-BI-10003982,49.85,3,0.20,16.82,East,Office Supplies
CA-2018-163531-0,CA-2018-163531,TEC-PH-10001425,239.97,3,0.00,67.19,East,Technology
CA-2018-122490-0,CA-2018-122490,FUR-CH-10001215,2404.70,6,0.20,150.29,West,Furniture
CA-2018-122490-1,CA-2018-122490,OFF-BI-10001718,563.02,11,0.20,190.02,West,Office Supplies
CA-2018-122490-2,CA-2018-122490,OFF-ST-10000991,344.91,3,0.00,10.35,West,Office Supplies
CA-2018-122490-3,CA-2018-122490,OFF-LA-10001613,8.64,3,0.00,4.23,West,Office Supplies
CA-2018-131366-0,CA-2018-131366,TEC-PH-10003437,89.99,2,0.40,-15.00,East,Technology
CA-2018-131366-1,CA-2018-131366,OFF-PA-10000675,229.54,7,0.20,83.21,East,Office Supplies
CA-2018-164042-0,CA-2018-164042,OFF-FA-10000840,1.82,2,0.20,0.62,Central,Office Supplies
CA-2018-164042-1,CA-2018-164042,OFF-AP-10001947,18.32,5,0.80,-46.72,Central,Office Supplies
CA-2018-164042-2,CA-2018-164042,OFF-ST-10002301,48.82,3,0.20,-11.59,Central,Office Supplies
CA-2018-164042-3,CA-2018-164042,OFF-BI-10001922,1.19,1,0.80,-1.96,Central,Office Supplies
CA-2015-132864-0,CA-2015-132864,TEC-AC-10001267,119.80,5,0.20,29.95,East,Technology
US-2015-155817-0,US-2015-155817,OFF-ST-10000532,61.57,2,0.20,4.62,South,Office Supplies
US-2015-155817-1,US-2015-155817,OFF-AR-10002335,6.19,3,0.20,0.46,South,Office Supplies
US-2017-131891-0,US-2017-131891,OFF-BI-10000201,2.21,3,0.70,-1.48,South,Office Supplies
CA-2018-143567-0,CA-2018-143567,OFF-EN-10004846,5.32,2,0.00,2.61,South,Office Supplies
CA-2018-143567-1,CA-2018-143567,FUR-CH-10000454,975.92,4,0.00,292.78,South,Furniture
CA-2018-143567-2,CA-2018-143567,TEC-AC-10004145,2249.91,9,0.00,517.48,South,Technology
CA-2018-143567-3,CA-2018-143567,OFF-ST-10001580,59.92,4,0.00,16.78,South,Office Supplies
CA-2018-104080-0,CA-2018-104080,OFF-BI-10003876,171.20,5,0.20,64.20,West,Office Supplies
CA-2018-104080-1,CA-2018-104080,OFF-AR-10001972,3.36,2,0.00,0.87,West,Office Supplies
CA-2015-151379-0,CA-2015-151379,OFF-PA-10000595,114.20,5,0.00,52.53,Central,Office Supplies
CA-2017-163167-0,CA-2017-163167,FUR-CH-10004477,182.67,3,0.00,52.97,South,Furniture
CA-2017-163167-1,CA-2017-163167,TEC-AC-10003441,101.70,6,0.00,6.10,South,Technology
CA-2017-163167-2,CA-2017-163167,OFF-ST-10004459,1126.02,3,0.00,56.30,South,Office Supplies
CA-2017-163167-3,CA-2017-163167,OFF-ST-10003805,1263.30,6,0.00,315.82,South,Office Supplies
CA-2017-135776-0,CA-2017-135776,OFF-AR-10001246,8.82,3,0.00,2.56,West,Office Supplies
CA-2017-135776-1,CA-2017-135776,OFF-PA-10001295,37.94,2,0.00,18.21,West,Office Supplies
CA-2017-135776-2,CA-2017-135776,OFF-AR-10001231,4.20,2,0.00,1.18,West,Office Supplies
CA-2017-135776-3,CA-2017-135776,OFF-ST-10002743,227.28,2,0.00,2.27,West,Office Supplies
CA-2017-135776-4,CA-2017-135776,OFF-PA-10004327,47.90,1,0.00,22.99,West,Office Supplies
CA-2017-135776-5,CA-2017-135776,OFF-EN-10004773,61.96,2,0.00,30.36,West,Office Supplies
CA-2017-135776-6,CA-2017-135776,OFF-ST-10003470,1117.92,4,0.00,55.90,West,Office Supplies
US-2015-122021-0,US-2015-122021,FUR-CH-10003761,183.37,2,0.30,-7.86,East,Furniture
US-2015-122021-1,US-2015-122021,OFF-PA-10002230,7.97,2,0.20,2.89,East,Office Supplies
CA-2017-130484-0,CA-2017-130484,OFF-BI-10000088,26.35,8,0.70,-18.45,West,Office Supplies
CA-2018-120936-0,CA-2018-120936,OFF-ST-10001526,481.32,4,0.00,125.14,West,Office Supplies
CA-2018-120936-1,CA-2018-120936,OFF-SU-10002557,13.98,1,0.00,3.63,West,Office Supplies
CA-2018-110884-0,CA-2018-110884,OFF-BI-10003669,25.92,6,0.20,9.07,East,Office Supplies
CA-2018-110884-1,CA-2018-110884,OFF-LA-10003510,91.59,3,0.00,42.13,East,Office Supplies
US-2015-161613-0,US-2015-161613,FUR-CH-10003746,674.06,3,0.30,-19.26,Central,Furniture
US-2015-146353-0,US-2015-146353,OFF-BI-10003476,22.92,4,0.00,11.00,East,Office Supplies
US-2015-146353-1,US-2015-146353,OFF-ST-10001469,269.90,5,0.00,16.19,East,Office Supplies
CA-2015-133809-0,CA-2015-133809,OFF-BI-10001757,11.81,8,0.70,-8.66,East,Office Supplies
CA-2015-133809-1,CA-2015-133809,TEC-PH-10004875,9.59,2,0.40,-2.08,East,Technology
CA-2018-127306-0,CA-2018-127306,OFF-EN-10001219,18.34,3,0.20,6.65,South,Office Supplies
CA-2018-127306-1,CA-2018-127306,OFF-PA-10000019,36.29,7,0.20,12.70,South,Office Supplies
CA-2018-127306-2,CA-2018-127306,TEC-PH-10001924,111.98,2,0.20,7.00,South,Technology
CA-2018-127306-3,CA-2018-127306,OFF-BI-10002003,5.97,5,0.70,-4.58,South,Office Supplies
CA-2018-127306-4,CA-2018-127306,OFF-BI-10003727,2.51,2,0.70,-1.84,South,Office Supplies
CA-2016-161830-0,CA-2016-161830,OFF-AR-10004042,35.96,2,0.00,10.43,West,Office Supplies
CA-2016-161830-1,CA-2016-161830,OFF-BI-10001097,14.95,3,0.20,5.42,West,Office Supplies
CA-2018-163125-0,CA-2018-163125,OFF-AR-10004344,67.14,7,0.20,5.88,Central,Office Supplies
CA-2018-163125-1,CA-2018-163125,FUR-CH-10001802,254.06,3,0.30,-32.66,Central,Furniture
CA-2017-160304-0,CA-2017-160304,FUR-BO-10004709,173.94,3,0.00,38.27,East,Furniture
CA-2017-160304-1,CA-2017-160304,TEC-PH-10000455,231.98,2,0.00,67.27,East,Technology
CA-2018-101728-0,CA-2018-101728,OFF-BI-10002393,2.30,2,0.80,-3.90,Central,Office Supplies
CA-2018-114055-0,CA-2018-114055,OFF-PA-10004381,96.08,2,0.00,46.12,South,Office Supplies
CA-2018-114055-1,CA-2018-114055,OFF-FA-10003059,3.62,2,0.00,1.19,South,Office Supplies
CA-2018-114055-2,CA-2018-114055,OFF-PA-10000994,629.10,6,0.00,301.97,South,Office Supplies
CA-2018-114055-3,CA-2018-114055,TEC-PH-10002890,90.48,2,0.00,23.52,South,Technology
CA-2018-126438-0,CA-2018-126438,OFF-AR-10003338,14.88,2,0.00,3.72,East,Office Supplies
CA-2018-117653-0,CA-2018-117653,FUR-TA-10003008,91.28,1,0.50,-67.54,Central,Furniture
CA-2018-143245-0,CA-2018-143245,OFF-PA-10001972,19.44,3,0.00,9.33,East,Office Supplies
CA-2018-143245-1,CA-2018-143245,FUR-CH-10000155,897.15,3,0.00,251.20,East,Furniture
US-2015-138828-0,US-2015-138828,OFF-AR-10000658,57.75,5,0.00,16.17,East,Office Supplies
US-2015-138828-1,US-2015-138828,OFF-PA-10000349,14.94,3,0.00,7.02,East,Office Supplies
CA-2018-143651-0,CA-2018-143651,OFF-AR-10001446,23.10,2,0.00,6.93,West,Office Supplies
CA-2016-106978-0,CA-2016-106978,OFF-EN-10004483,12.54,1,0.20,4.23,West,Office Supplies
CA-2016-106978-1,CA-2016-106978,OFF-BI-10002012,1.08,2,0.70,-0.79,West,Office Supplies
CA-2016-106978-2,CA-2016-106978,OFF-FA-10003021,4.51,3,0.20,0.85,West,Office Supplies
CA-2016-155124-0,CA-2016-155124,TEC-PH-10003356,16.78,3,0.20,1.68,West,Technology
CA-2018-150931-0,CA-2018-150931,OFF-BI-10004728,33.74,7,0.00,15.52,South,Office Supplies
CA-2015-157147-0,CA-2015-157147,OFF-ST-10000078,1325.85,5,0.00,238.65,West,Office Supplies
CA-2015-157147-1,CA-2015-157147,FUR-BO-10003034,334.00,3,0.15,3.93,West,Furniture
CA-2015-157147-2,CA-2015-157147,OFF-AR-10003514,19.90,5,0.00,6.57,West,Office Supplies
CA-2016-156482-0,CA-2016-156482,FUR-CH-10001708,1268.82,9,0.00,266.45,East,Furniture
CA-2016-156482-1,CA-2016-156482,FUR-BO-10002598,283.92,4,0.00,82.34,East,Furniture
CA-2016-156482-2,CA-2016-156482,OFF-AR-10001022,5.68,2,0.00,1.76,East,Office Supplies
CA-2018-106782-0,CA-2018-106782,OFF-ST-10004459,375.34,1,0.00,18.77,Central,Office Supplies
CA-2017-151372-0,CA-2017-151372,OFF-PA-10004381,96.08,2,0.00,46.12,West,Office Supplies
CA-2017-151372-1,CA-2017-151372,OFF-BI-10000050,11.68,2,0.20,3.94,West,Office Supplies
CA-2017-151372-2,CA-2017-151372,OFF-FA-10000304,4.36,2,0.00,1.79,West,Office Supplies
CA-2015-102085-0,CA-2015-102085,OFF-LA-10002475,29.24,4,0.00,13.74,West,Office Supplies
CA-2018-107125-0,CA-2018-107125,OFF-BI-10001989,117.49,7,0.20,41.12,West,Office Supplies
CA-2018-107125-1,CA-2018-107125,FUR-FU-10000732,18.84,3,0.00,6.03,West,Furniture
CA-2017-125815-0,CA-2017-125815,OFF-AR-10004441,12.42,3,0.00,5.22,East,Office Supplies
CA-2016-144190-0,CA-2016-144190,OFF-PA-10000304,12.96,2,0.00,6.22,Central,Office Supplies
CA-2018-117926-0,CA-2018-117926,OFF-AP-10002670,69.48,1,0.00,20.84,West,Office Supplies
CA-2016-153906-0,CA-2016-153906,TEC-PH-10001527,85.90,2,0.00,2.58,East,Technology
CA-2015-160262-0,CA-2015-160262,OFF-AR-10002335,18.06,7,0.00,4.70,West,Office Supplies
CA-2015-160262-1,CA-2015-160262,OFF-PA-10003641,79.14,3,0.00,36.40,West,Office Supplies
CA-2015-160262-2,CA-2015-160262,FUR-FU-10002685,37.40,2,0.00,14.21,West,Furniture
CA-2016-127607-0,CA-2016-127607,OFF-BI-10001308,2.51,2,0.80,-4.40,Central,Office Supplies
CA-2016-127607-1,CA-2016-127607,OFF-FA-10003485,18.86,9,0.20,6.13,Central,Office Supplies
CA-2017-166226-0,CA-2017-166226,TEC-PH-10003357,61.19,1,0.20,6.12,West,Technology
CA-2017-166226-1,CA-2017-166226,OFF-AP-10002867,67.84,1,0.00,18.32,West,Office Supplies
CA-2015-156587-0,CA-2015-156587,FUR-CH-10004477,48.71,1,0.20,5.48,West,Furniture
CA-2015-156587-1,CA-2015-156587,OFF-AR-10001427,17.94,3,0.00,4.66,West,Office Supplies
CA-2015-156587-2,CA-2015-156587,OFF-ST-10002344,242.94,3,0.00,4.86,West,Office Supplies
CA-2017-141180-0,CA-2017-141180,OFF-BI-10000301,7.76,4,0.70,-5.18,South,Office Supplies
CA-2016-109708-0,CA-2016-109708,TEC-PH-10001944,467.04,4,0.20,58.38,South,Technology
CA-2016-122406-0,CA-2016-122406,TEC-PH-10001527,128.85,3,0.00,3.87,East,Technology
CA-2016-122406-1,CA-2016-122406,OFF-PA-10001307,8.40,2,0.00,4.12,East,Office Supplies
CA-2016-122406-2,CA-2016-122406,TEC-AC-10004571,199.98,2,0.00,83.99,East,Technology
CA-2016-122406-3,CA-2016-122406,FUR-CH-10001973,110.98,1,0.00,15.54,East,Furniture
US-2017-153815-0,US-2017-153815,FUR-CH-10000513,207.98,2,0.20,-28.60,South,Furniture
US-2017-153815-1,US-2017-153815,OFF-PA-10002421,36.11,2,0.20,12.64,South,Office Supplies
US-2017-153815-2,US-2017-153815,FUR-FU-10004090,35.57,2,0.20,5.78,South,Furniture
US-2017-153815-3,US-2017-153815,OFF-PA-10004071,88.77,2,0.20,31.07,South,Office Supplies
CA-2017-164896-0,CA-2017-164896,OFF-PA-10002246,12.90,2,0.00,6.32,West,Office Supplies
CA-2016-142202-0,CA-2016-142202,TEC-AC-10003198,717.12,9,0.20,152.39,South,Technology
CA-2016-165050-0,CA-2016-165050,OFF-BI-10001031,21.36,5,0.20,7.21,East,Office Supplies
CA-2016-165050-1,CA-2016-165050,OFF-BI-10003727,6.69,2,0.20,2.34,East,Office Supplies
CA-2016-165050-2,CA-2016-165050,TEC-PH-10001336,773.94,6,0.00,224.44,East,Technology
US-2017-131114-0,US-2017-131114,OFF-SU-10001664,20.57,3,0.20,1.54,Central,Office Supplies
US-2017-131114-1,US-2017-131114,OFF-AP-10003971,4.36,2,0.80,-11.76,Central,Office Supplies
US-2017-131114-2,US-2017-131114,TEC-AC-10000199,19.04,4,0.20,-1.43,Central,Technology
CA-2015-160066-0,CA-2015-160066,OFF-LA-10001045,5.22,2,0.00,2.40,West,Office Supplies
CA-2017-109925-0,CA-2017-109925,OFF-ST-10003442,84.84,3,0.00,22.91,West,Office Supplies
CA-2016-160696-0,CA-2016-160696,OFF-FA-10003059,7.24,5,0.20,1.18,South,Office Supplies
CA-2015-125171-0,CA-2015-125171,OFF-LA-10001175,14.40,5,0.00,7.06,East,Office Supplies
CA-2017-149279-0,CA-2017-149279,OFF-PA-10003441,15.55,3,0.20,5.44,West,Office Supplies
CA-2017-149279-1,CA-2017-149279,FUR-CH-10004287,1325.76,6,0.20,149.15,West,Furniture
CA-2017-149279-2,CA-2017-149279,OFF-BI-10004040,3.11,2,0.70,-2.18,West,Office Supplies
CA-2018-107321-0,CA-2018-107321,OFF-BI-10004022,6.67,3,0.20,2.17,West,Office Supplies
CA-2018-107321-1,CA-2018-107321,TEC-PH-10002200,689.41,4,0.20,77.56,West,Technology
US-2018-122714-0,US-2018-122714,OFF-BI-10001120,1889.99,5,0.80,-2929.48,Central,Office Supplies
CA-2016-153038-0,CA-2016-153038,OFF-EN-10000461,55.94,8,0.20,18.88,South,Office Supplies
CA-2016-153038-1,CA-2016-153038,OFF-LA-10004008,18.43,8,0.20,5.99,South,Office Supplies
CA-2016-153038-2,CA-2016-153038,FUR-FU-10000221,20.32,5,0.20,3.56,South,Furniture
CA-2015-132227-0,CA-2015-132227,OFF-BI-10000962,52.06,4,0.20,18.87,East,Office Supplies
CA-2018-155824-0,CA-2018-155824,OFF-AP-10000390,48.78,1,0.20,3.66,South,Office Supplies
CA-2018-155824-1,CA-2018-155824,OFF-BI-10000014,13.09,4,0.70,-10.04,South,Office Supplies
CA-2017-129238-0,CA-2017-129238,TEC-PH-10004120,109.59,1,0.20,8.22,West,Technology
CA-2017-129238-1,CA-2017-129238,OFF-PA-10002764,56.70,5,0.00,27.78,West,Office Supplies
CA-2018-159688-0,CA-2018-159688,TEC-AC-10000736,79.99,1,0.00,28.80,West,Technology
CA-2017-136126-0,CA-2017-136126,OFF-SU-10000898,69.50,5,0.00,20.16,South,Office Supplies
CA-2017-136126-1,CA-2017-136126,OFF-PA-10004327,191.60,4,0.00,91.97,South,Office Supplies
CA-2017-155033-0,CA-2017-155033,OFF-PA-10000143,10.56,2,0.00,5.07,West,Office Supplies
CA-2015-156006-0,CA-2015-156006,TEC-AC-10002550,47.79,3,0.00,16.25,South,Technology
CA-2016-158659-0,CA-2016-158659,OFF-ST-10003306,714.30,5,0.00,207.15,Central,Office Supplies
CA-2016-169796-0,CA-2016-169796,TEC-MA-10000045,2321.90,2,0.00,1114.51,East,Technology
CA-2016-169796-1,CA-2016-169796,OFF-ST-10001505,17.94,3,0.00,3.05,East,Office Supplies
CA-2016-102876-0,CA-2016-102876,OFF-BI-10004781,9.52,1,0.70,-6.98,East,Office Supplies
CA-2016-102876-1,CA-2016-102876,TEC-PH-10002680,791.96,6,0.40,-131.99,East,Technology
CA-2016-102876-2,CA-2016-102876,OFF-BI-10000848,4.92,3,0.70,-3.94,East,Office Supplies
US-2018-139647-0,US-2018-139647,FUR-BO-10004467,209.98,7,0.70,-356.96,West,Furniture
US-2018-160465-0,US-2018-160465,OFF-BI-10001670,33.93,3,0.70,-22.62,East,Office Supplies
US-2018-160465-1,US-2018-160465,OFF-ST-10000136,222.32,7,0.20,25.01,East,Office Supplies
US-2018-160465-2,US-2018-160465,TEC-PH-10004522,210.56,6,0.40,-52.64,East,Technology
CA-2015-153850-0,CA-2015-153850,FUR-FU-10002960,35.17,7,0.20,9.67,East,Furniture
CA-2015-153850-1,CA-2015-153850,TEC-PH-10002584,1502.38,4,0.40,-250.40,East,Technology
CA-2015-127558-0,CA-2015-127558,FUR-FU-10002505,10.11,3,0.00,3.24,West,Furniture
CA-2015-127558-1,CA-2015-127558,TEC-AC-10003832,772.47,3,0.00,146.77,West,Technology
CA-2015-127558-2,CA-2015-127558,OFF-SU-10002537,20.46,2,0.00,5.32,West,Office Supplies
CA-2018-136511-0,CA-2018-136511,OFF-SU-10003505,347.58,3,0.00,17.38,East,Office Supplies
CA-2017-133795-0,CA-2017-133795,TEC-AC-10001465,72.64,2,0.00,21.79,West,Technology
CA-2017-133795-1,CA-2017-133795,TEC-AC-10003832,772.47,3,0.00,146.77,West,Technology
CA-2017-133795-2,CA-2017-133795,FUR-FU-10003731,39.92,4,0.00,11.18,West,Furniture
US-2018-130953-0,US-2018-130953,OFF-BI-10004828,33.48,2,0.00,16.41,Central,Office Supplies
US-2018-130953-1,US-2018-130953,TEC-PH-10003012,461.97,3,0.00,133.97,Central,Technology
US-2018-130953-2,US-2018-130953,OFF-AP-10002311,137.62,2,0.00,60.55,Central,Office Supplies
US-2018-130953-3,US-2018-130953,FUR-CH-10004626,302.67,3,0.00,72.64,Central,Furniture
CA-2015-151792-0,CA-2015-151792,TEC-AC-10001606,239.98,3,0.20,53.99,Central,Technology
CA-2018-139304-0,CA-2018-139304,OFF-AR-10001216,8.34,3,0.00,2.17,West,Office Supplies
CA-2018-139304-1,CA-2018-139304,OFF-SU-10001664,8.57,1,0.00,2.23,West,Office Supplies
CA-2018-139304-2,CA-2018-139304,OFF-BI-10002498,119.62,8,0.20,40.37,West,Office Supplies
CA-2017-155166-0,CA-2017-155166,FUR-CH-10003968,212.94,3,0.00,25.55,East,Furniture
CA-2017-155166-1,CA-2017-155166,OFF-AP-10002765,26.49,1,0.00,7.42,East,Office Supplies
CA-2016-103954-0,CA-2016-103954,FUR-BO-10004690,687.40,5,0.00,48.12,Central,Furniture
CA-2015-169803-0,CA-2015-169803,FUR-TA-10000688,653.55,3,0.00,111.10,West,Furniture
CA-2015-169803-1,CA-2015-169803,TEC-AC-10003441,33.90,2,0.00,2.03,West,Technology
CA-2018-141719-0,CA-2018-141719,TEC-AC-10003610,239.96,5,0.20,83.99,Central,Technology
CA-2016-136469-0,CA-2016-136469,FUR-TA-10001520,199.84,4,0.30,-37.11,East,Furniture
CA-2016-136469-1,CA-2016-136469,TEC-PH-10001817,716.00,2,0.00,193.32,East,Technology
CA-2016-136469-2,CA-2016-136469,OFF-BI-10004492,221.06,7,0.00,103.90,East,Office Supplies
CA-2017-158694-0,CA-2017-158694,OFF-PA-10002421,67.71,3,0.00,32.50,West,Office Supplies
CA-2017-158694-1,CA-2017-158694,OFF-AP-10000055,129.92,4,0.00,38.98,West,Office Supplies
CA-2017-158694-2,CA-2017-158694,FUR-FU-10000965,467.46,9,0.00,191.66,West,Furniture
CA-2017-158694-3,CA-2017-158694,OFF-PA-10001363,61.40,5,0.00,28.86,West,Office Supplies
CA-2017-158694-4,CA-2017-158694,OFF-ST-10001496,720.76,4,0.00,187.40,West,Office Supplies
CA-2017-158694-5,CA-2017-158694,OFF-BI-10004656,5.18,3,0.20,1.81,West,Office Supplies
CA-2017-158694-6,CA-2017-158694,OFF-AR-10001227,14.70,5,0.00,3.97,West,Office Supplies
US-2015-104759-0,US-2015-104759,OFF-BI-10002071,8.13,7,0.80,-13.83,Central,Office Supplies
US-2015-104759-1,US-2015-104759,TEC-AC-10004901,79.98,2,0.20,14.00,Central,Technology
CA-2016-150511-0,CA-2016-150511,OFF-PA-10001776,18.54,2,0.00,8.71,West,Office Supplies
CA-2016-134922-0,CA-2016-134922,OFF-EN-10000483,24.40,2,0.20,7.93,East,Office Supplies
US-2018-120607-0,US-2018-120607,OFF-PA-10003129,195.64,4,0.00,91.95,South,Office Supplies
CA-2016-141243-0,CA-2016-141243,TEC-AC-10003198,398.40,5,0.20,84.66,Central,Technology
CA-2016-141243-1,CA-2016-141243,OFF-AR-10001246,7.06,3,0.20,0.79,Central,Office Supplies
CA-2016-141243-2,CA-2016-141243,FUR-BO-10003272,1352.40,9,0.32,-437.54,Central,Furniture
CA-2016-162166-0,CA-2016-162166,OFF-PA-10002606,26.40,5,0.00,11.88,West,Office Supplies
CA-2016-162166-1,CA-2016-162166,OFF-ST-10002486,41.88,6,0.00,0.84,West,Office Supplies
CA-2017-120796-0,CA-2017-120796,OFF-BI-10004330,99.85,9,0.70,-83.20,East,Office Supplies
CA-2017-109722-0,CA-2017-109722,TEC-PH-10000560,699.98,2,0.00,195.99,South,Technology
CA-2017-109722-1,CA-2017-109722,OFF-ST-10000060,584.82,9,0.00,70.18,South,Office Supplies
CA-2016-136798-0,CA-2016-136798,OFF-BI-10003684,43.98,2,0.00,21.99,Central,Office Supplies
CA-2016-136798-1,CA-2016-136798,TEC-PH-10000441,377.97,3,0.00,105.83,Central,Technology
CA-2016-136798-2,CA-2016-136798,FUR-FU-10000723,123.96,3,0.00,11.16,Central,Furniture
CA-2018-122196-0,CA-2018-122196,TEC-PH-10004977,391.98,2,0.00,113.67,East,Technology
CA-2018-142090-0,CA-2018-142090,TEC-AC-10002001,383.98,3,0.20,81.59,South,Technology
CA-2018-142090-1,CA-2018-142090,FUR-TA-10001889,1781.68,7,0.40,-653.28,South,Furniture
CA-2018-160934-0,CA-2018-160934,OFF-AR-10003504,21.40,5,0.00,6.21,West,Office Supplies
CA-2015-124478-0,CA-2015-124478,TEC-CO-10001571,549.99,1,0.00,275.00,Central,Technology
CA-2015-124478-1,CA-2015-124478,OFF-AP-10002495,167.53,3,0.10,37.23,Central,Office Supplies
CA-2015-124478-2,CA-2015-124478,OFF-EN-10002500,38.34,3,0.00,17.25,Central,Office Supplies
CA-2015-124478-3,CA-2015-124478,FUR-FU-10002088,53.88,6,0.00,22.63,Central,Furniture
CA-2015-124478-4,CA-2015-124478,TEC-PH-10001128,299.98,2,0.00,83.99,Central,Technology
CA-2016-145485-0,CA-2016-145485,OFF-ST-10000649,62.80,4,0.00,15.70,West,Office Supplies
CA-2018-151071-0,CA-2018-151071,OFF-BI-10002103,13.90,2,0.20,4.52,West,Office Supplies
CA-2015-134572-0,CA-2015-134572,FUR-TA-10001705,744.10,5,0.30,-95.67,Central,Furniture
CA-2015-134572-1,CA-2015-134572,OFF-ST-10004634,44.84,5,0.20,5.61,Central,Office Supplies
CA-2015-134572-2,CA-2015-134572,FUR-TA-10004442,401.59,2,0.30,-131.95,Central,Furniture
CA-2018-143217-0,CA-2018-143217,OFF-BI-10002949,18.24,3,0.00,8.57,Central,Office Supplies
US-2018-133312-0,US-2018-133312,FUR-BO-10002213,359.50,3,0.15,-29.61,West,Furniture
US-2018-133312-1,US-2018-133312,OFF-ST-10001325,10.48,1,0.00,2.83,West,Office Supplies
US-2016-137533-0,US-2016-137533,OFF-PA-10003441,20.74,4,0.20,7.26,East,Office Supplies
CA-2017-155138-0,CA-2017-155138,TEC-AC-10004209,35.17,4,0.20,8.35,South,Technology
CA-2017-155138-1,CA-2017-155138,OFF-PA-10000501,64.70,3,0.20,23.46,South,Office Supplies
CA-2017-108350-0,CA-2017-108350,OFF-PA-10003656,105.52,4,0.00,48.54,East,Office Supplies
CA-2016-144302-0,CA-2016-144302,OFF-BI-10001107,5.79,2,0.80,-9.56,Central,Office Supplies
CA-2016-109001-0,CA-2016-109001,TEC-PH-10000562,466.16,7,0.40,-93.23,East,Technology
CA-2016-109001-1,CA-2016-109001,TEC-AC-10001101,10.31,1,0.20,-1.29,East,Technology
CA-2016-109001-2,CA-2016-109001,OFF-BI-10003529,2.56,3,0.70,-1.79,East,Office Supplies
CA-2018-132738-0,CA-2018-132738,OFF-PA-10001752,7.97,2,0.20,2.89,West,Office Supplies
CA-2018-132738-1,CA-2018-132738,OFF-EN-10001141,8.78,1,0.20,3.18,West,Office Supplies
CA-2018-156720-0,CA-2018-156720,OFF-FA-10003472,3.02,3,0.20,-0.60,West,Office Supplies
CA-2016-119102-0,CA-2016-119102,OFF-ST-10004507,51.45,3,0.00,13.89,East,Office Supplies
US-2015-140452-0,US-2015-140452,OFF-AP-10004036,14.02,4,0.80,-31.54,Central,Office Supplies
US-2015-140452-1,US-2015-140452,FUR-TA-10004086,214.95,5,0.50,-120.37,Central,Furniture
US-2015-140452-2,US-2015-140452,TEC-PH-10000307,35.04,4,0.20,-7.01,Central,Technology
US-2015-140452-3,US-2015-140452,FUR-FU-10002088,10.78,3,0.60,-4.85,Central,Furniture
US-2015-140452-4,US-2015-140452,OFF-BI-10004965,4.60,2,0.80,-8.05,Central,Office Supplies
US-2015-140452-5,US-2015-140452,OFF-ST-10002485,35.17,2,0.20,-8.35,Central,Office Supplies
CA-2016-141936-0,CA-2016-141936,OFF-BI-10002194,19.15,3,0.20,6.46,West,Office Supplies
CA-2015-158442-0,CA-2015-158442,OFF-AR-10003732,4.45,2,0.20,0.33,Central,Office Supplies
CA-2015-158442-1,CA-2015-158442,OFF-PA-10002195,5.18,1,0.20,1.88,Central,Office Supplies
CA-2015-158442-2,CA-2015-158442,OFF-PA-10002365,15.55,3,0.20,5.44,Central,Office Supplies
CA-2016-167374-0,CA-2016-167374,OFF-PA-10001950,40.03,6,0.20,12.51,East,Office Supplies
CA-2016-167374-1,CA-2016-167374,TEC-AC-10004633,16.78,3,0.20,5.03,East,Technology
CA-2015-116568-0,CA-2015-116568,FUR-CH-10002439,186.30,4,0.20,13.97,South,Furniture
CA-2016-147102-0,CA-2016-147102,TEC-AC-10000682,66.36,4,0.00,23.23,South,Technology
CA-2018-132213-0,CA-2018-132213,OFF-AR-10004078,42.05,9,0.20,5.26,South,Office Supplies
CA-2018-132213-1,CA-2018-132213,OFF-AR-10001958,67.92,5,0.20,6.79,South,Office Supplies
CA-2015-138450-0,CA-2015-138450,OFF-EN-10001335,52.51,6,0.20,19.69,East,Office Supplies
CA-2015-138450-1,CA-2015-138450,OFF-ST-10003479,186.91,6,0.20,-35.05,East,Office Supplies
CA-2015-138450-2,CA-2015-138450,OFF-PA-10003016,10.05,4,0.20,3.14,East,Office Supplies
CA-2016-153073-0,CA-2016-153073,FUR-FU-10001025,17.50,9,0.60,-7.44,Central,Furniture
CA-2017-147970-0,CA-2017-147970,OFF-PA-10003936,15.55,3,0.20,5.44,Central,Office Supplies
CA-2017-150658-0,CA-2017-150658,OFF-BI-10004140,10.78,3,0.20,3.37,West,Office Supplies
CA-2018-125640-0,CA-2018-125640,OFF-LA-10004178,3.30,1,0.20,1.07,East,Office Supplies
CA-2018-154137-0,CA-2018-154137,OFF-ST-10003324,35.48,1,0.00,0.00,East,Office Supplies
CA-2016-127173-0,CA-2016-127173,OFF-FA-10004854,34.44,3,0.00,16.19,East,Office Supplies
CA-2016-127173-1,CA-2016-127173,TEC-MA-10002859,629.93,7,0.00,296.07,East,Technology
CA-2016-127173-2,CA-2016-127173,OFF-BI-10000088,79.06,9,0.20,28.66,East,Office Supplies
CA-2015-149538-0,CA-2015-149538,OFF-ST-10004180,232.55,5,0.00,9.30,South,Office Supplies
CA-2015-149538-1,CA-2015-149538,TEC-AC-10002926,99.98,2,0.00,42.99,South,Technology
CA-2015-149538-2,CA-2015-149538,OFF-PA-10003797,19.44,3,0.00,9.33,South,Office Supplies
CA-2015-149538-3,CA-2015-149538,OFF-PA-10002195,12.96,2,0.00,6.35,South,Office Supplies
CA-2015-160766-0,CA-2015-160766,FUR-TA-10001039,464.29,9,0.40,-108.33,East,Furniture
CA-2015-160766-1,CA-2015-160766,OFF-EN-10001099,68.46,7,0.00,31.49,East,Office Supplies
CA-2015-160766-2,CA-2015-160766,TEC-MA-10003979,2799.96,4,0.00,1371.98,East,Technology
CA-2015-160766-3,CA-2015-160766,OFF-AP-10002945,601.30,2,0.00,198.43,East,Office Supplies
CA-2015-160766-4,CA-2015-160766,TEC-PH-10001536,16.99,1,0.00,4.42,East,Technology
CA-2015-160766-5,CA-2015-160766,TEC-PH-10000526,287.97,3,0.00,80.63,East,Technology
CA-2015-160766-6,CA-2015-160766,OFF-PA-10000213,44.82,9,0.00,21.07,East,Office Supplies
CA-2018-146626-0,CA-2018-146626,FUR-FU-10002501,101.12,8,0.00,37.41,West,Furniture
CA-2016-123330-0,CA-2016-123330,TEC-PH-10001819,107.98,3,0.20,37.79,South,Technology
CA-2018-155607-0,CA-2018-155607,OFF-AP-10001962,58.73,7,0.00,14.68,East,Office Supplies
CA-2018-155607-1,CA-2018-155607,OFF-BI-10003364,93.34,4,0.20,32.67,East,Office Supplies
CA-2017-151323-0,CA-2017-151323,OFF-FA-10002983,17.05,5,0.00,8.18,West,Office Supplies
CA-2016-146696-0,CA-2016-146696,OFF-BI-10002432,8.10,2,0.20,2.73,West,Office Supplies
CA-2017-128972-0,CA-2017-128972,FUR-FU-10003096,30.36,4,0.00,13.05,Central,Furniture
CA-2018-128335-0,CA-2018-128335,OFF-EN-10001539,23.34,3,0.00,10.97,East,Office Supplies
CA-2018-128335-1,CA-2018-128335,OFF-PA-10004996,51.55,5,0.00,24.23,East,Office Supplies
CA-2016-154886-0,CA-2016-154886,TEC-AC-10001956,119.90,2,0.00,43.16,West,Technology
CA-2017-111213-0,CA-2017-111213,FUR-CH-10000454,1317.49,6,0.10,292.78,East,Furniture
CA-2017-111213-1,CA-2017-111213,OFF-SU-10000946,63.84,8,0.00,18.51,East,Office Supplies
CA-2017-111213-2,CA-2017-111213,OFF-BI-10004140,3.59,1,0.20,1.12,East,Office Supplies
CA-2018-161333-0,CA-2018-161333,FUR-FU-10003039,86.26,2,0.00,29.33,West,Furniture
CA-2018-161333-1,CA-2018-161333,OFF-ST-10000464,139.04,4,0.00,38.93,West,Office Supplies
CA-2018-161333-2,CA-2018-161333,OFF-AP-10000252,46.80,4,0.00,16.38,West,Office Supplies
CA-2018-128734-0,CA-2018-128734,FUR-FU-10001731,8.54,4,0.20,1.92,West,Furniture
CA-2018-128734-1,CA-2018-128734,FUR-CH-10001394,842.38,3,0.20,105.30,West,Furniture
CA-2015-141796-0,CA-2015-141796,TEC-PH-10001578,1214.85,3,0.00,352.31,East,Technology
CA-2018-125101-0,CA-2018-125101,OFF-ST-10000675,67.78,2,0.00,16.95,West,Office Supplies
CA-2018-169929-0,CA-2018-169929,OFF-ST-10002352,39.90,5,0.00,10.37,West,Office Supplies
US-2015-121566-0,US-2015-121566,OFF-BI-10004528,2.69,1,0.20,0.84,East,Office Supplies
US-2015-121566-1,US-2015-121566,OFF-AR-10001026,6.60,3,0.00,2.90,East,Office Supplies
US-2016-124219-0,US-2016-124219,OFF-BI-10002215,28.40,4,0.00,13.06,Central,Office Supplies
US-2016-124219-1,US-2016-124219,FUR-FU-10000305,212.94,3,0.00,34.07,Central,Furniture
CA-2018-163006-0,CA-2018-163006,TEC-PH-10002584,1001.58,2,0.20,125.20,Central,Technology
CA-2018-163006-1,CA-2018-163006,FUR-CH-10000229,569.06,3,0.30,-178.85,Central,Furniture
CA-2018-163006-2,CA-2018-163006,FUR-FU-10003799,14.22,2,0.60,-10.31,Central,Furniture
CA-2016-156146-0,CA-2016-156146,TEC-PH-10001700,105.58,2,0.20,9.24,West,Technology
CA-2016-156146-1,CA-2016-156146,TEC-PH-10001527,68.72,2,0.20,-14.60,West,Technology
CA-2015-111192-0,CA-2015-111192,FUR-BO-10002916,1367.84,8,0.00,259.89,West,Furniture
CA-2017-115378-0,CA-2017-115378,FUR-CH-10000863,301.96,2,0.00,33.22,Central,Furniture
CA-2016-161627-0,CA-2016-161627,FUR-CH-10003968,170.35,3,0.20,-17.04,West,Furniture
CA-2015-121006-0,CA-2015-121006,OFF-AR-10001149,3.90,2,0.00,1.52,Central,Office Supplies
CA-2015-121006-1,CA-2015-121006,OFF-PA-10000130,12.84,3,0.00,5.78,Central,Office Supplies
CA-2015-121006-2,CA-2015-121006,OFF-PA-10002479,15.84,3,0.00,7.13,Central,Office Supplies
CA-2015-121006-3,CA-2015-121006,FUR-CH-10004997,563.94,3,0.00,112.79,Central,Furniture
CA-2015-121006-4,CA-2015-121006,OFF-ST-10004950,62.94,3,0.00,11.96,Central,Office Supplies
CA-2015-121006-5,CA-2015-121006,OFF-ST-10001490,535.41,3,0.00,160.62,Central,Office Supplies
CA-2017-122903-0,CA-2017-122903,FUR-CH-10002024,3504.90,5,0.00,700.98,Central,Furniture
CA-2017-122903-1,CA-2017-122903,OFF-PA-10001790,144.12,3,0.00,69.18,Central,Office Supplies
CA-2017-122903-2,CA-2017-122903,OFF-PA-10000994,314.55,3,0.00,150.98,Central,Office Supplies
CA-2016-107741-0,CA-2016-107741,OFF-AR-10002399,3.41,1,0.20,0.89,West,Office Supplies
CA-2018-106432-0,CA-2018-106432,OFF-BI-10002799,2.07,2,0.80,-3.52,Central,Office Supplies
CA-2018-106432-1,CA-2018-106432,FUR-BO-10004360,328.40,3,0.32,-91.76,Central,Furniture
CA-2017-148908-0,CA-2017-148908,OFF-BI-10002082,53.25,2,0.20,19.97,West,Office Supplies
CA-2017-123015-0,CA-2017-123015,OFF-BI-10004967,4.99,3,0.20,1.68,East,Office Supplies
US-2016-120502-0,US-2016-120502,FUR-FU-10004973,37.68,2,0.00,15.83,West,Furniture
US-2016-120502-1,US-2016-120502,TEC-PH-10003645,258.58,2,0.20,19.39,West,Technology
US-2016-120502-2,US-2016-120502,OFF-AP-10004980,75.84,2,0.00,29.58,West,Office Supplies
CA-2018-108749-0,CA-2018-108749,OFF-PA-10003797,45.36,7,0.00,21.77,East,Office Supplies
CA-2018-108749-1,CA-2018-108749,OFF-BI-10003707,45.78,3,0.00,22.89,East,Office Supplies
CA-2018-163335-0,CA-2018-163335,OFF-ST-10000885,40.29,3,0.00,10.07,South,Office Supplies
CA-2018-163335-1,CA-2018-163335,OFF-BI-10002827,38.71,7,0.00,17.81,South,Office Supplies
CA-2016-134719-0,CA-2016-134719,OFF-ST-10004459,1801.63,6,0.20,-337.81,South,Office Supplies
US-2016-154389-0,US-2016-154389,TEC-PH-10002789,748.75,8,0.40,-162.23,East,Technology
CA-2016-115567-0,CA-2016-115567,TEC-AC-10001314,199.96,4,0.00,16.00,Central,Technology
CA-2016-115567-1,CA-2016-115567,FUR-CH-10000015,1516.20,7,0.00,394.21,Central,Furniture
US-2018-136679-0,US-2018-136679,TEC-AC-10004855,167.95,6,0.20,-27.29,Central,Technology
US-2018-136679-1,US-2018-136679,OFF-AR-10003582,45.04,2,0.20,4.50,Central,Office Supplies
US-2018-141943-0,US-2018-141943,OFF-EN-10003448,23.16,2,0.00,11.58,West,Office Supplies
CA-2015-101560-0,CA-2015-101560,FUR-FU-10003773,397.60,5,0.00,43.74,South,Furniture
CA-2015-101560-1,CA-2015-101560,OFF-PA-10001363,85.96,7,0.00,40.40,South,Office Supplies
CA-2015-101560-2,CA-2015-101560,OFF-AR-10004757,13.12,4,0.00,4.33,South,Office Supplies
CA-2015-101560-3,CA-2015-101560,OFF-BI-10000309,45.66,3,0.00,22.37,South,Office Supplies
CA-2015-159709-0,CA-2015-159709,OFF-EN-10001434,158.13,3,0.00,77.48,West,Office Supplies
CA-2015-159709-1,CA-2015-159709,TEC-PH-10003988,43.60,5,0.20,4.36,West,Technology
CA-2017-103982-0,CA-2017-103982,OFF-SU-10000151,3930.07,3,0.20,-786.01,Central,Office Supplies
CA-2017-103982-1,CA-2017-103982,OFF-FA-10001332,2.30,1,0.20,0.78,Central,Office Supplies
CA-2017-103982-2,CA-2017-103982,TEC-PH-10000895,431.98,3,0.20,32.40,Central,Technology
CA-2017-103982-3,CA-2017-103982,TEC-AC-10002857,41.72,7,0.20,5.74,Central,Technology
CA-2016-142454-0,CA-2016-142454,FUR-FU-10004018,104.23,7,0.00,28.14,West,Furniture
CA-2016-142454-1,CA-2016-142454,OFF-ST-10003638,70.26,3,0.00,18.97,West,Office Supplies
CA-2016-102016-0,CA-2016-102016,OFF-AR-10004685,9.26,2,0.00,3.06,East,Office Supplies
CA-2016-102016-1,CA-2016-102016,OFF-ST-10001713,105.98,2,0.00,4.24,East,Office Supplies
CA-2016-102016-2,CA-2016-102016,OFF-FA-10000490,1.24,1,0.00,0.58,East,Office Supplies
CA-2016-102016-3,CA-2016-102016,OFF-LA-10002043,20.70,2,0.00,9.94,East,Office Supplies
CA-2016-102016-4,CA-2016-102016,OFF-PA-10002464,28.90,5,0.00,14.16,East,Office Supplies
CA-2016-102016-5,CA-2016-102016,OFF-EN-10002504,27.18,1,0.00,12.77,East,Office Supplies
CA-2016-156755-0,CA-2016-156755,OFF-ST-10002615,465.18,3,0.00,120.95,East,Office Supplies
CA-2016-130876-0,CA-2016-130876,OFF-ST-10004258,36.63,3,0.00,9.89,East,Office Supplies
CA-2017-145898-0,CA-2017-145898,OFF-ST-10004507,51.45,3,0.00,13.89,West,Office Supplies
CA-2017-145898-1,CA-2017-145898,OFF-LA-10000262,7.83,3,0.00,3.60,West,Office Supplies
CA-2017-145898-2,CA-2017-145898,OFF-AR-10002445,35.40,5,0.00,13.45,West,Office Supplies
CA-2017-145898-3,CA-2017-145898,OFF-PA-10001667,29.90,5,0.00,13.46,West,Office Supplies
US-2018-159562-0,US-2018-159562,OFF-EN-10000461,17.48,2,0.00,8.22,Central,Office Supplies
CA-2018-134635-0,CA-2018-134635,OFF-PA-10002254,79.14,3,0.00,36.40,West,Office Supplies
CA-2018-167080-0,CA-2018-167080,OFF-AR-10001868,8.40,5,0.00,4.20,East,Office Supplies
CA-2018-145653-0,CA-2018-145653,FUR-CH-10004875,498.26,7,0.00,134.53,Central,Furniture
CA-2015-140487-0,CA-2015-140487,FUR-BO-10000711,212.94,3,0.00,57.49,Central,Furniture
CA-2018-117401-0,CA-2018-117401,OFF-AP-10000938,706.86,7,0.00,197.92,Central,Office Supplies
CA-2018-117401-1,CA-2018-117401,TEC-PH-10003555,114.95,5,0.00,2.30,Central,Technology
CA-2018-117401-2,CA-2018-117401,OFF-BI-10001267,43.19,7,0.00,20.73,Central,Office Supplies
US-2018-109582-0,US-2018-109582,OFF-PA-10004071,166.44,3,0.00,79.89,West,Office Supplies
CA-2017-119865-0,CA-2017-119865,OFF-BI-10001553,36.56,5,0.20,12.80,East,Office Supplies
CA-2017-119865-1,CA-2017-119865,OFF-BI-10003007,186.14,6,0.20,60.50,East,Office Supplies
CA-2017-119865-2,CA-2017-119865,FUR-BO-10003272,353.57,2,0.20,-44.20,East,Furniture
US-2015-147648-0,US-2015-147648,OFF-PA-10001033,81.98,2,0.00,40.17,West,Office Supplies
CA-2018-124436-0,CA-2018-124436,OFF-BI-10001553,14.62,2,0.20,5.12,West,Office Supplies
CA-2018-124436-1,CA-2018-124436,FUR-TA-10001095,697.16,5,0.20,8.71,West,Furniture
CA-2018-124436-2,CA-2018-124436,FUR-FU-10001185,30.93,1,0.00,12.68,West,Furniture
CA-2018-124436-3,CA-2018-124436,OFF-BI-10000343,27.50,7,0.20,9.28,West,Office Supplies
CA-2015-115084-0,CA-2015-115084,FUR-CH-10004626,605.34,6,0.00,145.28,South,Furniture
CA-2018-131037-0,CA-2018-131037,FUR-TA-10001768,210.01,1,0.20,2.63,West,Furniture
CA-2017-111143-0,CA-2017-111143,OFF-AP-10001947,54.96,3,0.00,15.94,Central,Office Supplies
CA-2015-166744-0,CA-2015-166744,FUR-FU-10004952,164.22,3,0.00,50.91,East,Furniture
CA-2015-166744-1,CA-2015-166744,FUR-BO-10001337,362.94,3,0.00,36.29,East,Furniture
CA-2015-166744-2,CA-2015-166744,TEC-AC-10003628,59.98,2,0.00,26.39,East,Technology
CA-2017-116561-0,CA-2017-116561,OFF-ST-10004186,332.94,3,0.00,6.66,West,Office Supplies
CA-2017-116561-1,CA-2017-116561,OFF-BI-10001658,39.87,2,0.20,12.96,West,Office Supplies
CA-2017-110730-0,CA-2017-110730,OFF-SU-10004737,13.68,2,0.00,3.69,West,Office Supplies
CA-2018-146367-0,CA-2018-146367,OFF-BI-10002827,3.32,3,0.80,-5.64,Central,Office Supplies
CA-2017-149454-0,CA-2017-149454,OFF-BI-10003694,10.44,1,0.00,4.80,South,Office Supplies
CA-2017-156265-0,CA-2017-156265,FUR-TA-10001691,136.46,2,0.20,15.35,West,Furniture
CA-2017-156265-1,CA-2017-156265,TEC-PH-10001918,333.58,3,0.20,33.36,West,Technology
CA-2017-156265-2,CA-2017-156265,OFF-BI-10000285,12.54,2,0.20,4.70,West,Office Supplies
US-2016-168914-0,US-2016-168914,OFF-AP-10000358,20.77,8,0.80,-52.96,Central,Office Supplies
US-2018-110989-0,US-2018-110989,TEC-AC-10002345,43.50,3,0.00,10.88,West,Technology
CA-2016-106215-0,CA-2016-106215,OFF-FA-10001229,12.58,4,0.20,4.09,East,Office Supplies
US-2017-169369-0,US-2017-169369,TEC-AC-10001314,249.95,5,0.00,20.00,South,Technology
US-2017-169369-1,US-2017-169369,OFF-PA-10004438,49.12,4,0.00,23.09,South,Office Supplies
CA-2016-132318-0,CA-2016-132318,OFF-AP-10000026,182.91,3,0.00,53.04,South,Office Supplies
US-2015-131982-0,US-2015-131982,OFF-BI-10004224,107.65,2,0.20,33.64,West,Office Supplies
CA-2016-125185-0,CA-2016-125185,FUR-CH-10002647,99.37,2,0.30,-7.10,East,Furniture
CA-2016-125185-1,CA-2016-125185,FUR-FU-10003247,33.57,2,0.20,-5.45,East,Furniture
CA-2017-130078-0,CA-2017-130078,OFF-PA-10003270,10.56,2,0.00,4.75,Central,Office Supplies
US-2018-114034-0,US-2018-114034,OFF-PA-10004735,38.88,6,0.00,18.66,West,Office Supplies
US-2018-115595-0,US-2018-115595,OFF-PA-10001745,35.20,5,0.00,16.54,West,Office Supplies
CA-2018-158722-0,CA-2018-158722,OFF-PA-10000176,45.53,3,0.20,15.93,East,Office Supplies
CA-2015-105165-0,CA-2015-105165,TEC-PH-10000675,196.78,3,0.20,14.76,Central,Technology
CA-2015-105165-1,CA-2015-105165,OFF-BI-10000050,2.92,2,0.80,-4.82,Central,Office Supplies
CA-2015-105165-2,CA-2015-105165,FUR-TA-10004154,200.79,1,0.30,-22.95,Central,Furniture
CA-2015-105165-3,CA-2015-105165,TEC-AC-10002718,46.69,4,0.20,-2.92,Central,Technology
CA-2015-105165-4,CA-2015-105165,OFF-AR-10003179,21.86,3,0.20,3.55,Central,Office Supplies
CA-2018-147452-0,CA-2018-147452,OFF-PA-10001838,11.76,2,0.00,5.76,West,Office Supplies
CA-2018-147452-1,CA-2018-147452,OFF-PA-10004039,167.94,3,0.00,82.29,West,Office Supplies
CA-2018-147452-2,CA-2018-147452,OFF-AP-10001626,3.89,1,0.00,1.01,West,Office Supplies
US-2018-114657-0,US-2018-114657,TEC-MA-10003173,52.44,4,0.00,24.12,East,Technology
CA-2018-144484-0,CA-2018-144484,FUR-FU-10000260,32.36,4,0.00,11.65,West,Furniture
CA-2018-144484-1,CA-2018-144484,OFF-AP-10004487,406.60,5,0.00,113.85,West,Office Supplies
CA-2018-125913-0,CA-2018-125913,FUR-FU-10001487,27.92,4,0.00,8.10,West,Furniture
CA-2018-125913-1,CA-2018-125913,FUR-TA-10001520,399.67,7,0.20,-14.99,West,Furniture
US-2017-158309-0,US-2017-158309,OFF-BI-10000145,3.74,4,0.70,-2.62,South,Office Supplies
CA-2016-162887-0,CA-2016-162887,FUR-CH-10000595,715.20,3,0.00,178.80,East,Furniture
CA-2018-147333-0,CA-2018-147333,TEC-AC-10004469,159.80,4,0.00,70.31,South,Technology
CA-2018-147333-1,CA-2018-147333,TEC-AC-10003038,44.75,5,0.00,8.50,South,Technology
CA-2015-113859-0,CA-2015-113859,FUR-CH-10004698,340.12,6,0.30,-9.72,Central,Furniture
CA-2015-159681-0,CA-2015-159681,OFF-PA-10003641,105.52,4,0.00,48.54,South,Office Supplies
US-2018-104094-0,US-2018-104094,TEC-AC-10002134,13.48,1,0.00,1.89,Central,Technology
CA-2018-152709-0,CA-2018-152709,OFF-ST-10001837,85.52,2,0.00,22.24,Central,Office Supplies
CA-2016-105158-0,CA-2016-105158,FUR-FU-10001706,6.16,2,0.00,2.96,Central,Furniture
CA-2016-105158-1,CA-2016-105158,OFF-PA-10001970,36.84,3,0.00,17.31,Central,Office Supplies
CA-2015-133424-0,CA-2015-133424,OFF-ST-10002957,15.84,3,0.00,0.00,West,Office Supplies
CA-2015-133424-1,CA-2015-133424,OFF-LA-10002312,44.40,3,0.00,22.20,West,Office Supplies
CA-2018-105991-0,CA-2018-105991,OFF-EN-10002600,21.24,9,0.20,7.43,West,Office Supplies
CA-2018-105991-1,CA-2018-105991,OFF-BI-10003274,9.55,8,0.70,-7.32,West,Office Supplies
CA-2018-105991-2,CA-2018-105991,FUR-BO-10004467,89.99,3,0.70,-152.98,West,Furniture
US-2018-136784-0,US-2018-136784,OFF-PA-10000675,163.96,4,0.00,80.34,West,Office Supplies
CA-2015-146283-0,CA-2015-146283,OFF-PA-10002259,17.90,2,0.20,6.27,Central,Office Supplies
CA-2015-146283-1,CA-2015-146283,FUR-CH-10004287,966.70,5,0.30,-13.81,Central,Furniture
CA-2015-146283-2,CA-2015-146283,OFF-PA-10000482,182.11,6,0.20,61.46,Central,Office Supplies
CA-2018-151218-0,CA-2018-151218,OFF-ST-10004835,4.46,1,0.20,0.33,South,Office Supplies
CA-2016-111073-0,CA-2016-111073,FUR-TA-10004086,51.59,1,0.40,-15.48,East,Furniture
CA-2018-144883-0,CA-2018-144883,OFF-LA-10000305,50.40,8,0.00,23.18,Central,Office Supplies
CA-2018-142174-0,CA-2018-142174,OFF-PA-10000806,89.57,2,0.20,32.47,Central,Office Supplies
CA-2018-108791-0,CA-2018-108791,FUR-FU-10004018,14.89,1,0.00,4.02,East,Furniture
CA-2018-108791-1,CA-2018-108791,TEC-PH-10002660,543.92,8,0.00,135.98,East,Technology
CA-2017-106656-0,CA-2017-106656,OFF-EN-10001509,4.08,2,0.00,1.92,West,Office Supplies
CA-2017-106656-1,CA-2017-106656,OFF-LA-10003148,18.90,3,0.00,8.69,West,Office Supplies
CA-2017-113831-0,CA-2017-113831,FUR-TA-10002645,2275.50,10,0.00,386.83,South,Furniture
CA-2017-113831-1,CA-2017-113831,TEC-AC-10003033,1979.70,6,0.00,653.30,South,Technology
CA-2017-113831-2,CA-2017-113831,OFF-LA-10001297,62.10,6,0.00,29.81,South,Office Supplies
US-2015-139500-0,US-2015-139500,FUR-CH-10002017,37.30,2,0.30,-1.07,Central,Furniture
US-2015-166310-0,US-2015-166310,FUR-FU-10001546,8.54,2,0.60,-7.48,Central,Furniture
US-2017-168410-0,US-2017-168410,FUR-FU-10000629,68.95,5,0.00,28.96,East,Furniture
US-2017-168410-1,US-2017-168410,OFF-ST-10000036,296.37,3,0.00,80.02,East,Office Supplies
US-2017-168410-2,US-2017-168410,TEC-PH-10002583,39.98,2,0.00,2.00,East,Technology
CA-2018-131254-0,CA-2018-131254,FUR-CH-10003774,191.06,3,0.30,-46.40,Central,Furniture
CA-2018-131254-1,CA-2018-131254,OFF-AR-10003876,13.04,5,0.20,3.91,Central,Office Supplies
CA-2018-131254-2,CA-2018-131254,OFF-BI-10003527,1525.19,6,0.80,-2287.78,Central,Office Supplies
CA-2017-123414-0,CA-2017-123414,OFF-LA-10004559,9.22,4,0.20,3.34,South,Office Supplies
CA-2017-123414-1,CA-2017-123414,OFF-SU-10002573,28.05,2,0.20,3.51,South,Office Supplies
CA-2018-137876-0,CA-2018-137876,FUR-FU-10000222,64.96,2,0.00,21.44,West,Furniture
CA-2018-137876-1,CA-2018-137876,OFF-EN-10001219,30.56,4,0.00,14.97,West,Office Supplies
CA-2017-154060-0,CA-2017-154060,FUR-CH-10002304,187.06,9,0.20,11.69,South,Furniture
US-2018-162558-0,US-2018-162558,FUR-FU-10002364,11.81,2,0.20,1.33,South,Furniture
US-2018-162558-1,US-2018-162558,FUR-FU-10004864,9.66,1,0.20,1.57,South,Furniture
US-2018-162558-2,US-2018-162558,OFF-PA-10003172,20.74,4,0.20,7.26,South,Office Supplies
US-2018-162558-3,US-2018-162558,OFF-BI-10000977,27.36,3,0.70,-21.89,South,Office Supplies
US-2018-162558-4,US-2018-162558,FUR-TA-10000198,2314.12,7,0.40,-1002.78,South,Furniture
US-2018-162558-5,US-2018-162558,OFF-BI-10003984,34.24,4,0.70,-26.25,South,Office Supplies
US-2018-162558-6,US-2018-162558,FUR-FU-10003691,19.76,2,0.20,5.93,South,Furniture
CA-2018-134439-0,CA-2018-134439,OFF-PA-10004082,15.96,2,0.00,7.98,Central,Office Supplies
CA-2016-119508-0,CA-2016-119508,OFF-AR-10003723,16.90,5,0.00,6.25,West,Office Supplies
CA-2016-119508-1,CA-2016-119508,FUR-FU-10004270,25.08,6,0.00,9.03,West,Furniture
CA-2016-152681-0,CA-2016-152681,OFF-AR-10003183,6.68,2,0.00,2.00,East,Office Supplies
CA-2015-130813-0,CA-2015-130813,OFF-PA-10002005,19.44,3,0.00,9.33,West,Office Supplies
CA-2016-120320-0,CA-2016-120320,TEC-PH-10000149,31.92,2,0.20,2.39,Central,Technology
CA-2017-111941-0,CA-2017-111941,OFF-BI-10001524,33.57,2,0.20,11.75,East,Office Supplies
CA-2017-123120-0,CA-2017-123120,FUR-FU-10004748,63.94,1,0.00,24.94,East,Furniture
CA-2017-123120-1,CA-2017-123120,OFF-BI-10001460,60.60,5,0.20,20.45,East,Office Supplies
CA-2017-123120-2,CA-2017-123120,OFF-SU-10002503,22.72,4,0.00,6.59,East,Office Supplies
CA-2015-103331-0,CA-2015-103331,FUR-FU-10001731,10.68,4,0.00,4.06,East,Furniture
CA-2015-103331-1,CA-2015-103331,OFF-PA-10002160,17.34,3,0.00,8.50,East,Office Supplies
CA-2015-103331-2,CA-2015-103331,OFF-PA-10002659,3.38,1,0.00,1.55,East,Office Supplies
CA-2016-169278-0,CA-2016-169278,OFF-BI-10001636,26.98,4,0.20,8.77,West,Office Supplies
CA-2018-111577-0,CA-2018-111577,OFF-PA-10000062,307.78,7,0.20,111.57,West,Office Supplies
CA-2016-146486-0,CA-2016-146486,OFF-ST-10002554,244.55,5,0.00,4.89,East,Office Supplies
CA-2016-146486-1,CA-2016-146486,OFF-EN-10001509,12.24,6,0.00,5.75,East,Office Supplies
CA-2016-146486-2,CA-2016-146486,TEC-AC-10002018,13.98,2,0.00,6.01,East,Technology
CA-2016-146486-3,CA-2016-146486,TEC-AC-10002637,899.95,5,0.00,54.00,East,Technology
US-2015-168501-0,US-2015-168501,OFF-EN-10001509,1.63,1,0.20,0.55,Central,Office Supplies
US-2015-168501-1,US-2015-168501,TEC-PH-10004922,267.96,5,0.20,16.75,Central,Technology
CA-2016-112053-0,CA-2016-112053,TEC-AC-10002550,31.95,1,0.00,2.24,East,Technology
CA-2018-108539-0,CA-2018-108539,OFF-ST-10003208,725.84,4,0.00,210.49,West,Office Supplies
CA-2018-108539-1,CA-2018-108539,OFF-BI-10003981,10.90,3,0.20,3.95,West,Office Supplies
CA-2018-108539-2,CA-2018-108539,OFF-BI-10001031,8.54,2,0.20,2.88,West,Office Supplies
CA-2016-149811-0,CA-2016-149811,OFF-BI-10003676,32.34,3,0.00,15.52,Central,Office Supplies
CA-2016-149811-1,CA-2016-149811,OFF-PA-10004082,39.90,5,0.00,19.95,Central,Office Supplies
US-2018-103814-0,US-2018-103814,OFF-PA-10001019,143.86,9,0.20,48.55,Central,Office Supplies
CA-2017-123932-0,CA-2017-123932,OFF-PA-10004665,41.92,4,0.20,15.20,Central,Office Supplies
CA-2017-123932-1,CA-2017-123932,TEC-PH-10002447,329.58,2,0.20,37.08,Central,Technology
US-2017-101616-0,US-2017-101616,OFF-BI-10000014,87.28,8,0.00,41.02,South,Office Supplies
CA-2015-113768-0,CA-2015-113768,FUR-CH-10002439,279.46,6,0.20,20.96,West,Furniture
CA-2015-113768-1,CA-2015-113768,OFF-PA-10003063,8.00,2,0.00,3.84,West,Office Supplies
CA-2017-138037-0,CA-2017-138037,OFF-BI-10002982,27.24,5,0.20,9.53,West,Office Supplies
CA-2015-150490-0,CA-2015-150490,TEC-AC-10004510,16.36,1,0.00,1.64,West,Technology
CA-2015-150490-1,CA-2015-150490,OFF-ST-10000321,15.78,2,0.00,0.63,West,Office Supplies
CA-2015-150490-2,CA-2015-150490,OFF-AR-10004602,45.98,2,0.00,12.87,West,Office Supplies
US-2018-126060-0,US-2018-126060,FUR-BO-10003433,198.27,8,0.20,-32.22,South,Furniture
CA-2018-100951-0,CA-2018-100951,OFF-ST-10001496,720.76,5,0.20,54.06,Central,Office Supplies
CA-2017-122017-0,CA-2017-122017,FUR-FU-10000672,70.56,6,0.00,23.99,Central,Furniture
CA-2017-122017-1,CA-2017-122017,OFF-AP-10001293,81.96,2,0.00,22.95,Central,Office Supplies
CA-2015-123477-0,CA-2015-123477,OFF-AP-10000692,64.86,4,0.20,6.49,West,Office Supplies
CA-2017-107790-0,CA-2017-107790,TEC-PH-10004539,151.19,1,0.20,13.23,Central,Technology
CA-2018-158071-0,CA-2018-158071,TEC-PH-10002923,88.78,3,0.20,7.77,West,Technology
CA-2018-158071-1,CA-2018-158071,OFF-LA-10004689,11.56,4,0.00,5.43,West,Office Supplies
CA-2018-158071-2,CA-2018-158071,OFF-ST-10001228,15.58,1,0.00,3.90,West,Office Supplies
CA-2018-147403-0,CA-2018-147403,OFF-PA-10003302,85.06,3,0.20,28.71,East,Office Supplies
US-2018-136721-0,US-2018-136721,FUR-FU-10004665,273.96,2,0.00,71.23,Central,Furniture
US-2018-136721-1,US-2018-136721,FUR-FU-10004188,306.90,3,0.00,79.79,Central,Furniture
CA-2016-118738-0,CA-2016-118738,OFF-PA-10003177,15.55,3,0.20,5.44,Central,Office Supplies
CA-2016-118738-1,CA-2016-118738,FUR-TA-10002607,347.36,7,0.30,-69.47,Central,Furniture
CA-2016-118738-2,CA-2016-118738,OFF-PA-10001166,10.37,2,0.20,3.63,Central,Office Supplies
CA-2018-134152-0,CA-2018-134152,TEC-AC-10004510,98.16,6,0.00,9.82,West,Technology
CA-2018-134152-1,CA-2018-134152,OFF-AR-10004062,31.44,3,0.00,7.86,West,Office Supplies
CA-2015-125542-0,CA-2015-125542,OFF-EN-10000056,348.49,7,0.20,117.61,East,Office Supplies
CA-2015-125542-1,CA-2015-125542,OFF-ST-10001469,172.74,4,0.20,-30.23,East,Office Supplies
CA-2017-136021-0,CA-2017-136021,OFF-PA-10000551,15.54,3,0.00,7.61,West,Office Supplies
CA-2017-136021-1,CA-2017-136021,TEC-MA-10000423,105.55,6,0.20,35.62,West,Technology
CA-2017-149195-0,CA-2017-149195,OFF-PA-10001870,25.92,5,0.20,9.07,Central,Office Supplies
CA-2017-149195-1,CA-2017-149195,OFF-FA-10001843,15.81,8,0.20,5.34,Central,Office Supplies
CA-2017-149195-2,CA-2017-149195,OFF-PA-10002036,10.37,2,0.20,3.76,Central,Office Supplies
CA-2018-161410-0,CA-2018-161410,TEC-PH-10001760,358.20,3,0.40,41.79,East,Technology
CA-2018-161410-1,CA-2018-161410,TEC-PH-10000673,545.92,14,0.40,72.79,East,Technology
CA-2018-152786-0,CA-2018-152786,OFF-BI-10000829,40.41,9,0.00,18.59,South,Office Supplies
CA-2018-164707-0,CA-2018-164707,TEC-PH-10001924,167.98,3,0.20,10.50,West,Technology
CA-2018-164707-1,CA-2018-164707,TEC-AC-10004864,109.53,3,0.00,47.10,West,Technology
CA-2018-164707-2,CA-2018-164707,OFF-LA-10004345,9.82,2,0.00,4.81,West,Office Supplies
CA-2018-163874-0,CA-2018-163874,OFF-BI-10000088,26.35,3,0.20,9.55,West,Office Supplies
US-2015-123183-0,US-2015-123183,OFF-LA-10002787,22.50,6,0.00,10.80,East,Office Supplies
US-2015-123183-1,US-2015-123183,OFF-LA-10001569,9.96,2,0.00,4.58,East,Office Supplies
US-2015-123183-2,US-2015-123183,OFF-BI-10002429,213.08,7,0.00,102.28,East,Office Supplies
US-2015-123183-3,US-2015-123183,FUR-BO-10000362,1025.88,6,0.00,235.95,East,Furniture
CA-2015-104829-0,CA-2015-104829,OFF-PA-10003016,21.98,7,0.00,9.89,West,Office Supplies
US-2017-147340-0,US-2017-147340,FUR-FU-10002501,63.20,5,0.00,23.38,West,Furniture
CA-2017-145492-0,CA-2017-145492,OFF-AP-10003622,39.00,12,0.00,11.31,West,Office Supplies
CA-2017-163202-0,CA-2017-163202,OFF-BI-10002764,2.91,3,0.70,-2.03,East,Office Supplies
CA-2017-117681-0,CA-2017-117681,FUR-BO-10001798,556.66,5,0.15,6.55,West,Furniture
CA-2018-132262-0,CA-2018-132262,TEC-AC-10000158,71.98,2,0.00,15.12,West,Technology
CA-2018-132262-1,CA-2018-132262,TEC-AC-10000303,79.98,2,0.00,26.39,West,Technology
CA-2018-123043-0,CA-2018-123043,OFF-BI-10003910,24.67,4,0.20,7.71,East,Office Supplies
CA-2018-123043-1,CA-2018-123043,OFF-BI-10000138,3.74,1,0.20,1.31,East,Office Supplies
US-2017-143280-0,US-2017-143280,TEC-PH-10002398,445.96,5,0.20,55.74,West,Technology
US-2017-143280-1,US-2017-143280,TEC-AC-10003399,36.24,1,0.00,15.22,West,Technology
US-2017-143280-2,US-2017-143280,OFF-FA-10000992,10.65,3,0.00,5.01,West,Office Supplies
CA-2018-108854-0,CA-2018-108854,OFF-PA-10003022,87.92,4,0.00,40.44,West,Office Supplies
CA-2018-108854-1,CA-2018-108854,OFF-BI-10002854,22.42,1,0.20,8.41,West,Office Supplies
CA-2018-108854-2,CA-2018-108854,OFF-BI-10001670,90.48,3,0.20,33.93,West,Office Supplies
CA-2018-108854-3,CA-2018-108854,OFF-ST-10001837,42.76,1,0.00,11.12,West,Office Supplies
CA-2018-166856-0,CA-2018-166856,OFF-BI-10002012,10.08,7,0.20,3.53,West,Office Supplies
CA-2018-166856-1,CA-2018-166856,TEC-AC-10004992,101.34,3,0.00,8.11,West,Technology
CA-2017-153157-0,CA-2017-153157,TEC-PH-10003171,224.75,5,0.00,62.93,Central,Technology
US-2018-125647-0,US-2018-125647,OFF-AP-10000390,73.18,6,0.80,-197.58,Central,Office Supplies
US-2018-125647-1,US-2018-125647,OFF-PA-10004888,20.74,4,0.20,7.26,Central,Office Supplies
US-2018-125647-2,US-2018-125647,TEC-PH-10004188,39.98,2,0.20,-9.00,Central,Technology
CA-2015-132542-0,CA-2015-132542,OFF-BI-10004099,15.36,2,0.00,7.68,Central,Office Supplies
CA-2016-110877-0,CA-2016-110877,OFF-PA-10004621,36.29,7,0.20,12.70,Central,Office Supplies
CA-2016-110877-1,CA-2016-110877,TEC-PH-10002103,150.38,2,0.20,15.04,Central,Technology
US-2017-151827-0,US-2017-151827,TEC-PH-10002789,280.78,3,0.40,-60.84,East,Technology
US-2017-151827-1,US-2017-151827,TEC-AC-10003289,31.98,2,0.20,1.20,East,Technology
US-2017-163258-0,US-2017-163258,OFF-BI-10000138,11.23,3,0.20,3.93,West,Office Supplies
CA-2018-103009-0,CA-2018-103009,OFF-PA-10001215,26.40,5,0.00,11.88,South,Office Supplies
US-2018-120649-0,US-2018-120649,OFF-AR-10001545,3.52,2,0.00,1.02,East,Office Supplies
CA-2017-153598-0,CA-2017-153598,TEC-AC-10003870,1649.95,5,0.00,659.98,West,Technology
CA-2017-153598-1,CA-2017-153598,FUR-FU-10001085,111.90,6,0.00,51.47,West,Furniture
US-2017-108497-0,US-2017-108497,FUR-BO-10004218,599.16,5,0.15,35.24,West,Furniture
CA-2017-113096-0,CA-2017-113096,OFF-ST-10003455,46.53,3,0.00,12.10,West,Office Supplies
CA-2015-136861-0,CA-2015-136861,FUR-FU-10001967,31.98,2,0.20,2.00,South,Furniture
CA-2018-117422-0,CA-2018-117422,OFF-AP-10000938,161.57,2,0.20,16.16,East,Office Supplies
CA-2018-117422-1,CA-2018-117422,OFF-PA-10002195,4.06,1,0.20,1.37,East,Office Supplies
CA-2018-117422-2,CA-2018-117422,OFF-BI-10002799,6.22,4,0.70,-4.97,East,Office Supplies
CA-2018-129707-0,CA-2018-129707,OFF-AR-10000246,8.90,4,0.20,0.67,West,Office Supplies
CA-2016-160171-0,CA-2016-160171,OFF-AP-10000275,1640.70,5,0.00,459.40,West,Office Supplies
CA-2016-160171-1,CA-2016-160171,TEC-AC-10000892,270.00,3,0.00,97.20,West,Technology
CA-2015-103317-0,CA-2015-103317,FUR-FU-10001591,19.52,2,0.20,5.37,South,Furniture
CA-2015-103317-1,CA-2015-103317,OFF-BI-10001787,9.81,5,0.70,-6.87,South,Office Supplies
CA-2015-103317-2,CA-2015-103317,FUR-FU-10003192,213.22,3,0.20,15.99,South,Furniture
CA-2017-167115-0,CA-2017-167115,OFF-BI-10004600,588.78,2,0.20,184.00,East,Office Supplies
US-2018-153633-0,US-2018-153633,OFF-AR-10002335,2.06,1,0.20,0.15,South,Office Supplies
CA-2018-155929-0,CA-2018-155929,OFF-PA-10000859,6.37,2,0.20,2.39,West,Office Supplies
CA-2016-148712-0,CA-2016-148712,TEC-AC-10003198,99.60,1,0.00,36.85,East,Technology
CA-2016-148712-1,CA-2016-148712,OFF-BI-10001900,62.30,13,0.20,21.02,East,Office Supplies
CA-2016-148712-2,CA-2016-148712,OFF-AR-10000614,10.71,3,0.00,2.78,East,Office Supplies
CA-2017-128307-0,CA-2017-128307,OFF-EN-10003040,20.94,1,0.20,7.07,Central,Office Supplies
US-2017-127425-0,US-2017-127425,TEC-PH-10003442,33.00,6,0.00,8.25,East,Technology
US-2017-127425-1,US-2017-127425,TEC-AC-10002800,249.95,5,0.00,87.48,East,Technology
US-2015-119081-0,US-2015-119081,OFF-SU-10000157,357.93,3,0.00,7.16,Central,Office Supplies
US-2015-119081-1,US-2015-119081,TEC-AC-10001542,57.40,5,0.00,10.91,Central,Technology
US-2015-119081-2,US-2015-119081,OFF-BI-10004519,331.96,2,0.00,149.38,Central,Office Supplies
US-2015-119081-3,US-2015-119081,FUR-FU-10003464,40.56,2,0.00,12.98,Central,Furniture
CA-2017-140613-0,CA-2017-140613,OFF-SU-10004261,86.20,5,0.00,25.00,West,Office Supplies
US-2018-108700-0,US-2018-108700,OFF-PA-10004733,38.02,6,0.20,13.78,Central,Office Supplies
CA-2018-160962-0,CA-2018-160962,OFF-ST-10001325,8.38,1,0.20,0.73,East,Office Supplies
CA-2018-160962-1,CA-2018-160962,OFF-AR-10003056,6.85,2,0.20,0.77,East,Office Supplies
CA-2018-130631-0,CA-2018-130631,OFF-FA-10000089,19.60,5,0.00,9.60,West,Office Supplies
CA-2018-130631-1,CA-2018-130631,FUR-FU-10004093,68.46,2,0.00,20.54,West,Furniture
CA-2018-116680-0,CA-2018-116680,OFF-BI-10004022,13.34,6,0.20,4.34,West,Office Supplies
CA-2018-116680-1,CA-2018-116680,FUR-TA-10001771,1478.27,8,0.20,92.39,West,Furniture
US-2015-107405-0,US-2015-107405,OFF-ST-10002301,16.27,1,0.20,-3.86,South,Office Supplies
CA-2018-101574-0,CA-2018-101574,FUR-FU-10001706,9.24,3,0.00,4.44,West,Furniture
CA-2015-146591-0,CA-2015-146591,OFF-BI-10003676,32.34,10,0.70,-23.72,West,Office Supplies
CA-2015-146591-1,CA-2015-146591,OFF-PA-10000659,56.06,4,0.20,19.62,West,Office Supplies
CA-2015-146591-2,CA-2015-146591,OFF-EN-10002504,108.72,5,0.20,36.69,West,Office Supplies
CA-2015-146591-3,CA-2015-146591,FUR-BO-10001972,181.47,5,0.70,-320.60,West,Furniture
CA-2015-107706-0,CA-2015-107706,OFF-PA-10000466,16.18,3,0.20,6.07,Central,Office Supplies
CA-2017-122448-0,CA-2017-122448,FUR-CH-10002774,122.35,3,0.20,13.76,West,Furniture
CA-2015-132451-0,CA-2015-132451,FUR-CH-10000454,585.55,3,0.20,73.19,West,Furniture
CA-2015-132451-1,CA-2015-132451,OFF-PA-10004888,19.44,3,0.00,9.33,West,Office Supplies
CA-2017-158547-0,CA-2017-158547,OFF-AP-10003842,123.92,5,0.20,9.29,East,Office Supplies
CA-2018-116946-0,CA-2018-116946,FUR-FU-10000320,13.36,5,0.20,4.01,West,Furniture
CA-2018-116946-1,CA-2018-116946,OFF-ST-10002554,78.26,2,0.20,-17.61,West,Office Supplies
CA-2018-116946-2,CA-2018-116946,FUR-BO-10000468,102.02,7,0.70,-183.63,West,Furniture
CA-2018-121741-0,CA-2018-121741,OFF-ST-10004459,750.68,2,0.00,37.53,Central,Office Supplies
CA-2018-169691-0,CA-2018-169691,OFF-LA-10002312,44.40,3,0.00,22.20,Central,Office Supplies
CA-2018-169691-1,CA-2018-169691,OFF-ST-10001291,84.55,5,0.00,22.83,Central,Office Supplies
CA-2018-169691-2,CA-2018-169691,OFF-PA-10003022,17.94,3,0.00,8.79,Central,Office Supplies
CA-2017-121356-0,CA-2017-121356,OFF-BI-10002133,128.40,3,0.00,62.92,East,Office Supplies
CA-2015-101770-0,CA-2015-101770,OFF-BI-10001097,1.87,1,0.70,-1.31,South,Office Supplies
CA-2018-105487-0,CA-2018-105487,TEC-PH-10001336,103.19,1,0.20,11.61,West,Technology
CA-2018-105487-1,CA-2018-105487,TEC-AC-10002305,36.00,2,0.00,6.48,West,Technology
CA-2018-105487-2,CA-2018-105487,TEC-AC-10003610,239.96,4,0.00,115.18,West,Technology
CA-2018-105487-3,CA-2018-105487,OFF-ST-10002301,40.68,2,0.00,0.41,West,Office Supplies
CA-2018-148999-0,CA-2018-148999,FUR-CH-10002044,419.14,4,0.20,-68.11,South,Furniture
CA-2015-107573-0,CA-2015-107573,OFF-EN-10001099,23.47,3,0.20,7.63,South,Office Supplies
CA-2016-156608-0,CA-2016-156608,OFF-BI-10004140,3.59,4,0.80,-6.29,Central,Office Supplies
CA-2018-134495-0,CA-2018-134495,TEC-PH-10004897,23.98,3,0.20,-5.69,South,Technology
CA-2018-134495-1,CA-2018-134495,OFF-LA-10000262,6.26,3,0.20,2.04,South,Office Supplies
CA-2018-134495-2,CA-2018-134495,OFF-AP-10002222,20.81,3,0.20,1.82,South,Office Supplies
CA-2018-134495-3,CA-2018-134495,FUR-CH-10003774,218.35,3,0.20,-19.11,South,Furniture
CA-2018-164098-0,CA-2018-164098,OFF-ST-10000615,18.16,2,0.20,1.82,Central,Office Supplies
CA-2015-105249-0,CA-2015-105249,OFF-SU-10001225,7.36,2,0.00,0.15,West,Office Supplies
CA-2015-105249-1,CA-2015-105249,OFF-LA-10002043,41.40,4,0.00,19.87,West,Office Supplies
CA-2015-105249-2,CA-2015-105249,FUR-BO-10000330,411.33,4,0.15,-4.84,West,Furniture
CA-2016-113523-0,CA-2016-113523,OFF-BI-10001249,7.66,4,0.70,-6.12,East,Office Supplies
CA-2018-117821-0,CA-2018-117821,TEC-AC-10004469,63.92,2,0.20,19.18,East,Technology
CA-2018-164378-0,CA-2018-164378,OFF-AR-10001177,6.56,2,0.00,1.90,East,Office Supplies
CA-2018-164378-1,CA-2018-164378,OFF-LA-10000634,7.83,3,0.00,3.60,East,Office Supplies
CA-2018-164378-2,CA-2018-164378,TEC-AC-10004708,41.90,2,0.00,8.80,East,Technology
CA-2018-164378-3,CA-2018-164378,FUR-CH-10002084,664.15,6,0.10,88.55,East,Furniture
CA-2018-164378-4,CA-2018-164378,OFF-PA-10004519,8.96,2,0.00,4.39,East,Office Supplies
CA-2018-127782-0,CA-2018-127782,FUR-FU-10001847,3.31,1,0.20,0.66,East,Furniture
CA-2018-127782-1,CA-2018-127782,OFF-AP-10001962,20.14,3,0.20,1.26,East,Office Supplies
CA-2018-127782-2,CA-2018-127782,OFF-EN-10003845,8.86,3,0.20,2.88,East,Office Supplies
CA-2018-127782-3,CA-2018-127782,TEC-PH-10001817,859.20,4,0.40,-186.16,East,Technology
US-2017-162026-0,US-2017-162026,OFF-PA-10000167,61.96,2,0.00,27.88,West,Office Supplies
CA-2017-150000-0,CA-2017-150000,OFF-EN-10002973,17.92,4,0.00,8.60,South,Office Supplies
CA-2016-168529-0,CA-2016-168529,FUR-FU-10001588,145.90,5,0.00,62.74,West,Furniture
US-2018-152569-0,US-2018-152569,OFF-PA-10001736,56.70,2,0.20,19.14,Central,Office Supplies
US-2018-152569-1,US-2018-152569,TEC-PH-10002185,11.12,2,0.20,3.48,Central,Technology
US-2015-137680-0,US-2015-137680,OFF-PA-10000174,32.90,4,0.20,11.10,West,Office Supplies
US-2015-137680-1,US-2015-137680,OFF-PA-10000069,22.78,3,0.20,7.69,West,Office Supplies
CA-2016-103177-0,CA-2016-103177,TEC-PH-10001795,239.97,3,0.00,2.40,East,Technology
CA-2016-103177-1,CA-2016-103177,OFF-AP-10004540,160.32,2,0.00,44.89,East,Office Supplies
CA-2016-103177-2,CA-2016-103177,TEC-PH-10001527,128.85,3,0.00,3.87,East,Technology
US-2017-138408-0,US-2017-138408,TEC-AC-10003870,1319.96,4,0.00,527.98,South,Technology
CA-2018-117667-0,CA-2018-117667,FUR-CH-10004540,239.96,10,0.30,-10.28,East,Furniture
CA-2018-117667-1,CA-2018-117667,FUR-FU-10004093,54.77,2,0.20,6.85,East,Furniture
CA-2018-117667-2,CA-2018-117667,OFF-AR-10000716,13.39,3,0.20,3.18,East,Office Supplies
CA-2018-117667-3,CA-2018-117667,OFF-PA-10002709,23.92,5,0.20,8.67,East,Office Supplies
CA-2018-117667-4,CA-2018-117667,TEC-AC-10000580,255.97,4,0.20,-28.80,East,Technology
CA-2017-110982-0,CA-2017-110982,OFF-BI-10000829,21.55,6,0.20,7.00,West,Office Supplies
CA-2017-110982-1,CA-2017-110982,OFF-AP-10004859,58.24,4,0.00,15.72,West,Office Supplies
CA-2017-147123-0,CA-2017-147123,OFF-PA-10000575,80.28,12,0.00,36.93,West,Office Supplies
CA-2018-154501-0,CA-2018-154501,OFF-AR-10002804,9.78,2,0.00,4.01,West,Office Supplies
CA-2018-166933-0,CA-2018-166933,OFF-FA-10002676,1.81,1,0.00,0.65,West,Office Supplies
CA-2016-142055-0,CA-2016-142055,OFF-PA-10003465,37.94,2,0.00,18.21,East,Office Supplies
CA-2016-137106-0,CA-2016-137106,TEC-PH-10000011,79.96,5,0.20,27.99,South,Technology
CA-2018-136609-0,CA-2018-136609,OFF-PA-10004381,115.30,3,0.20,40.35,Central,Office Supplies
CA-2018-160885-0,CA-2018-160885,TEC-PH-10001795,2479.96,4,0.00,743.99,Central,Technology
US-2017-167472-0,US-2017-167472,TEC-AC-10001109,179.94,6,0.00,75.57,South,Technology
US-2017-167472-1,US-2017-167472,TEC-AC-10003038,26.85,3,0.00,5.10,South,Technology
US-2017-167472-2,US-2017-167472,TEC-AC-10003174,323.37,3,0.00,129.35,South,Technology
US-2017-167472-3,US-2017-167472,OFF-PA-10000157,59.94,3,0.00,28.17,South,Office Supplies
US-2017-167472-4,US-2017-167472,OFF-BI-10001721,64.14,3,0.00,30.79,South,Office Supplies
US-2017-167472-5,US-2017-167472,OFF-BI-10000591,11.67,3,0.00,5.60,South,Office Supplies
US-2017-167472-6,US-2017-167472,OFF-PA-10001534,12.96,2,0.00,6.22,South,Office Supplies
CA-2016-120551-0,CA-2016-120551,OFF-BI-10002071,17.43,3,0.00,8.02,Central,Office Supplies
US-2018-150595-0,US-2018-150595,FUR-CH-10000513,181.99,2,0.30,-54.60,Central,Furniture
US-2018-150595-1,US-2018-150595,OFF-BI-10003274,1.59,2,0.80,-2.63,Central,Office Supplies
US-2018-150595-2,US-2018-150595,OFF-SU-10000381,22.34,3,0.20,2.51,Central,Office Supplies
CA-2017-134936-0,CA-2017-134936,FUR-TA-10001086,455.97,6,0.50,-218.87,West,Furniture
CA-2017-134936-1,CA-2017-134936,OFF-BI-10000174,10.44,6,0.70,-7.66,West,Office Supplies
CA-2017-134936-2,CA-2017-134936,OFF-BI-10002103,5.21,2,0.70,-4.17,West,Office Supplies
CA-2018-102967-0,CA-2018-102967,OFF-ST-10001590,67.40,5,0.00,17.52,East,Office Supplies
CA-2018-151008-0,CA-2018-151008,FUR-FU-10002396,25.16,2,0.00,10.57,West,Furniture
CA-2018-151008-1,CA-2018-151008,TEC-PH-10002807,126.56,4,0.20,47.46,West,Technology
CA-2015-159800-0,CA-2015-159800,OFF-AP-10004859,43.68,3,0.00,11.79,West,Office Supplies
CA-2015-159800-1,CA-2015-159800,TEC-AC-10003447,139.93,7,0.00,34.98,West,Technology
US-2015-159618-0,US-2015-159618,OFF-AR-10003183,2.67,1,0.20,0.33,Central,Office Supplies
US-2015-159618-1,US-2015-159618,OFF-SU-10000432,16.66,6,0.20,-3.12,Central,Office Supplies
US-2015-159618-2,US-2015-159618,TEC-AC-10003832,79.51,3,0.20,20.87,Central,Technology
US-2015-159618-3,US-2015-159618,OFF-PA-10004100,36.29,7,0.20,12.70,Central,Office Supplies
US-2015-159618-4,US-2015-159618,FUR-BO-10004467,67.99,1,0.32,-13.00,Central,Furniture
CA-2018-116113-0,CA-2018-116113,FUR-FU-10002963,10.16,2,0.00,3.45,South,Furniture
CA-2016-125066-0,CA-2016-125066,FUR-FU-10003829,6.16,2,0.00,1.97,South,Furniture
CA-2016-125066-1,CA-2016-125066,OFF-AR-10003582,56.30,2,0.00,15.76,South,Office Supplies
US-2016-114741-0,US-2016-114741,OFF-PA-10000048,6.48,1,0.00,3.11,West,Office Supplies
US-2016-114741-1,US-2016-114741,OFF-ST-10000078,1325.85,5,0.00,238.65,West,Office Supplies
US-2016-114741-2,US-2016-114741,OFF-LA-10004853,14.94,3,0.00,6.87,West,Office Supplies
CA-2018-133263-0,CA-2018-133263,OFF-BI-10001153,34.54,1,0.00,17.27,South,Office Supplies
CA-2018-133263-1,CA-2018-133263,TEC-CO-10001449,2999.95,5,0.00,1439.98,South,Technology
CA-2018-133263-2,CA-2018-133263,OFF-BI-10000474,64.12,4,0.00,30.78,South,Office Supplies
CA-2018-157966-0,CA-2018-157966,OFF-AR-10000799,19.46,4,0.20,2.19,Central,Office Supplies
CA-2018-157966-1,CA-2018-157966,TEC-MA-10002109,209.99,2,0.30,9.00,Central,Technology
CA-2018-157966-2,CA-2018-157966,OFF-AR-10003338,29.76,5,0.20,1.86,Central,Office Supplies
CA-2018-157966-3,CA-2018-157966,FUR-CH-10003606,89.77,1,0.30,-2.56,Central,Furniture
CA-2018-157966-4,CA-2018-157966,TEC-CO-10001449,959.98,2,0.20,335.99,Central,Technology
CA-2018-157966-5,CA-2018-157966,OFF-PA-10001934,15.55,3,0.20,5.64,Central,Office Supplies
CA-2018-157966-6,CA-2018-157966,TEC-PH-10001527,34.36,1,0.20,-7.30,Central,Technology
CA-2015-151162-0,CA-2015-151162,OFF-PA-10001033,98.38,3,0.20,35.66,East,Office Supplies
CA-2015-151162-1,CA-2015-151162,OFF-BI-10003719,29.94,4,0.70,-23.95,East,Office Supplies
CA-2015-151162-2,CA-2015-151162,OFF-PA-10003036,17.47,3,0.20,5.68,East,Office Supplies
CA-2015-151162-3,CA-2015-151162,TEC-PH-10001870,36.74,1,0.40,-9.18,East,Technology
CA-2015-151162-4,CA-2015-151162,TEC-PH-10001809,179.94,2,0.40,-44.98,East,Technology
CA-2017-136686-0,CA-2017-136686,FUR-FU-10004864,383.64,6,0.00,122.76,West,Furniture
CA-2017-136686-1,CA-2017-136686,OFF-AP-10002350,56.52,3,0.00,15.83,West,Office Supplies
CA-2018-137498-0,CA-2018-137498,OFF-AR-10003829,6.56,2,0.00,1.90,West,Office Supplies
CA-2018-137498-1,CA-2018-137498,FUR-CH-10003833,243.92,5,0.20,-15.24,West,Furniture
CA-2018-137498-2,CA-2018-137498,OFF-PA-10000143,47.52,9,0.00,22.81,West,Office Supplies
CA-2018-163818-0,CA-2018-163818,FUR-FU-10000076,19.98,1,0.00,8.59,East,Furniture
CA-2017-161158-0,CA-2017-161158,OFF-AR-10000462,8.00,5,0.00,3.44,East,Office Supplies
CA-2015-116673-0,CA-2015-116673,FUR-FU-10003829,6.16,2,0.00,1.97,West,Furniture
CA-2018-105333-0,CA-2018-105333,OFF-ST-10002182,83.56,4,0.00,1.67,East,Office Supplies
CA-2018-105333-1,CA-2018-105333,TEC-PH-10001468,546.06,3,0.00,163.82,East,Technology
CA-2018-105333-2,CA-2018-105333,OFF-ST-10001809,269.49,3,0.00,5.39,East,Office Supplies
CA-2016-149993-0,CA-2016-149993,OFF-FA-10001561,10.90,5,0.00,3.60,West,Office Supplies
CA-2015-168158-0,CA-2015-168158,OFF-BI-10001759,6.10,2,0.20,2.21,West,Office Supplies
CA-2017-115224-0,CA-2017-115224,OFF-ST-10000615,34.05,3,0.00,9.53,West,Office Supplies
CA-2017-115224-1,CA-2017-115224,OFF-ST-10003816,352.38,2,0.00,81.05,West,Office Supplies
CA-2015-164742-0,CA-2015-164742,FUR-CH-10002880,245.98,2,0.00,27.06,East,Furniture
CA-2015-164742-1,CA-2015-164742,OFF-BI-10004738,18.94,1,0.00,9.47,East,Office Supplies
US-2018-108014-0,US-2018-108014,OFF-BI-10003984,59.91,7,0.70,-45.93,East,Office Supplies
CA-2018-160325-0,CA-2018-160325,TEC-PH-10000984,391.98,2,0.00,109.75,East,Technology
CA-2018-160325-1,CA-2018-160325,TEC-PH-10001944,437.85,3,0.00,131.35,East,Technology
CA-2016-159779-0,CA-2016-159779,OFF-BI-10002735,68.62,2,0.00,32.25,East,Office Supplies
CA-2018-151176-0,CA-2018-151176,OFF-SU-10001165,25.02,3,0.00,6.51,East,Office Supplies
CA-2018-151176-1,CA-2018-151176,OFF-AR-10000614,10.71,3,0.00,2.78,East,Office Supplies
CA-2015-108903-0,CA-2015-108903,OFF-AR-10004010,55.98,2,0.20,4.20,East,Office Supplies
CA-2015-108903-1,CA-2015-108903,OFF-EN-10004030,14.48,5,0.20,4.89,East,Office Supplies
CA-2015-108903-2,CA-2015-108903,TEC-AC-10003023,142.49,3,0.20,-3.56,East,Technology
CA-2017-117919-0,CA-2017-117919,OFF-ST-10003572,14.16,1,0.20,1.06,Central,Office Supplies
CA-2017-117919-1,CA-2017-117919,OFF-PA-10004353,79.92,5,0.20,27.97,Central,Office Supplies
CA-2016-142475-0,CA-2016-142475,OFF-BI-10003718,590.35,6,0.20,206.62,East,Office Supplies
CA-2017-134516-0,CA-2017-134516,FUR-FU-10001546,17.09,2,0.20,1.07,South,Furniture
CA-2017-134516-1,CA-2017-134516,FUR-CH-10002880,98.39,1,0.20,-11.07,South,Furniture
CA-2018-105193-0,CA-2018-105193,OFF-AR-10001547,11.05,5,0.00,2.98,East,Office Supplies
CA-2016-168634-0,CA-2016-168634,OFF-AP-10001626,7.78,2,0.00,2.02,West,Office Supplies
CA-2018-117198-0,CA-2018-117198,TEC-AC-10003033,659.90,2,0.00,217.77,South,Technology
CA-2016-145828-0,CA-2016-145828,TEC-AC-10002323,53.04,3,0.20,-4.64,East,Technology
CA-2018-121027-0,CA-2018-121027,TEC-AC-10002049,843.90,2,0.00,371.32,West,Technology
CA-2018-121027-1,CA-2018-121027,TEC-AC-10002253,1496.16,9,0.00,224.42,West,Technology
CA-2017-147431-0,CA-2017-147431,OFF-ST-10003994,117.96,2,0.00,5.90,East,Office Supplies
CA-2017-158001-0,CA-2017-158001,OFF-AR-10002399,21.30,5,0.00,8.73,East,Office Supplies
CA-2017-158001-1,CA-2017-158001,OFF-AP-10002118,1040.80,5,0.00,281.02,East,Office Supplies
CA-2017-158001-2,CA-2017-158001,OFF-AR-10001954,29.34,6,0.00,7.92,East,Office Supplies
CA-2018-125745-0,CA-2018-125745,FUR-FU-10001591,19.52,2,0.20,5.37,South,Furniture
CA-2016-101154-0,CA-2016-101154,OFF-ST-10004186,443.92,4,0.00,8.88,West,Office Supplies
US-2017-124163-0,US-2017-124163,TEC-AC-10001908,499.95,5,0.00,174.98,Central,Technology
US-2017-124163-1,US-2017-124163,OFF-AR-10000817,3.04,1,0.00,1.03,Central,Office Supplies
US-2017-124163-2,US-2017-124163,FUR-CH-10004218,201.96,2,0.00,50.49,Central,Furniture
US-2017-124163-3,US-2017-124163,FUR-FU-10000755,68.64,11,0.00,17.16,Central,Furniture
CA-2017-121748-0,CA-2017-121748,TEC-AC-10003063,100.00,4,0.00,21.00,West,Technology
CA-2017-121748-1,CA-2017-121748,TEC-AC-10002637,359.98,2,0.00,21.60,West,Technology
CA-2015-126683-0,CA-2015-126683,FUR-FU-10001706,6.16,2,0.00,2.96,West,Furniture
CA-2015-126683-1,CA-2015-126683,FUR-TA-10002958,2348.82,9,0.00,399.30,West,Furniture
CA-2018-148810-0,CA-2018-148810,OFF-LA-10004689,13.87,6,0.20,4.68,South,Office Supplies
CA-2018-148810-1,CA-2018-148810,FUR-CH-10001545,273.55,3,0.20,-13.68,South,Furniture
US-2017-146066-0,US-2017-146066,FUR-TA-10002530,815.29,9,0.40,-339.70,East,Furniture
CA-2015-127614-0,CA-2015-127614,TEC-AC-10001432,234.45,3,0.00,103.16,South,Technology
CA-2015-127614-1,CA-2015-127614,FUR-TA-10003715,1256.22,6,0.00,75.37,South,Furniture
CA-2015-127614-2,CA-2015-127614,OFF-BI-10003291,17.46,2,0.00,8.21,South,Office Supplies
CA-2017-101742-0,CA-2017-101742,OFF-BI-10004187,10.53,7,0.20,3.68,East,Office Supplies
CA-2016-134943-0,CA-2016-134943,OFF-BI-10000666,152.80,5,0.00,76.40,Central,Office Supplies
CA-2018-123022-0,CA-2018-123022,OFF-BI-10002225,82.56,5,0.20,28.90,West,Office Supplies
CA-2018-123022-1,CA-2018-123022,TEC-AC-10000474,284.97,3,0.00,85.49,West,Technology
CA-2018-113208-0,CA-2018-113208,FUR-FU-10004245,60.84,3,0.00,23.12,Central,Furniture
CA-2015-154893-0,CA-2015-154893,FUR-CH-10004287,1325.76,6,0.20,149.15,West,Furniture
CA-2015-154893-1,CA-2015-154893,FUR-CH-10000595,572.16,3,0.20,35.76,West,Furniture
CA-2015-147900-0,CA-2015-147900,OFF-PA-10003063,28.80,9,0.20,10.08,East,Office Supplies
CA-2018-106355-0,CA-2018-106355,OFF-AR-10000246,11.12,4,0.00,2.89,East,Office Supplies
CA-2017-127985-0,CA-2017-127985,FUR-FU-10003274,7.04,4,0.00,3.10,South,Furniture
CA-2016-166604-0,CA-2016-166604,OFF-EN-10004147,17.94,3,0.00,8.79,South,Office Supplies
CA-2018-120719-0,CA-2018-120719,OFF-BI-10002103,34.76,5,0.20,11.30,West,Office Supplies
CA-2018-127117-0,CA-2018-127117,FUR-FU-10004018,74.45,5,0.00,20.10,East,Furniture
CA-2016-104241-0,CA-2016-104241,FUR-FU-10001473,192.22,14,0.00,69.20,South,Furniture
CA-2018-168179-0,CA-2018-168179,OFF-PA-10001800,19.44,3,0.00,9.33,West,Office Supplies
CA-2018-142342-0,CA-2018-142342,OFF-PA-10004609,32.40,5,0.00,15.55,West,Office Supplies
CA-2018-142342-1,CA-2018-142342,OFF-EN-10002592,57.90,5,0.00,28.95,West,Office Supplies
CA-2018-142342-2,CA-2018-142342,OFF-ST-10002957,10.56,2,0.00,0.00,West,Office Supplies
CA-2018-142342-3,CA-2018-142342,FUR-BO-10002613,1194.16,5,0.15,210.74,West,Furniture
CA-2018-109099-0,CA-2018-109099,OFF-PA-10001033,40.99,1,0.00,20.09,East,Office Supplies
US-2015-134187-0,US-2015-134187,OFF-AR-10000940,2.94,1,0.00,0.79,West,Office Supplies
CA-2017-145261-0,CA-2017-145261,OFF-BI-10001670,45.24,4,0.70,-30.16,West,Office Supplies
CA-2017-145261-1,CA-2017-145261,OFF-AR-10004078,18.69,4,0.20,2.34,West,Office Supplies
CA-2017-145261-2,CA-2017-145261,OFF-PA-10003036,11.65,2,0.20,3.79,West,Office Supplies
CA-2017-145261-3,CA-2017-145261,TEC-AC-10000991,112.78,3,0.20,-8.46,West,Technology
CA-2017-145261-4,CA-2017-145261,FUR-TA-10002530,377.45,5,0.50,-264.21,West,Furniture
CA-2017-145261-5,CA-2017-145261,OFF-LA-10000407,15.94,4,0.20,5.18,West,Office Supplies
CA-2017-145261-6,CA-2017-145261,TEC-PH-10004833,28.68,3,0.20,-7.17,West,Technology
CA-2017-108875-0,CA-2017-108875,FUR-FU-10002671,21.44,2,0.20,7.50,West,Furniture
CA-2017-108875-1,CA-2017-108875,OFF-ST-10001370,511.06,9,0.20,-95.82,West,Office Supplies
CA-2017-141957-0,CA-2017-141957,OFF-AR-10000914,18.66,2,0.20,1.40,East,Office Supplies
CA-2017-141957-1,CA-2017-141957,OFF-BI-10001116,11.09,7,0.70,-8.13,East,Office Supplies
CA-2017-141957-2,CA-2017-141957,OFF-ST-10002276,66.69,1,0.20,4.17,East,Office Supplies
CA-2017-141957-3,CA-2017-141957,OFF-ST-10004340,99.49,2,0.20,8.71,East,Office Supplies
CA-2017-142405-0,CA-2017-142405,OFF-LA-10004093,14.62,2,0.00,6.87,West,Office Supplies
CA-2017-142405-1,CA-2017-142405,OFF-BI-10004728,53.98,14,0.20,17.54,West,Office Supplies
CA-2017-142405-2,CA-2017-142405,TEC-AC-10003095,389.97,3,0.00,132.59,West,Technology
CA-2016-141012-0,CA-2016-141012,FUR-FU-10003192,355.36,4,0.00,92.39,West,Furniture
CA-2016-141012-1,CA-2016-141012,TEC-PH-10004522,140.38,3,0.20,8.77,West,Technology
CA-2018-127922-0,CA-2018-127922,OFF-EN-10003068,15.84,2,0.20,5.54,Central,Office Supplies
CA-2018-127922-1,CA-2018-127922,OFF-PA-10001204,8.45,2,0.20,2.64,Central,Office Supplies
CA-2017-146318-0,CA-2017-146318,OFF-PA-10003953,12.96,2,0.00,6.22,West,Office Supplies
CA-2015-135993-0,CA-2015-135993,TEC-PH-10001552,57.41,6,0.20,5.74,West,Technology
CA-2015-135993-1,CA-2015-135993,TEC-AC-10004877,27.60,4,0.00,2.21,West,Technology
CA-2015-126802-0,CA-2015-126802,FUR-FU-10000193,38.98,3,0.60,-50.67,Central,Furniture
CA-2017-143924-0,CA-2017-143924,OFF-FA-10000735,20.44,7,0.00,9.20,Central,Office Supplies
CA-2017-143924-1,CA-2017-143924,OFF-PA-10002120,109.92,2,0.00,53.86,Central,Office Supplies
CA-2017-141551-0,CA-2017-141551,OFF-BI-10001249,6.38,1,0.00,2.93,Central,Office Supplies
CA-2017-141551-1,CA-2017-141551,OFF-PA-10001569,6.48,1,0.00,3.11,Central,Office Supplies
CA-2015-164315-0,CA-2015-164315,OFF-PA-10004248,15.84,3,0.00,7.13,South,Office Supplies
CA-2015-164315-1,CA-2015-164315,TEC-PH-10001128,1049.93,7,0.00,293.98,South,Technology
CA-2015-164315-2,CA-2015-164315,OFF-AP-10003842,154.90,5,0.00,40.27,South,Office Supplies
CA-2016-131072-0,CA-2016-131072,OFF-BI-10002794,98.35,3,0.20,35.65,West,Office Supplies
CA-2015-131541-0,CA-2015-131541,OFF-FA-10000621,14.32,5,0.20,5.19,South,Office Supplies
CA-2015-131541-1,CA-2015-131541,FUR-FU-10003623,129.89,6,0.20,12.99,South,Furniture
CA-2015-131541-2,CA-2015-131541,OFF-EN-10000781,48.94,7,0.20,16.52,South,Office Supplies
CA-2016-119550-0,CA-2016-119550,FUR-CH-10002044,275.06,3,0.30,-90.38,Central,Furniture
US-2016-138093-0,US-2016-138093,OFF-AR-10000817,27.36,9,0.00,9.30,East,Office Supplies
US-2016-138093-1,US-2016-138093,OFF-PA-10001509,44.75,5,0.00,20.59,East,Office Supplies
US-2016-138093-2,US-2016-138093,TEC-PH-10004667,134.99,1,0.00,36.45,East,Technology
US-2016-138093-3,US-2016-138093,OFF-PA-10000143,26.40,5,0.00,12.67,East,Office Supplies
US-2016-138093-4,US-2016-138093,FUR-CH-10000785,542.94,3,0.00,141.16,East,Furniture
CA-2017-126165-0,CA-2017-126165,FUR-TA-10001676,71.09,2,0.20,-1.78,West,Furniture
CA-2018-126123-0,CA-2018-126123,OFF-BI-10000309,27.40,9,0.80,-42.46,Central,Office Supplies
CA-2018-126123-1,CA-2018-126123,OFF-BI-10004224,13.46,1,0.80,-23.55,Central,Office Supplies
CA-2017-143441-0,CA-2017-143441,OFF-LA-10002312,11.84,1,0.20,4.44,Central,Office Supplies
CA-2018-148320-0,CA-2018-148320,OFF-PA-10003022,35.88,6,0.00,17.58,West,Office Supplies
CA-2017-125661-0,CA-2017-125661,OFF-EN-10001532,40.75,3,0.20,15.28,East,Office Supplies
CA-2017-125661-1,CA-2017-125661,TEC-AC-10004855,139.96,5,0.20,-22.74,East,Technology
US-2015-123519-0,US-2015-123519,OFF-AR-10003829,2.62,1,0.20,0.30,East,Office Supplies
US-2015-123519-1,US-2015-123519,FUR-TA-10002645,136.53,1,0.40,-52.34,East,Furniture
US-2015-123519-2,US-2015-123519,TEC-AC-10003033,263.96,1,0.20,42.89,East,Technology
CA-2015-155593-0,CA-2015-155593,OFF-SU-10002522,11.64,3,0.00,3.38,East,Office Supplies
CA-2018-136000-0,CA-2018-136000,OFF-BI-10004828,40.18,3,0.20,14.56,East,Office Supplies
US-2016-160857-0,US-2016-160857,FUR-FU-10001095,79.44,3,0.00,30.19,East,Furniture
US-2016-160857-1,US-2016-160857,OFF-SU-10000157,357.93,3,0.00,7.16,East,Office Supplies
US-2016-160857-2,US-2016-160857,FUR-CH-10002647,127.76,2,0.10,21.29,East,Furniture
US-2016-160857-3,US-2016-160857,TEC-CO-10004115,2799.94,7,0.20,1014.98,East,Technology
US-2016-160857-4,US-2016-160857,OFF-PA-10003363,19.44,3,0.00,9.33,East,Office Supplies
CA-2018-115805-0,CA-2018-115805,TEC-PH-10003092,36.79,1,0.20,4.14,Central,Technology
US-2015-143707-0,US-2015-143707,TEC-PH-10003655,5.94,3,0.00,1.60,East,Technology
CA-2018-116939-0,CA-2018-116939,OFF-ST-10001476,177.55,5,0.00,47.94,South,Office Supplies
CA-2016-124107-0,CA-2016-124107,TEC-AC-10002049,619.95,5,0.00,111.59,Central,Technology
CA-2016-124107-1,CA-2016-124107,TEC-PH-10003875,29.16,3,0.00,8.46,Central,Technology
CA-2016-124107-2,CA-2016-124107,OFF-EN-10003286,57.96,7,0.00,27.24,Central,Office Supplies
CA-2016-124107-3,CA-2016-124107,OFF-AP-10003971,29.40,3,0.10,5.23,Central,Office Supplies
CA-2018-126550-0,CA-2018-126550,OFF-ST-10001031,81.40,5,0.00,21.16,Central,Office Supplies
CA-2016-138674-0,CA-2016-138674,OFF-FA-10000304,8.72,5,0.20,2.29,West,Office Supplies
CA-2016-138674-1,CA-2016-138674,TEC-AC-10000358,91.18,3,0.20,4.56,West,Technology
CA-2016-138674-2,CA-2016-138674,TEC-AC-10002800,159.97,4,0.20,29.99,West,Technology
CA-2017-165820-0,CA-2017-165820,OFF-PA-10004735,12.96,2,0.00,6.22,West,Office Supplies
CA-2015-103191-0,CA-2015-103191,OFF-ST-10002574,331.54,3,0.20,-82.88,Central,Office Supplies
CA-2016-103933-0,CA-2016-103933,TEC-AC-10004171,899.91,9,0.00,395.96,East,Technology
CA-2016-110548-0,CA-2016-110548,TEC-PH-10002922,946.34,7,0.20,118.29,Central,Technology
CA-2018-117324-0,CA-2018-117324,TEC-AC-10003023,178.11,3,0.00,32.06,Central,Technology
CA-2018-117324-1,CA-2018-117324,OFF-AP-10003590,1089.75,3,0.00,305.13,Central,Office Supplies
CA-2018-117324-2,CA-2018-117324,OFF-LA-10003510,61.06,2,0.00,28.09,Central,Office Supplies
CA-2018-117324-3,CA-2018-117324,FUR-BO-10003159,459.92,4,0.00,41.39,Central,Furniture
CA-2018-117324-4,CA-2018-117324,OFF-PA-10002713,27.52,4,0.00,12.66,Central,Office Supplies
CA-2018-143574-0,CA-2018-143574,FUR-BO-10002598,638.82,9,0.00,185.26,East,Furniture
CA-2018-143574-1,CA-2018-143574,OFF-SU-10002537,30.69,3,0.00,7.98,East,Office Supplies
CA-2018-143574-2,CA-2018-143574,FUR-FU-10003976,25.16,2,0.00,8.55,East,Furniture
CA-2015-111773-0,CA-2015-111773,OFF-BI-10000174,13.92,3,0.20,4.87,East,Office Supplies
CA-2015-148614-0,CA-2015-148614,OFF-PA-10002893,19.36,2,0.00,9.29,West,Office Supplies
CA-2015-148614-1,CA-2015-148614,FUR-FU-10003194,19.30,2,0.00,5.79,West,Furniture
CA-2017-156139-0,CA-2017-156139,OFF-BI-10004233,38.38,3,0.20,13.43,West,Office Supplies
US-2018-147886-0,US-2018-147886,OFF-PA-10000232,12.96,2,0.00,6.35,West,Office Supplies
US-2018-147886-1,US-2018-147886,FUR-FU-10001095,26.48,1,0.00,10.06,West,Furniture
US-2018-147886-2,US-2018-147886,TEC-MA-10004679,532.72,2,0.20,53.27,West,Technology
US-2018-147886-3,US-2018-147886,OFF-PA-10003651,26.72,4,0.00,12.83,West,Office Supplies
US-2018-147886-4,US-2018-147886,OFF-PA-10000743,20.04,3,0.00,9.62,West,Office Supplies
US-2018-147886-5,US-2018-147886,OFF-ST-10002743,795.48,7,0.00,7.95,West,Office Supplies
US-2018-147886-6,US-2018-147886,FUR-FU-10003829,21.56,7,0.00,6.90,West,Furniture
CA-2017-113733-0,CA-2017-113733,TEC-PH-10002496,249.58,2,0.20,31.20,South,Technology
CA-2017-113733-1,CA-2017-113733,TEC-AC-10002473,68.11,3,0.20,17.88,South,Technology
CA-2017-113733-2,CA-2017-113733,TEC-AC-10004877,16.56,3,0.20,-2.48,South,Technology
CA-2018-104913-0,CA-2018-104913,TEC-PH-10000923,74.95,5,0.00,36.73,East,Technology
CA-2015-145800-0,CA-2015-145800,FUR-TA-10001539,355.45,3,0.50,-184.84,Central,Furniture
CA-2017-125850-0,CA-2017-125850,OFF-LA-10003498,44.40,3,0.00,22.20,West,Office Supplies
CA-2017-125850-1,CA-2017-125850,OFF-LA-10004484,20.65,5,0.00,9.50,West,Office Supplies
CA-2017-118514-0,CA-2017-118514,FUR-CH-10000015,866.40,4,0.00,225.26,South,Furniture
CA-2016-150749-0,CA-2016-150749,OFF-AR-10003732,5.56,2,0.00,1.45,South,Office Supplies
CA-2015-163748-0,CA-2015-163748,OFF-AP-10004052,3.16,4,0.80,-8.53,Central,Office Supplies
CA-2015-163748-1,CA-2015-163748,TEC-CO-10002095,1999.96,5,0.20,624.99,Central,Technology
CA-2016-119634-0,CA-2016-119634,FUR-FU-10004270,46.15,3,0.20,12.11,South,Furniture
CA-2016-149300-0,CA-2016-149300,TEC-MA-10000423,32.98,3,0.50,-1.98,South,Technology
US-2017-111528-0,US-2017-111528,OFF-ST-10001526,481.32,4,0.00,125.14,West,Office Supplies
US-2017-111528-1,US-2017-111528,OFF-BI-10002194,6.38,1,0.20,2.15,West,Office Supplies
CA-2018-158169-0,CA-2018-158169,OFF-AP-10000828,542.94,3,0.00,152.02,West,Office Supplies
CA-2018-158169-1,CA-2018-158169,FUR-FU-10001473,54.92,4,0.00,19.77,West,Furniture
CA-2016-162047-0,CA-2016-162047,FUR-CH-10004983,1448.82,10,0.10,209.27,East,Furniture
CA-2016-117772-0,CA-2016-117772,OFF-ST-10003994,353.88,6,0.00,17.69,West,Office Supplies
US-2015-126340-0,US-2015-126340,TEC-PH-10004447,333.58,3,0.20,25.02,West,Technology
CA-2017-149685-0,CA-2017-149685,OFF-LA-10004545,60.14,6,0.20,20.30,Central,Office Supplies
CA-2018-126396-0,CA-2018-126396,TEC-AC-10003116,85.20,6,0.20,20.23,Central,Technology
CA-2016-154900-0,CA-2016-154900,OFF-LA-10001641,3.15,1,0.00,1.51,East,Office Supplies
CA-2016-154900-1,CA-2016-154900,OFF-PA-10002377,22.72,4,0.00,10.22,East,Office Supplies
CA-2016-103835-0,CA-2016-103835,FUR-FU-10000010,14.91,3,0.00,4.62,West,Furniture
CA-2016-103835-1,CA-2016-103835,OFF-AP-10002651,1158.12,4,0.00,335.85,West,Office Supplies
CA-2016-158939-0,CA-2016-158939,TEC-CO-10002313,599.99,1,0.00,234.00,Central,Technology
CA-2017-117408-0,CA-2017-117408,OFF-ST-10001580,23.97,2,0.20,2.40,Central,Office Supplies
CA-2017-142398-0,CA-2017-142398,FUR-CH-10001545,638.29,7,0.20,-31.91,West,Furniture
CA-2017-142398-1,CA-2017-142398,OFF-BI-10004826,13.21,1,0.20,4.62,West,Office Supplies
CA-2017-105277-0,CA-2017-105277,OFF-BI-10000301,15.53,3,0.20,5.82,East,Office Supplies
CA-2017-112060-0,CA-2017-112060,OFF-PA-10000994,104.85,1,0.00,50.33,West,Office Supplies
CA-2015-105270-0,CA-2015-105270,OFF-AR-10003156,30.48,3,0.00,7.92,West,Office Supplies
CA-2015-105270-1,CA-2015-105270,FUR-CH-10000988,112.65,1,0.20,11.26,West,Furniture
US-2016-159513-0,US-2016-159513,TEC-MA-10003329,71.98,3,0.20,24.29,West,Technology
CA-2016-155586-0,CA-2016-155586,OFF-AR-10001547,2.21,1,0.00,0.60,West,Office Supplies
CA-2016-155586-1,CA-2016-155586,OFF-EN-10003072,15.52,4,0.00,7.45,West,Office Supplies
CA-2016-155586-2,CA-2016-155586,OFF-PA-10000726,36.44,4,0.00,16.40,West,Office Supplies
CA-2018-141117-0,CA-2018-141117,FUR-BO-10001972,217.76,6,0.70,-384.72,West,Furniture
CA-2018-141117-1,CA-2018-141117,OFF-SU-10004664,39.07,6,0.20,4.40,West,Office Supplies
CA-2018-141117-2,CA-2018-141117,OFF-BI-10003676,22.64,7,0.70,-16.60,West,Office Supplies
CA-2018-141117-3,CA-2018-141117,OFF-AR-10003727,95.14,7,0.20,10.70,West,Office Supplies
CA-2018-115070-0,CA-2018-115070,FUR-FU-10003829,12.32,5,0.20,1.85,South,Furniture
CA-2018-115070-1,CA-2018-115070,OFF-BI-10003712,4.42,3,0.70,-3.09,South,Office Supplies
CA-2018-140186-0,CA-2018-140186,OFF-FA-10002280,35.00,7,0.00,16.80,West,Office Supplies
CA-2018-140186-1,CA-2018-140186,FUR-CH-10002961,72.78,1,0.20,0.00,West,Furniture
CA-2018-140186-2,CA-2018-140186,OFF-AP-10002578,97.84,2,0.00,25.44,West,Office Supplies
CA-2018-140186-3,CA-2018-140186,FUR-FU-10004848,51.75,1,0.00,15.53,West,Furniture
CA-2018-140186-4,CA-2018-140186,OFF-BI-10003364,46.67,2,0.20,16.34,West,Office Supplies
CA-2015-124856-0,CA-2015-124856,OFF-ST-10002615,1395.54,9,0.00,362.84,East,Office Supplies
CA-2015-124856-1,CA-2015-124856,FUR-FU-10000521,117.36,4,0.00,36.38,East,Furniture
CA-2015-124856-2,CA-2015-124856,OFF-LA-10000121,18.90,3,0.00,8.69,East,Office Supplies
CA-2015-124856-3,CA-2015-124856,OFF-PA-10001289,77.52,2,0.00,37.98,East,Office Supplies
CA-2015-166716-0,CA-2015-166716,FUR-CH-10004495,421.37,2,0.30,-6.02,Central,Furniture
CA-2015-123225-0,CA-2015-123225,TEC-PH-10000895,575.97,4,0.20,43.20,Central,Technology
CA-2015-123225-1,CA-2015-123225,OFF-PA-10000552,10.37,2,0.20,3.63,Central,Office Supplies
CA-2016-163440-0,CA-2016-163440,TEC-PH-10000376,15.98,2,0.20,1.20,West,Technology
US-2018-106796-0,US-2018-106796,OFF-AR-10003504,10.27,3,0.20,1.16,East,Office Supplies
CA-2018-113873-0,CA-2018-113873,OFF-ST-10000943,61.79,4,0.20,6.18,Central,Office Supplies
CA-2018-113873-1,CA-2018-113873,FUR-BO-10003441,206.00,3,0.32,-27.26,Central,Furniture
CA-2017-149783-0,CA-2017-149783,OFF-PA-10002195,12.19,3,0.20,4.11,South,Office Supplies
CA-2017-149783-1,CA-2017-149783,OFF-AP-10001205,87.17,2,0.20,8.72,South,Office Supplies
CA-2017-149783-2,CA-2017-149783,OFF-AR-10002987,31.74,2,0.20,8.33,South,Office Supplies
CA-2017-125017-0,CA-2017-125017,FUR-FU-10000723,132.22,4,0.20,-18.18,South,Furniture
US-2016-163279-0,US-2016-163279,OFF-PA-10003127,105.52,4,0.00,48.54,West,Office Supplies
US-2016-163279-1,US-2016-163279,FUR-FU-10000747,91.96,2,0.00,15.63,West,Furniture
US-2016-163279-2,US-2016-163279,TEC-PH-10001795,1487.98,3,0.20,186.00,West,Technology
CA-2016-150196-0,CA-2016-150196,OFF-PA-10003797,19.44,3,0.00,9.33,East,Office Supplies
US-2016-106495-0,US-2016-106495,TEC-AC-10002718,11.67,1,0.20,-0.73,South,Technology
CA-2015-124730-0,CA-2015-124730,TEC-PH-10002170,279.96,4,0.00,78.39,East,Technology
CA-2015-124730-1,CA-2015-124730,OFF-BI-10001078,12.91,3,0.20,4.68,East,Office Supplies
CA-2015-124730-2,CA-2015-124730,OFF-BI-10001031,17.09,4,0.20,5.77,East,Office Supplies
CA-2015-124730-3,CA-2015-124730,OFF-LA-10001158,93.15,9,0.00,44.71,East,Office Supplies
CA-2015-124730-4,CA-2015-124730,OFF-LA-10001613,11.52,4,0.00,5.64,East,Office Supplies
CA-2018-117632-0,CA-2018-117632,OFF-SU-10000157,238.62,2,0.00,4.77,West,Office Supplies
CA-2018-117632-1,CA-2018-117632,OFF-AP-10004868,7.77,1,0.00,2.10,West,Office Supplies
CA-2018-117632-2,CA-2018-117632,FUR-TA-10001520,285.48,5,0.20,-10.71,West,Furniture
CA-2018-117632-3,CA-2018-117632,OFF-BI-10001900,19.17,4,0.20,6.47,West,Office Supplies
CA-2015-115056-0,CA-2015-115056,OFF-AP-10003971,26.14,3,0.20,1.96,East,Office Supplies
CA-2018-161067-0,CA-2018-161067,OFF-PA-10000418,419.40,4,0.00,201.31,East,Office Supplies
CA-2018-161067-1,CA-2018-161067,FUR-CH-10004626,90.80,1,0.10,14.12,East,Furniture
CA-2018-161067-2,CA-2018-161067,FUR-CH-10004860,181.76,2,0.10,-8.08,East,Furniture
CA-2018-161067-3,CA-2018-161067,OFF-AR-10003251,5.56,2,0.00,2.22,East,Office Supplies
CA-2017-122063-0,CA-2017-122063,FUR-TA-10004575,581.96,2,0.00,104.75,Central,Furniture
CA-2017-122063-1,CA-2017-122063,FUR-CH-10004754,29.98,1,0.00,8.09,Central,Furniture
CA-2016-111206-0,CA-2016-111206,TEC-AC-10003095,519.96,4,0.00,176.79,West,Technology
CA-2017-142895-0,CA-2017-142895,OFF-LA-10000262,6.26,3,0.20,2.04,South,Office Supplies
CA-2017-142895-1,CA-2017-142895,FUR-CH-10002961,363.92,5,0.20,0.00,South,Furniture
CA-2016-101868-0,CA-2016-101868,OFF-BI-10003876,64.20,5,0.70,-42.80,South,Office Supplies
CA-2016-101868-1,CA-2016-101868,OFF-BI-10002133,38.52,3,0.70,-26.96,South,Office Supplies
CA-2016-101868-2,CA-2016-101868,TEC-AC-10004396,72.60,5,0.20,-8.17,South,Technology
CA-2018-133207-0,CA-2018-133207,TEC-PH-10004100,57.57,4,0.20,5.76,West,Technology
CA-2016-132948-0,CA-2016-132948,OFF-ST-10000636,83.70,5,0.00,3.35,West,Office Supplies
CA-2016-134992-0,CA-2016-134992,OFF-PA-10001972,32.40,5,0.00,15.55,South,Office Supplies
CA-2016-134992-1,CA-2016-134992,FUR-FU-10002554,47.98,2,0.00,11.04,South,Furniture
CA-2016-126725-0,CA-2016-126725,TEC-PH-10003174,415.97,4,0.20,52.00,West,Technology
CA-2016-126725-1,CA-2016-126725,OFF-ST-10001418,304.90,5,0.00,6.10,West,Office Supplies
CA-2016-126725-2,CA-2016-126725,FUR-FU-10002813,80.96,4,0.00,29.15,West,Furniture
CA-2016-126725-3,CA-2016-126725,OFF-ST-10000129,777.21,7,0.00,54.40,West,Office Supplies
CA-2016-126725-4,CA-2016-126725,OFF-PA-10001639,32.40,5,0.00,15.55,West,Office Supplies
CA-2016-126725-5,CA-2016-126725,FUR-CH-10001708,225.57,2,0.20,2.82,West,Furniture
CA-2016-126725-6,CA-2016-126725,FUR-FU-10001591,36.60,3,0.00,15.37,West,Furniture
CA-2016-121783-0,CA-2016-121783,OFF-AP-10003849,715.64,2,0.00,178.91,Central,Office Supplies
CA-2016-121783-1,CA-2016-121783,OFF-ST-10000078,795.51,3,0.00,143.19,Central,Office Supplies
CA-2016-121783-2,CA-2016-121783,TEC-CO-10001571,549.99,1,0.00,275.00,Central,Technology
CA-2016-121783-3,CA-2016-121783,OFF-BI-10001658,74.76,3,0.00,34.39,Central,Office Supplies
CA-2016-121783-4,CA-2016-121783,FUR-FU-10004351,29.22,3,0.00,12.86,Central,Furniture
US-2015-138835-0,US-2015-138835,OFF-BI-10003314,9.64,2,0.00,4.72,South,Office Supplies
CA-2016-112214-0,CA-2016-112214,OFF-ST-10001505,33.49,7,0.20,-1.26,Central,Office Supplies
CA-2016-112214-1,CA-2016-112214,OFF-SU-10003567,23.04,3,0.20,-4.90,Central,Office Supplies
CA-2016-112214-2,CA-2016-112214,OFF-BI-10002982,1.36,1,0.80,-2.18,Central,Office Supplies
CA-2016-112214-3,CA-2016-112214,FUR-FU-10002364,14.76,5,0.60,-11.44,Central,Furniture
US-2018-153255-0,US-2018-153255,FUR-BO-10004218,239.67,2,0.15,14.10,West,Furniture
CA-2016-108119-0,CA-2016-108119,FUR-TA-10002530,301.96,2,0.00,45.29,South,Furniture
CA-2016-157434-0,CA-2016-157434,OFF-PA-10001526,7.97,2,0.20,2.89,East,Office Supplies
CA-2017-101525-0,CA-2017-101525,OFF-PA-10001497,109.92,2,0.00,53.86,South,Office Supplies
CA-2017-101525-1,CA-2017-101525,OFF-PA-10003936,19.44,3,0.00,9.33,South,Office Supplies
CA-2017-101525-2,CA-2017-101525,OFF-AR-10000716,11.16,2,0.00,4.35,South,Office Supplies
US-2015-117968-0,US-2015-117968,OFF-AP-10002765,79.47,3,0.00,22.25,East,Office Supplies
US-2015-117968-1,US-2015-117968,OFF-AR-10004165,4.56,2,0.00,2.01,East,Office Supplies
US-2015-117968-2,US-2015-117968,FUR-CH-10002335,1133.35,5,0.00,294.67,East,Furniture
CA-2017-158211-0,CA-2017-158211,OFF-AR-10004078,4.67,1,0.20,0.58,East,Office Supplies
CA-2017-158211-1,CA-2017-158211,OFF-BI-10002026,104.58,6,0.70,-80.18,East,Office Supplies
CA-2017-152247-0,CA-2017-152247,FUR-CH-10001215,1603.14,4,0.20,100.20,West,Furniture
CA-2017-128223-0,CA-2017-128223,FUR-TA-10001771,1293.49,7,0.20,80.84,West,Furniture
CA-2017-154235-0,CA-2017-154235,FUR-FU-10004006,127.95,3,0.00,21.75,Central,Furniture
CA-2018-129910-0,CA-2018-129910,OFF-ST-10003282,59.76,1,0.00,16.73,South,Office Supplies
CA-2018-133095-0,CA-2018-133095,OFF-BI-10002353,108.08,7,0.00,54.04,South,Office Supplies
CA-2018-133095-1,CA-2018-133095,OFF-BI-10004141,9.54,3,0.00,4.39,South,Office Supplies
CA-2016-130554-0,CA-2016-130554,OFF-AR-10001954,11.74,3,0.20,1.03,East,Office Supplies
CA-2015-152443-0,CA-2015-152443,OFF-BI-10001071,447.86,7,0.00,219.45,East,Office Supplies
CA-2015-152443-1,CA-2015-152443,OFF-PA-10003022,17.94,3,0.00,8.79,East,Office Supplies
CA-2015-152443-2,CA-2015-152443,OFF-AP-10001293,245.88,6,0.00,68.85,East,Office Supplies
CA-2017-133319-0,CA-2017-133319,OFF-PA-10001815,192.16,4,0.00,92.24,East,Office Supplies
CA-2017-133935-0,CA-2017-133935,FUR-CH-10001215,801.57,2,0.20,50.10,West,Furniture
CA-2017-133935-1,CA-2017-133935,OFF-PA-10000100,368.91,9,0.00,180.77,West,Office Supplies
CA-2017-133935-2,CA-2017-133935,FUR-CH-10002880,885.53,9,0.20,-99.62,West,Furniture
CA-2017-136301-0,CA-2017-136301,FUR-FU-10004712,28.28,2,0.00,7.35,West,Furniture
CA-2017-136301-1,CA-2017-136301,OFF-SU-10000151,4912.59,3,0.00,196.50,West,Office Supplies
US-2015-109456-0,US-2015-109456,OFF-BI-10000136,14.35,3,0.20,5.02,West,Office Supplies
US-2015-109456-1,US-2015-109456,TEC-AC-10003610,179.97,3,0.00,86.39,West,Technology
CA-2018-151596-0,CA-2018-151596,OFF-ST-10001837,42.76,1,0.00,11.12,East,Office Supplies
CA-2016-147879-0,CA-2016-147879,OFF-PA-10001952,45.68,2,0.00,21.01,South,Office Supplies
CA-2017-166625-0,CA-2017-166625,OFF-BI-10002414,25.06,2,0.00,11.78,East,Office Supplies
CA-2017-146157-0,CA-2017-146157,OFF-PA-10001790,38.43,1,0.20,13.45,Central,Office Supplies
CA-2017-146157-1,CA-2017-146157,OFF-ST-10001590,21.57,2,0.20,1.62,Central,Office Supplies
CA-2017-146157-2,CA-2017-146157,TEC-AC-10003657,81.58,3,0.20,2.04,Central,Technology
CA-2018-159954-0,CA-2018-159954,OFF-BI-10004876,2.78,1,0.00,1.36,South,Office Supplies
CA-2018-100825-0,CA-2018-100825,OFF-ST-10003123,99.87,3,0.00,23.97,West,Office Supplies
CA-2015-168305-0,CA-2015-168305,OFF-LA-10003498,44.40,3,0.00,22.20,West,Office Supplies
CA-2015-168305-1,CA-2015-168305,OFF-PA-10004947,21.40,5,0.00,9.63,West,Office Supplies
CA-2017-167682-0,CA-2017-167682,FUR-FU-10003799,71.12,4,0.00,22.05,Central,Furniture
CA-2017-167682-1,CA-2017-167682,TEC-PH-10000673,259.96,4,0.00,124.78,Central,Technology
CA-2018-108000-0,CA-2018-108000,OFF-EN-10002621,9.78,1,0.00,4.89,West,Office Supplies
CA-2016-146465-0,CA-2016-146465,OFF-BI-10004528,24.19,9,0.20,7.56,West,Office Supplies
CA-2017-159639-0,CA-2017-159639,FUR-FU-10001889,31.56,3,0.00,10.41,East,Furniture
US-2018-153948-0,US-2018-153948,OFF-PA-10000157,59.94,3,0.00,28.17,West,Office Supplies
US-2018-153948-1,US-2018-153948,OFF-PA-10002764,45.36,4,0.00,22.23,West,Office Supplies
US-2018-153948-2,US-2018-153948,OFF-PA-10000143,26.40,5,0.00,12.67,West,Office Supplies
US-2018-153948-3,US-2018-153948,OFF-LA-10000414,41.40,4,0.00,19.87,West,Office Supplies
US-2018-153948-4,US-2018-153948,TEC-AC-10003441,16.95,1,0.00,1.02,West,Technology
US-2017-113985-0,US-2017-113985,OFF-BI-10002353,24.70,2,0.20,9.26,West,Office Supplies
US-2017-113985-1,US-2017-113985,OFF-AP-10001303,59.70,3,0.00,26.86,West,Office Supplies
US-2017-113985-2,US-2017-113985,FUR-FU-10003026,14.52,3,0.00,5.66,West,Furniture
US-2017-113985-3,US-2017-113985,OFF-BI-10000632,104.18,3,0.20,33.86,West,Office Supplies
CA-2017-155383-0,CA-2017-155383,OFF-ST-10001328,46.53,3,0.00,13.03,West,Office Supplies
CA-2015-120432-0,CA-2015-120432,OFF-SU-10004661,25.50,3,0.00,6.63,South,Office Supplies
US-2016-126977-0,US-2016-126977,OFF-ST-10000617,14.90,5,0.00,1.04,East,Office Supplies
US-2016-126977-1,US-2016-126977,OFF-LA-10002762,87.71,7,0.00,41.22,East,Office Supplies
US-2016-126977-2,US-2016-126977,FUR-CH-10001973,199.76,2,0.10,8.88,East,Furniture
US-2016-126977-3,US-2016-126977,OFF-ST-10003058,94.60,4,0.00,27.43,East,Office Supplies
US-2016-126977-4,US-2016-126977,FUR-BO-10004834,4228.70,6,0.20,158.58,East,Furniture
US-2016-126977-5,US-2016-126977,FUR-BO-10002213,2003.92,5,0.20,-25.05,East,Furniture
US-2016-126977-6,US-2016-126977,TEC-PH-10002170,209.97,3,0.00,58.79,East,Technology
US-2016-126977-7,US-2016-126977,TEC-AC-10003033,659.90,2,0.00,217.77,East,Technology
US-2016-126977-8,US-2016-126977,OFF-PA-10004071,110.96,2,0.00,53.26,East,Office Supplies
US-2016-126977-9,US-2016-126977,TEC-PH-10000169,67.80,4,0.00,1.36,East,Technology
CA-2017-130288-0,CA-2017-130288,FUR-TA-10002958,313.18,2,0.40,-120.05,East,Furniture
CA-2018-146458-0,CA-2018-146458,OFF-AR-10001177,22.96,7,0.00,6.66,South,Office Supplies
CA-2018-150420-0,CA-2018-150420,TEC-AC-10004975,1099.50,10,0.00,362.83,West,Technology
US-2015-118997-0,US-2015-118997,FUR-TA-10001086,1215.92,8,0.00,316.14,South,Furniture
CA-2015-114314-0,CA-2015-114314,OFF-LA-10000240,7.31,1,0.00,3.44,South,Office Supplies
CA-2015-114314-1,CA-2015-114314,FUR-FU-10002107,8.92,4,0.00,3.92,South,Furniture
US-2018-169551-0,US-2018-169551,FUR-BO-10001519,87.21,3,0.50,-45.35,East,Furniture
US-2018-169551-1,US-2018-169551,OFF-PA-10004100,15.55,3,0.20,5.44,East,Office Supplies
US-2018-169551-2,US-2018-169551,TEC-PH-10001363,683.99,2,0.40,-114.00,East,Technology
US-2018-169551-3,US-2018-169551,OFF-ST-10004835,13.39,3,0.20,1.00,East,Office Supplies
US-2018-169551-4,US-2018-169551,TEC-AC-10002018,16.78,3,0.20,4.82,East,Technology
US-2018-169551-5,US-2018-169551,TEC-AC-10003033,527.92,2,0.20,85.79,East,Technology
CA-2017-103107-0,CA-2017-103107,FUR-FU-10000221,25.40,5,0.00,8.64,West,Furniture
CA-2017-103107-1,CA-2017-103107,TEC-PH-10001198,177.48,3,0.20,19.97,West,Technology
CA-2017-103107-2,CA-2017-103107,TEC-PH-10002564,71.98,3,0.20,9.00,West,Technology
CA-2018-122077-0,CA-2018-122077,TEC-PH-10003811,95.99,1,0.20,9.60,Central,Technology
CA-2018-122077-1,CA-2018-122077,OFF-LA-10004178,13.22,4,0.20,4.30,Central,Office Supplies
CA-2018-112431-0,CA-2018-112431,TEC-AC-10001465,435.84,12,0.00,130.75,West,Technology
CA-2018-112431-1,CA-2018-112431,OFF-AR-10000940,5.88,2,0.00,1.59,West,Office Supplies
CA-2017-151092-0,CA-2017-151092,TEC-PH-10001700,211.17,4,0.20,18.48,West,Technology
CA-2015-104178-0,CA-2015-104178,FUR-FU-10000771,6.28,1,0.00,2.64,West,Furniture
CA-2015-104178-1,CA-2015-104178,TEC-AC-10002399,95.10,5,0.00,30.43,West,Technology
CA-2015-104178-2,CA-2015-104178,OFF-PA-10004983,25.92,4,0.00,12.44,West,Office Supplies
CA-2015-104178-3,CA-2015-104178,OFF-ST-10004258,48.84,4,0.00,13.19,West,Office Supplies
CA-2016-115924-0,CA-2016-115924,OFF-BI-10004040,25.90,5,0.00,12.69,Central,Office Supplies
CA-2018-161046-0,CA-2018-161046,OFF-EN-10003862,42.68,4,0.00,19.63,South,Office Supplies
CA-2018-161046-1,CA-2018-161046,TEC-AC-10004571,299.97,3,0.00,125.99,South,Technology
CA-2018-161046-2,CA-2018-161046,OFF-AP-10000891,262.24,2,0.00,78.67,South,Office Supplies
CA-2018-161046-3,CA-2018-161046,OFF-BI-10002026,234.36,6,0.00,112.49,South,Office Supplies
US-2018-141698-0,US-2018-141698,OFF-PA-10001826,20.74,4,0.20,7.26,Central,Office Supplies
US-2015-105151-0,US-2015-105151,OFF-AR-10001231,10.50,5,0.00,2.94,East,Office Supplies
CA-2015-155796-0,CA-2015-155796,FUR-FU-10000409,23.97,2,0.20,7.79,East,Furniture
CA-2015-155796-1,CA-2015-155796,FUR-BO-10002545,521.96,4,0.50,-250.54,East,Furniture
CA-2017-127138-0,CA-2017-127138,OFF-ST-10002756,676.55,5,0.00,6.77,West,Office Supplies
CA-2017-127138-1,CA-2017-127138,OFF-AP-10003842,154.90,5,0.00,40.27,West,Office Supplies
CA-2017-127138-2,CA-2017-127138,OFF-EN-10004459,30.56,4,0.00,14.97,West,Office Supplies
CA-2017-127138-3,CA-2017-127138,FUR-CH-10003746,770.35,3,0.20,77.04,West,Furniture
CA-2018-150602-0,CA-2018-150602,FUR-FU-10003142,21.12,4,0.00,6.55,West,Furniture
CA-2015-140732-0,CA-2015-140732,TEC-PH-10001425,575.93,9,0.20,57.59,West,Technology
CA-2015-140732-1,CA-2015-140732,OFF-AP-10001626,7.78,2,0.00,2.02,West,Office Supplies
CA-2015-140732-2,CA-2015-140732,OFF-PA-10003625,123.92,4,0.00,55.76,West,Office Supplies
CA-2018-119011-0,CA-2018-119011,OFF-SU-10004768,17.22,3,0.00,5.17,West,Office Supplies
CA-2018-119011-1,CA-2018-119011,OFF-ST-10000777,226.56,6,0.00,63.44,West,Office Supplies
CA-2018-119011-2,CA-2018-119011,TEC-PH-10003171,107.88,3,0.20,10.79,West,Technology
CA-2017-166912-0,CA-2017-166912,OFF-PA-10001033,81.98,2,0.00,40.17,East,Office Supplies
CA-2015-141726-0,CA-2015-141726,OFF-PA-10000418,104.85,1,0.00,50.33,West,Office Supplies
CA-2015-141726-1,CA-2015-141726,OFF-BI-10001982,8.70,2,0.20,3.16,West,Office Supplies
CA-2015-141726-2,CA-2015-141726,OFF-PA-10002230,19.92,4,0.00,9.76,West,Office Supplies
CA-2015-141726-3,CA-2015-141726,FUR-FU-10003577,43.02,3,0.00,15.49,West,Furniture
CA-2018-115105-0,CA-2018-115105,FUR-BO-10001811,240.78,1,0.20,30.10,East,Furniture
CA-2016-143980-0,CA-2016-143980,OFF-AP-10003779,414.96,2,0.00,124.49,East,Office Supplies
CA-2017-135636-0,CA-2017-135636,OFF-ST-10000676,387.72,5,0.20,-67.85,South,Office Supplies
CA-2018-102155-0,CA-2018-102155,OFF-ST-10001496,360.38,2,0.00,93.70,Central,Office Supplies
CA-2018-102155-1,CA-2018-102155,OFF-PA-10003673,13.56,2,0.00,6.24,Central,Office Supplies
CA-2018-116953-0,CA-2018-116953,TEC-PH-10004614,552.00,10,0.20,34.50,West,Technology
CA-2015-117765-0,CA-2015-117765,FUR-TA-10001039,429.90,5,0.00,111.77,Central,Furniture
CA-2015-117765-1,CA-2015-117765,OFF-BI-10000474,32.06,2,0.00,15.39,Central,Office Supplies
CA-2015-117765-2,CA-2015-117765,FUR-CH-10004698,161.96,2,0.00,45.35,Central,Furniture
CA-2015-117765-3,CA-2015-117765,OFF-ST-10003327,19.86,2,0.00,5.76,Central,Office Supplies
CA-2017-114895-0,CA-2017-114895,OFF-PA-10000232,12.96,2,0.00,6.35,East,Office Supplies
CA-2018-112984-0,CA-2018-112984,OFF-PA-10003657,20.54,6,0.20,6.42,East,Office Supplies
CA-2017-163776-0,CA-2017-163776,FUR-FU-10001185,185.58,6,0.00,76.09,South,Furniture
CA-2017-163776-1,CA-2017-163776,OFF-BI-10003007,77.56,2,0.00,35.68,South,Office Supplies
CA-2017-163776-2,CA-2017-163776,OFF-ST-10002485,87.92,4,0.00,0.88,South,Office Supplies
CA-2017-163776-3,CA-2017-163776,OFF-PA-10001033,245.94,6,0.00,120.51,South,Office Supplies
CA-2017-163776-4,CA-2017-163776,OFF-BI-10000404,8.60,1,0.00,4.04,South,Office Supplies
CA-2017-163776-5,CA-2017-163776,FUR-BO-10003546,504.90,5,0.00,126.22,South,Furniture
US-2018-163300-0,US-2018-163300,OFF-BI-10004390,2357.49,7,0.20,884.06,West,Office Supplies
US-2018-163300-1,US-2018-163300,TEC-PH-10001700,369.54,7,0.20,32.34,West,Technology
US-2018-163300-2,US-2018-163300,FUR-CH-10003396,184.75,3,0.20,-20.78,West,Furniture
CA-2017-162187-0,CA-2017-162187,OFF-ST-10001558,64.96,5,0.20,-4.06,East,Office Supplies
CA-2017-162187-1,CA-2017-162187,OFF-SU-10004782,13.52,2,0.20,1.69,East,Office Supplies
CA-2017-162187-2,CA-2017-162187,FUR-CH-10003298,458.43,5,0.30,-137.53,East,Furniture
CA-2017-162187-3,CA-2017-162187,OFF-AP-10000576,387.14,4,0.20,24.20,East,Office Supplies
CA-2017-162187-4,CA-2017-162187,FUR-TA-10003008,328.59,3,0.40,-147.87,East,Furniture
US-2015-112991-0,US-2015-112991,FUR-CH-10001708,338.35,3,0.20,4.23,West,Furniture
US-2015-112991-1,US-2015-112991,OFF-PA-10000019,25.92,4,0.00,12.44,West,Office Supplies
US-2015-112991-2,US-2015-112991,OFF-PA-10002222,91.36,4,0.00,42.03,West,Office Supplies
CA-2015-124079-0,CA-2015-124079,FUR-FU-10002553,87.96,3,0.20,7.70,West,Furniture
CA-2015-124079-1,CA-2015-124079,OFF-BI-10002103,5.21,2,0.70,-4.17,West,Office Supplies
US-2018-146878-0,US-2018-146878,OFF-BI-10002794,12.29,1,0.70,-8.61,South,Office Supplies
CA-2018-107244-0,CA-2018-107244,FUR-FU-10002597,19.76,4,0.00,8.30,West,Furniture
CA-2016-100657-0,CA-2016-100657,FUR-CH-10003535,109.76,2,0.10,8.54,East,Furniture
CA-2018-129581-0,CA-2018-129581,TEC-PH-10001527,128.85,3,0.00,3.87,East,Technology
CA-2018-129028-0,CA-2018-129028,FUR-FU-10004006,127.95,3,0.00,21.75,South,Furniture
CA-2016-135580-0,CA-2016-135580,OFF-PA-10000595,68.52,3,0.00,31.52,West,Office Supplies
CA-2016-135580-1,CA-2016-135580,OFF-ST-10000798,74.94,3,0.00,14.24,West,Office Supplies
CA-2016-135580-2,CA-2016-135580,TEC-MA-10004002,2548.56,6,0.20,286.71,West,Technology
CA-2016-135580-3,CA-2016-135580,OFF-EN-10003296,271.44,3,0.00,122.15,West,Office Supplies
CA-2016-135580-4,CA-2016-135580,TEC-PH-10004345,287.88,3,0.20,35.98,West,Technology
CA-2017-159016-0,CA-2017-159016,OFF-PA-10004405,14.90,5,0.00,7.15,West,Office Supplies
CA-2017-159016-1,CA-2017-159016,TEC-PH-10002885,4158.91,8,0.20,363.90,West,Technology
CA-2015-102652-0,CA-2015-102652,FUR-FU-10000747,91.96,2,0.00,15.63,West,Furniture
CA-2015-102652-1,CA-2015-102652,FUR-FU-10001918,33.11,7,0.00,12.91,West,Furniture
CA-2015-102652-2,CA-2015-102652,OFF-PA-10003309,19.44,3,0.00,9.33,West,Office Supplies
CA-2015-102652-3,CA-2015-102652,OFF-PA-10001977,55.48,1,0.00,26.63,West,Office Supplies
CA-2015-152422-0,CA-2015-152422,OFF-AP-10002892,91.92,5,0.20,11.49,East,Office Supplies
US-2017-156692-0,US-2017-156692,OFF-AP-10002222,17.34,2,0.00,4.68,South,Office Supplies
US-2017-156692-1,US-2017-156692,TEC-AC-10000158,71.98,2,0.00,15.12,South,Technology
CA-2015-130869-0,CA-2015-130869,OFF-EN-10002600,7.08,3,0.20,2.48,Central,Office Supplies
US-2018-128832-0,US-2018-128832,TEC-AC-10004855,69.98,2,0.00,4.90,East,Technology
CA-2018-139717-0,CA-2018-139717,OFF-AP-10000938,646.27,8,0.20,64.63,East,Office Supplies
CA-2018-139717-1,CA-2018-139717,OFF-PA-10002195,10.37,2,0.20,3.76,East,Office Supplies
CA-2018-136007-0,CA-2018-136007,OFF-FA-10002701,8.40,5,0.00,0.34,West,Office Supplies
CA-2018-136007-1,CA-2018-136007,TEC-PH-10003589,71.96,5,0.20,25.19,West,Technology
CA-2017-157364-0,CA-2017-157364,OFF-AR-10003752,18.48,2,0.20,6.01,South,Office Supplies
US-2017-112970-0,US-2017-112970,OFF-AR-10003829,9.84,3,0.00,2.85,West,Office Supplies
US-2018-152492-0,US-2018-152492,FUR-CH-10000155,239.24,1,0.20,23.92,South,Furniture
CA-2017-101168-0,CA-2017-101168,FUR-FU-10003142,21.12,4,0.00,6.55,East,Furniture
CA-2018-104010-0,CA-2018-104010,OFF-SU-10001218,54.90,5,0.00,15.37,East,Office Supplies
CA-2016-130253-0,CA-2016-130253,FUR-FU-10002963,15.24,3,0.00,5.18,West,Furniture
US-2016-155369-0,US-2016-155369,OFF-AP-10002578,19.57,2,0.80,-52.83,Central,Office Supplies
US-2016-155369-1,US-2016-155369,OFF-BI-10003925,310.39,4,0.80,-512.15,Central,Office Supplies
CA-2017-131205-0,CA-2017-131205,FUR-FU-10003347,42.60,3,0.00,16.61,South,Furniture
CA-2017-131205-1,CA-2017-131205,OFF-BI-10000315,113.94,6,0.00,54.69,South,Office Supplies
CA-2017-131205-2,CA-2017-131205,OFF-ST-10002583,129.92,4,0.00,5.20,South,Office Supplies
CA-2017-131205-3,CA-2017-131205,OFF-AR-10003469,5.28,3,0.00,2.53,South,Office Supplies
CA-2018-122364-0,CA-2018-122364,TEC-PH-10001817,859.20,3,0.20,75.18,West,Technology
CA-2018-122364-1,CA-2018-122364,TEC-MA-10001031,506.28,3,0.20,177.20,West,Technology
CA-2017-117912-0,CA-2017-117912,FUR-FU-10002088,14.37,2,0.20,3.95,West,Furniture
CA-2018-145702-0,CA-2018-145702,FUR-CH-10001482,314.35,3,0.20,-35.36,South,Furniture
CA-2018-145702-1,CA-2018-145702,OFF-PA-10001526,27.89,7,0.20,10.11,South,Office Supplies
CA-2016-113215-0,CA-2016-113215,FUR-FU-10002937,238.15,3,0.20,89.31,West,Furniture
CA-2017-154662-0,CA-2017-154662,FUR-TA-10001771,692.94,3,0.00,173.24,Central,Furniture
CA-2016-105571-0,CA-2016-105571,OFF-BI-10003305,16.15,9,0.70,-12.92,South,Office Supplies
CA-2016-105571-1,CA-2016-105571,OFF-BI-10001359,1345.48,5,0.70,-1031.54,South,Office Supplies
CA-2017-152765-0,CA-2017-152765,OFF-PA-10000483,173.49,7,0.20,54.22,Central,Office Supplies
CA-2016-153878-0,CA-2016-153878,OFF-AR-10000658,57.75,5,0.00,16.17,Central,Office Supplies
CA-2016-153878-1,CA-2016-153878,OFF-AP-10001205,272.40,5,0.00,76.27,Central,Office Supplies
CA-2017-124016-0,CA-2017-124016,OFF-PA-10002586,11.95,3,0.20,4.03,East,Office Supplies
CA-2017-124016-1,CA-2017-124016,FUR-FU-10004963,28.00,4,0.20,7.70,East,Furniture
CA-2017-124016-2,CA-2017-124016,OFF-BI-10002071,12.20,7,0.70,-9.76,East,Office Supplies
CA-2017-113551-0,CA-2017-113551,OFF-BI-10001617,2.07,1,0.80,-3.41,Central,Office Supplies
CA-2017-113551-1,CA-2017-113551,OFF-PA-10004665,83.84,8,0.20,30.39,Central,Office Supplies
CA-2015-107524-0,CA-2015-107524,OFF-EN-10001990,11.36,2,0.00,5.34,East,Office Supplies
CA-2015-107524-1,CA-2015-107524,OFF-PA-10000587,36.40,5,0.00,17.47,East,Office Supplies
CA-2015-138072-0,CA-2015-138072,TEC-AC-10004859,27.97,2,0.20,6.99,East,Technology
CA-2016-134201-0,CA-2016-134201,OFF-ST-10001476,142.04,4,0.00,38.35,East,Office Supplies
CA-2016-134201-1,CA-2016-134201,OFF-AR-10002804,14.67,3,0.00,6.01,East,Office Supplies
CA-2016-111780-0,CA-2016-111780,TEC-CO-10004202,1199.96,5,0.20,224.99,West,Technology
CA-2016-111780-1,CA-2016-111780,OFF-PA-10001307,12.60,3,0.00,6.17,West,Office Supplies
CA-2016-111780-2,CA-2016-111780,OFF-PA-10001667,17.94,3,0.00,8.07,West,Office Supplies
CA-2016-119942-0,CA-2016-119942,OFF-LA-10001569,23.90,6,0.20,7.77,East,Office Supplies
CA-2016-151547-0,CA-2016-151547,OFF-SU-10000898,88.96,8,0.20,10.01,South,Office Supplies
CA-2018-166695-0,CA-2018-166695,FUR-CH-10000225,518.27,8,0.20,-97.18,West,Furniture
CA-2018-166695-1,CA-2018-166695,FUR-FU-10002191,6.98,1,0.00,3.35,West,Furniture
CA-2018-166695-2,CA-2018-166695,TEC-MA-10003176,343.20,1,0.20,38.61,West,Technology
CA-2018-167542-0,CA-2018-167542,OFF-LA-10004093,17.54,3,0.20,5.92,East,Office Supplies
CA-2016-120901-0,CA-2016-120901,OFF-ST-10000025,152.69,2,0.20,-26.72,Central,Office Supplies
CA-2016-120901-1,CA-2016-120901,OFF-FA-10001561,3.49,2,0.20,0.57,Central,Office Supplies
CA-2016-120901-2,CA-2016-120901,OFF-SU-10001225,5.89,2,0.20,-1.32,Central,Office Supplies
CA-2018-121398-0,CA-2018-121398,OFF-BI-10001718,153.55,3,0.20,51.82,West,Office Supplies
CA-2018-121398-1,CA-2018-121398,OFF-ST-10002756,270.62,2,0.00,2.71,West,Office Supplies
CA-2017-151561-0,CA-2017-151561,TEC-AC-10001432,468.90,6,0.00,206.32,East,Technology
CA-2017-151561-1,CA-2017-151561,TEC-AC-10003399,72.48,2,0.00,30.44,East,Technology
CA-2017-151561-2,CA-2017-151561,OFF-SU-10001574,10.95,3,0.00,3.29,East,Office Supplies
CA-2017-151561-3,CA-2017-151561,FUR-FU-10004864,191.82,3,0.00,61.38,East,Furniture
CA-2018-154676-0,CA-2018-154676,OFF-ST-10001172,151.06,9,0.20,7.55,Central,Office Supplies
US-2015-165589-0,US-2015-165589,FUR-FU-10002396,25.16,5,0.60,-11.32,Central,Furniture
US-2017-132577-0,US-2017-132577,OFF-BI-10004040,6.22,6,0.80,-9.63,Central,Office Supplies
US-2017-132577-1,US-2017-132577,OFF-AR-10003481,23.62,9,0.20,2.66,Central,Office Supplies
US-2017-132577-2,US-2017-132577,TEC-AC-10000387,24.03,2,0.20,-0.60,Central,Technology
US-2017-132577-3,US-2017-132577,OFF-LA-10000262,2.09,1,0.20,0.68,Central,Office Supplies
US-2017-132577-4,US-2017-132577,OFF-BI-10003196,4.49,6,0.80,-6.73,Central,Office Supplies
CA-2016-114048-0,CA-2016-114048,FUR-FU-10004351,29.22,3,0.00,12.86,West,Furniture
CA-2016-137281-0,CA-2016-137281,OFF-PA-10001870,6.48,1,0.00,3.11,South,Office Supplies
US-2018-162068-0,US-2018-162068,OFF-BI-10002813,1.19,2,0.70,-0.99,West,Office Supplies
CA-2018-100111-0,CA-2018-100111,FUR-CH-10003846,272.65,3,0.10,18.18,East,Furniture
CA-2018-100111-1,CA-2018-100111,TEC-AC-10002647,212.80,2,0.00,95.76,East,Technology
CA-2018-100111-2,CA-2018-100111,OFF-PA-10000807,38.52,9,0.00,18.10,East,Office Supplies
CA-2018-100111-3,CA-2018-100111,TEC-AC-10001465,72.64,2,0.00,21.79,East,Technology
CA-2018-100111-4,CA-2018-100111,OFF-ST-10000615,45.40,4,0.00,12.71,East,Office Supplies
CA-2018-100111-5,CA-2018-100111,OFF-PA-10002713,13.76,2,0.00,6.33,East,Office Supplies
CA-2018-100111-6,CA-2018-100111,FUR-CH-10003061,80.99,1,0.10,8.10,East,Furniture
CA-2018-100111-7,CA-2018-100111,OFF-BI-10000343,11.78,3,0.20,3.98,East,Office Supplies
CA-2018-100111-8,CA-2018-100111,OFF-FA-10000304,4.36,2,0.00,1.79,East,Office Supplies
CA-2018-100111-9,CA-2018-100111,FUR-CH-10004086,2888.13,11,0.10,609.72,East,Furniture
CA-2018-100111-10,CA-2018-100111,TEC-PH-10002885,1299.66,2,0.00,350.91,East,Technology
CA-2018-100111-11,CA-2018-100111,FUR-CH-10001215,2254.41,5,0.10,375.74,East,Furniture
CA-2018-100111-12,CA-2018-100111,TEC-PH-10000215,104.85,3,0.00,28.31,East,Technology
CA-2018-100111-13,CA-2018-100111,TEC-AC-10001998,59.97,3,0.00,20.39,East,Technology
US-2018-132381-0,US-2018-132381,FUR-TA-10002356,314.53,2,0.40,-83.88,East,Furniture
CA-2016-147011-0,CA-2016-147011,OFF-AR-10002399,13.63,4,0.20,3.58,South,Office Supplies
CA-2015-120852-0,CA-2015-120852,OFF-AP-10001563,19.43,2,0.80,-49.55,Central,Office Supplies
CA-2015-120852-1,CA-2015-120852,TEC-AC-10004510,65.44,5,0.20,-8.18,Central,Technology
CA-2017-150007-0,CA-2017-150007,OFF-LA-10001982,6.00,2,0.20,2.10,Central,Office Supplies
CA-2017-150007-1,CA-2017-150007,OFF-BI-10004141,1.91,3,0.80,-3.24,Central,Office Supplies
CA-2017-124590-0,CA-2017-124590,FUR-CH-10004495,1474.80,7,0.30,-21.07,East,Furniture
CA-2017-124590-1,CA-2017-124590,OFF-AP-10002311,110.10,2,0.20,33.03,East,Office Supplies
CA-2017-124590-2,CA-2017-124590,OFF-FA-10000585,16.75,6,0.20,5.44,East,Office Supplies
CA-2017-124590-3,CA-2017-124590,FUR-CH-10000454,1537.07,9,0.30,0.00,East,Furniture
CA-2017-124590-4,CA-2017-124590,FUR-CH-10003746,449.37,2,0.30,-12.84,East,Furniture
CA-2017-133802-0,CA-2017-133802,OFF-BI-10003291,41.90,6,0.20,14.14,West,Office Supplies
US-2017-113677-0,US-2017-113677,TEC-PH-10002114,2279.96,4,0.00,592.79,East,Technology
US-2017-113677-1,US-2017-113677,OFF-LA-10001569,14.94,3,0.00,6.87,East,Office Supplies
CA-2018-143378-0,CA-2018-143378,TEC-PH-10001425,191.98,3,0.20,19.20,West,Technology
CA-2018-143378-1,CA-2018-143378,OFF-AR-10001915,23.83,3,0.20,6.55,West,Office Supplies
CA-2018-143378-2,CA-2018-143378,FUR-FU-10004864,409.22,8,0.20,61.38,West,Furniture
CA-2018-143378-3,CA-2018-143378,FUR-BO-10001972,72.59,2,0.70,-128.24,West,Furniture
CA-2018-152660-0,CA-2018-152660,OFF-ST-10000532,61.57,2,0.20,4.62,Central,Office Supplies
CA-2016-142139-0,CA-2016-142139,OFF-PA-10003883,20.96,4,0.20,6.81,Central,Office Supplies
CA-2018-145772-0,CA-2018-145772,TEC-AC-10003038,44.75,5,0.00,8.50,West,Technology
CA-2018-145772-1,CA-2018-145772,OFF-PA-10001593,11.96,2,0.00,5.38,West,Office Supplies
CA-2018-145772-2,CA-2018-145772,OFF-BI-10002049,3.91,1,0.20,1.27,West,Office Supplies
CA-2017-124100-0,CA-2017-124100,FUR-CH-10003817,328.00,6,0.10,54.67,East,Furniture
US-2015-158400-0,US-2015-158400,OFF-BI-10002353,49.41,4,0.20,18.53,West,Office Supplies
CA-2018-162033-0,CA-2018-162033,TEC-AC-10003116,53.25,3,0.00,20.77,South,Technology
CA-2018-162033-1,CA-2018-162033,OFF-FA-10003021,3.76,2,0.00,1.32,South,Office Supplies
CA-2015-163447-0,CA-2015-163447,FUR-CH-10004477,767.21,14,0.10,161.97,East,Furniture
CA-2018-145737-0,CA-2018-145737,OFF-PA-10001033,163.96,5,0.20,59.44,South,Office Supplies
CA-2017-148096-0,CA-2017-148096,FUR-TA-10004152,161.28,2,0.20,12.10,West,Furniture
CA-2017-146766-0,CA-2017-146766,OFF-AR-10002135,192.80,4,0.00,55.91,West,Office Supplies
CA-2016-105613-0,CA-2016-105613,TEC-AC-10000521,27.70,3,0.20,3.46,Central,Technology
CA-2016-105613-1,CA-2016-105613,OFF-AP-10000026,73.16,6,0.80,-186.57,Central,Office Supplies
US-2017-142251-0,US-2017-142251,OFF-PA-10002986,32.06,6,0.20,11.22,South,Office Supplies
CA-2015-131247-0,CA-2015-131247,FUR-BO-10001337,205.67,2,0.15,-12.10,West,Furniture
US-2016-113593-0,US-2016-113593,OFF-ST-10000532,115.44,3,0.00,30.01,West,Office Supplies
CA-2018-121083-0,CA-2018-121083,OFF-PA-10001497,274.80,5,0.00,134.65,East,Office Supplies
CA-2018-121083-1,CA-2018-121083,OFF-ST-10002554,195.64,4,0.00,3.91,East,Office Supplies
CA-2018-121083-2,CA-2018-121083,TEC-PH-10001336,257.98,2,0.00,74.81,East,Technology
CA-2018-121083-3,CA-2018-121083,OFF-AR-10002987,119.04,6,0.00,48.81,East,Office Supplies
CA-2018-151190-0,CA-2018-151190,OFF-PA-10000575,20.07,3,0.00,9.23,Central,Office Supplies
CA-2015-133543-0,CA-2015-133543,OFF-AR-10003394,11.76,4,0.00,3.18,West,Office Supplies
CA-2018-105130-0,CA-2018-105130,OFF-AR-10003394,11.76,4,0.00,3.18,West,Office Supplies
CA-2018-105130-1,CA-2018-105130,OFF-BI-10001191,40.74,2,0.20,14.77,West,Office Supplies
CA-2017-161928-0,CA-2017-161928,TEC-PH-10003484,201.58,2,0.20,12.60,West,Technology
CA-2018-101322-0,CA-2018-101322,FUR-CH-10003968,340.70,6,0.20,-34.07,West,Furniture
US-2017-106600-0,US-2017-106600,FUR-BO-10001608,354.90,5,0.00,88.72,South,Furniture
CA-2015-111871-0,CA-2015-111871,FUR-BO-10004218,1198.33,10,0.15,70.49,West,Furniture
CA-2018-139437-0,CA-2018-139437,OFF-ST-10002485,87.92,4,0.00,0.88,West,Office Supplies
CA-2018-151484-0,CA-2018-151484,FUR-FU-10001876,51.97,2,0.20,10.39,East,Furniture
CA-2018-151484-1,CA-2018-151484,OFF-ST-10002370,51.34,3,0.20,5.78,East,Office Supplies
CA-2018-151484-2,CA-2018-151484,OFF-ST-10000142,332.70,1,0.20,33.27,East,Office Supplies
CA-2018-151484-3,CA-2018-151484,FUR-FU-10004671,42.41,3,0.20,9.54,East,Furniture
CA-2017-104150-0,CA-2017-104150,OFF-EN-10002504,81.54,3,0.00,38.32,Central,Office Supplies
CA-2017-104150-1,CA-2017-104150,TEC-AC-10004803,167.28,12,0.00,23.42,Central,Technology
CA-2017-161025-0,CA-2017-161025,OFF-ST-10001932,772.68,4,0.00,108.18,West,Office Supplies
CA-2015-103989-0,CA-2015-103989,TEC-PH-10004667,323.98,3,0.20,28.35,South,Technology
CA-2015-103989-1,CA-2015-103989,OFF-LA-10000443,11.81,4,0.20,3.99,South,Office Supplies
CA-2015-103989-2,CA-2015-103989,OFF-ST-10000918,26.16,3,0.20,1.96,South,Office Supplies
CA-2015-103989-3,CA-2015-103989,OFF-BI-10001196,33.57,5,0.70,-25.74,South,Office Supplies
CA-2015-103989-4,CA-2015-103989,FUR-FU-10003981,4.99,3,0.20,1.37,South,Furniture
CA-2015-103989-5,CA-2015-103989,FUR-FU-10002508,20.02,3,0.20,5.50,South,Furniture
CA-2015-103989-6,CA-2015-103989,TEC-AC-10002647,170.24,2,0.20,53.20,South,Technology
CA-2016-142433-0,CA-2016-142433,OFF-PA-10002377,117.46,3,0.20,44.05,Central,Office Supplies
CA-2016-132815-0,CA-2016-132815,OFF-PA-10004530,22.96,2,0.00,11.25,West,Office Supplies
CA-2015-101266-0,CA-2015-101266,OFF-PA-10002986,13.36,2,0.00,6.41,South,Office Supplies
CA-2017-141523-0,CA-2017-141523,OFF-BI-10000948,34.25,3,0.20,11.56,East,Office Supplies
CA-2017-141523-1,CA-2017-141523,OFF-AR-10001545,3.52,2,0.00,1.02,East,Office Supplies
US-2015-106299-0,US-2015-106299,OFF-BI-10001758,26.70,5,0.00,12.55,Central,Office Supplies
US-2015-106299-1,US-2015-106299,TEC-AC-10003237,21.20,2,0.00,9.12,Central,Technology
US-2015-106299-2,US-2015-106299,OFF-ST-10002011,838.38,2,0.00,226.36,Central,Office Supplies
CA-2016-158421-0,CA-2016-158421,FUR-CH-10000309,1690.04,4,0.00,422.51,South,Furniture
CA-2016-158421-1,CA-2016-158421,OFF-ST-10002444,85.96,7,0.00,24.07,South,Office Supplies
CA-2016-158421-2,CA-2016-158421,OFF-EN-10001453,121.96,2,0.00,57.32,South,Office Supplies
CA-2016-158421-3,CA-2016-158421,OFF-PA-10001801,23.92,4,0.00,11.72,South,Office Supplies
CA-2016-158421-4,CA-2016-158421,OFF-ST-10000563,63.96,2,0.00,6.40,South,Office Supplies
CA-2016-158421-5,CA-2016-158421,TEC-PH-10000369,629.95,5,0.00,176.39,South,Technology
CA-2016-158421-6,CA-2016-158421,TEC-PH-10002538,113.73,3,0.00,32.98,South,Technology
CA-2016-158421-7,CA-2016-158421,OFF-BI-10000050,14.60,2,0.00,6.86,South,Office Supplies
CA-2016-158421-8,CA-2016-158421,OFF-ST-10004186,887.84,8,0.00,17.76,South,Office Supplies
CA-2017-143609-0,CA-2017-143609,FUR-CH-10004218,403.92,5,0.20,25.25,West,Furniture
CA-2016-138331-0,CA-2016-138331,OFF-AR-10002952,106.80,10,0.20,10.68,East,Office Supplies
CA-2016-138954-0,CA-2016-138954,OFF-ST-10003058,70.95,3,0.00,20.58,East,Office Supplies
CA-2016-138954-1,CA-2016-138954,OFF-BI-10003963,34.94,6,0.20,11.79,East,Office Supplies
CA-2016-138954-2,CA-2016-138954,OFF-AR-10001955,119.04,6,0.00,35.71,East,Office Supplies
CA-2018-157903-0,CA-2018-157903,TEC-PH-10004345,383.84,4,0.20,47.98,Central,Technology
CA-2017-157259-0,CA-2017-157259,FUR-FU-10003192,799.56,9,0.00,207.89,East,Furniture
CA-2018-107986-0,CA-2018-107986,OFF-ST-10001325,31.44,3,0.00,8.49,West,Office Supplies
CA-2018-104927-0,CA-2018-104927,OFF-PA-10000019,25.92,5,0.20,9.07,Central,Office Supplies
CA-2018-104927-1,CA-2018-104927,OFF-BI-10003429,6.33,5,0.80,-9.81,Central,Office Supplies
CA-2018-104927-2,CA-2018-104927,OFF-PA-10000176,75.88,5,0.20,26.56,Central,Office Supplies
CA-2018-113453-0,CA-2018-113453,TEC-PH-10004165,329.99,2,0.40,-77.00,East,Technology
CA-2018-113453-1,CA-2018-113453,OFF-ST-10000352,71.38,3,0.20,-4.46,East,Office Supplies
CA-2016-149909-0,CA-2016-149909,OFF-PA-10000726,63.77,7,0.00,28.70,Central,Office Supplies
CA-2016-149909-1,CA-2016-149909,TEC-PH-10001536,50.97,3,0.00,13.25,Central,Technology
CA-2016-149909-2,CA-2016-149909,OFF-PA-10001790,96.08,2,0.00,46.12,Central,Office Supplies
CA-2016-146675-0,CA-2016-146675,TEC-CO-10001766,1439.97,4,0.20,485.99,Central,Technology
CA-2016-146675-1,CA-2016-146675,TEC-AC-10004396,43.56,3,0.20,-4.90,Central,Technology
CA-2017-118332-0,CA-2017-118332,FUR-CH-10001708,563.92,5,0.20,7.05,West,Furniture
CA-2017-133669-0,CA-2017-133669,TEC-PH-10001305,235.15,8,0.40,-47.03,East,Technology
CA-2018-145660-0,CA-2018-145660,FUR-FU-10002885,7.71,2,0.20,1.74,East,Furniture
CA-2017-133697-0,CA-2017-133697,OFF-PA-10000726,51.02,7,0.20,15.94,Central,Office Supplies
CA-2017-133697-1,CA-2017-133697,OFF-FA-10003112,25.25,4,0.20,7.89,Central,Office Supplies
CA-2017-133697-2,CA-2017-133697,FUR-CH-10002372,56.69,1,0.30,-14.58,Central,Furniture
CA-2018-148138-0,CA-2018-148138,OFF-ST-10000563,51.17,2,0.20,-6.40,East,Office Supplies
CA-2018-119809-0,CA-2018-119809,OFF-BI-10003925,2793.53,9,0.20,942.82,West,Office Supplies
CA-2018-119809-1,CA-2018-119809,OFF-ST-10003306,1000.02,7,0.00,290.01,West,Office Supplies
CA-2018-119809-2,CA-2018-119809,FUR-FU-10001475,65.94,3,0.00,22.42,West,Furniture
CA-2018-149944-0,CA-2018-149944,OFF-FA-10003495,18.24,3,0.00,9.12,West,Office Supplies
CA-2018-149944-1,CA-2018-149944,OFF-AP-10004708,76.12,2,0.00,22.07,West,Office Supplies
CA-2015-128538-0,CA-2015-128538,OFF-EN-10001219,7.64,1,0.00,3.74,West,Office Supplies
CA-2016-161711-0,CA-2016-161711,FUR-FU-10000087,68.16,3,0.00,27.95,East,Furniture
CA-2016-161711-1,CA-2016-161711,OFF-EN-10001539,62.24,8,0.00,29.25,East,Office Supplies
US-2016-129553-0,US-2016-129553,TEC-PH-10004897,29.97,3,0.00,0.30,South,Technology
CA-2017-160220-0,CA-2017-160220,TEC-PH-10001300,125.70,6,0.00,35.20,Central,Technology
CA-2017-160220-1,CA-2017-160220,TEC-PH-10001557,191.98,2,0.00,51.83,Central,Technology
CA-2017-160220-2,CA-2017-160220,OFF-ST-10000617,20.86,7,0.00,1.46,Central,Office Supplies
US-2018-157224-0,US-2018-157224,OFF-LA-10000121,56.70,9,0.00,26.08,West,Office Supplies
CA-2018-140627-0,CA-2018-140627,FUR-FU-10000087,72.70,4,0.20,19.08,South,Furniture
CA-2018-140627-1,CA-2018-140627,OFF-AR-10000422,12.26,7,0.20,1.07,South,Office Supplies
CA-2018-140627-2,CA-2018-140627,OFF-ST-10004123,218.35,3,0.20,-54.59,South,Office Supplies
CA-2016-133445-0,CA-2016-133445,FUR-BO-10003660,66.29,1,0.70,-103.86,West,Furniture
CA-2016-133445-1,CA-2016-133445,FUR-CH-10000422,291.17,4,0.20,-14.56,West,Furniture
CA-2015-148782-0,CA-2015-148782,TEC-PH-10002923,88.78,3,0.20,7.77,Central,Technology
CA-2017-148208-0,CA-2017-148208,TEC-PH-10004093,110.38,4,0.40,-20.24,East,Technology
CA-2017-148208-1,CA-2017-148208,TEC-AC-10000171,55.18,3,0.20,15.86,East,Technology
CA-2018-127656-0,CA-2018-127656,OFF-AR-10001166,30.32,4,0.00,11.82,Central,Office Supplies
US-2018-142188-0,US-2018-142188,FUR-CH-10003199,177.57,2,0.20,8.88,West,Furniture
US-2018-142188-1,US-2018-142188,OFF-PA-10002005,19.44,3,0.00,9.33,West,Office Supplies
US-2018-142188-2,US-2018-142188,OFF-PA-10004101,71.28,11,0.00,34.21,West,Office Supplies
US-2018-142188-3,US-2018-142188,OFF-BI-10004600,1471.96,5,0.20,459.99,West,Office Supplies
US-2018-142188-4,US-2018-142188,TEC-PH-10000127,79.96,5,0.20,-17.99,West,Technology
CA-2017-144400-0,CA-2017-144400,OFF-EN-10004386,57.58,3,0.20,21.59,East,Office Supplies
US-2017-155180-0,US-2017-155180,OFF-BI-10004506,26.34,4,0.20,9.22,East,Office Supplies
CA-2016-134075-0,CA-2016-134075,FUR-FU-10004597,166.50,3,0.00,21.64,West,Furniture
CA-2016-134075-1,CA-2016-134075,OFF-ST-10001496,360.38,2,0.00,93.70,West,Office Supplies
US-2017-131912-0,US-2017-131912,OFF-BI-10004236,11.74,1,0.20,3.82,West,Office Supplies
CA-2018-141572-0,CA-2018-141572,FUR-FU-10001185,247.44,8,0.00,101.45,East,Furniture
CA-2015-134621-0,CA-2015-134621,OFF-BI-10000977,18.24,2,0.70,-14.59,South,Office Supplies
CA-2017-165561-0,CA-2017-165561,OFF-SU-10004782,25.35,3,0.00,7.61,West,Office Supplies
CA-2016-112305-0,CA-2016-112305,OFF-AR-10002067,119.04,6,0.00,30.95,West,Office Supplies
CA-2016-112305-1,CA-2016-112305,FUR-FU-10002364,22.14,3,0.00,6.42,West,Furniture
CA-2016-112305-2,CA-2016-112305,TEC-AC-10002018,13.98,2,0.00,6.01,West,Technology
CA-2018-121580-0,CA-2018-121580,OFF-BI-10000632,43.41,1,0.00,19.97,Central,Office Supplies
CA-2018-121580-1,CA-2018-121580,FUR-FU-10003981,6.24,3,0.00,2.62,Central,Furniture
CA-2018-121580-2,CA-2018-121580,OFF-AP-10001564,465.16,2,0.00,120.94,Central,Office Supplies
CA-2018-121580-3,CA-2018-121580,OFF-PA-10004082,7.98,1,0.00,3.99,Central,Office Supplies
CA-2015-101147-0,CA-2015-101147,OFF-AP-10004249,2.39,1,0.80,-6.34,Central,Office Supplies
CA-2015-165806-0,CA-2015-165806,OFF-PA-10003441,58.32,9,0.00,27.99,South,Office Supplies
CA-2015-165806-1,CA-2015-165806,TEC-PH-10004922,200.97,3,0.00,50.24,South,Technology
CA-2016-151624-0,CA-2016-151624,FUR-FU-10001731,21.36,8,0.00,8.12,South,Furniture
CA-2018-139444-0,CA-2018-139444,OFF-LA-10000134,9.86,4,0.20,3.45,Central,Office Supplies
CA-2016-133977-0,CA-2016-133977,OFF-BI-10003166,3.44,1,0.70,-2.53,South,Office Supplies
CA-2018-141425-0,CA-2018-141425,OFF-SU-10000646,384.59,2,0.20,-81.73,East,Office Supplies
CA-2016-133536-0,CA-2016-133536,OFF-EN-10004459,22.92,3,0.00,11.23,East,Office Supplies
CA-2016-150441-0,CA-2016-150441,OFF-BI-10003529,11.36,4,0.00,5.57,Central,Office Supplies
CA-2016-162607-0,CA-2016-162607,OFF-BI-10002949,14.59,3,0.20,4.92,West,Office Supplies
CA-2018-103506-0,CA-2018-103506,OFF-LA-10001158,41.40,4,0.00,19.87,East,Office Supplies
CA-2017-132479-0,CA-2017-132479,OFF-BI-10004584,442.37,7,0.80,-729.91,Central,Office Supplies
CA-2018-160724-0,CA-2018-160724,OFF-BI-10004965,34.50,3,0.00,15.53,South,Office Supplies
US-2017-115952-0,US-2017-115952,OFF-BI-10004654,28.85,5,0.00,14.43,Central,Office Supplies
CA-2015-146731-0,CA-2015-146731,OFF-PA-10000141,3.49,2,0.20,1.18,South,Office Supplies
CA-2015-146731-1,CA-2015-146731,OFF-PA-10001019,143.86,9,0.20,48.55,South,Office Supplies
CA-2016-115392-0,CA-2016-115392,TEC-PH-10002496,311.98,2,0.00,93.59,East,Technology
CA-2016-115392-1,CA-2016-115392,OFF-BI-10000829,22.45,5,0.00,10.33,East,Office Supplies
CA-2018-102379-0,CA-2018-102379,TEC-PH-10001448,39.99,1,0.20,-8.00,West,Technology
CA-2018-102379-1,CA-2018-102379,FUR-CH-10004983,1159.06,9,0.20,43.46,West,Furniture
CA-2018-102379-2,CA-2018-102379,OFF-AR-10004022,179.90,5,0.00,44.98,West,Office Supplies
CA-2018-149706-0,CA-2018-149706,TEC-AC-10001284,116.31,7,0.20,23.26,Central,Technology
US-2017-139087-0,US-2017-139087,FUR-FU-10001847,12.42,3,0.00,4.47,West,Furniture
US-2017-139087-1,US-2017-139087,TEC-AC-10004595,428.40,3,0.00,89.96,West,Technology
US-2017-139087-2,US-2017-139087,FUR-FU-10004164,24.75,5,0.00,10.89,West,Furniture
US-2017-139087-3,US-2017-139087,OFF-LA-10001074,87.71,7,0.00,41.22,West,Office Supplies
US-2017-139087-4,US-2017-139087,OFF-ST-10000604,69.52,2,0.00,17.38,West,Office Supplies
US-2017-139087-5,US-2017-139087,TEC-PH-10000148,20.78,2,0.20,-4.68,West,Technology
US-2017-139087-6,US-2017-139087,OFF-BI-10000042,12.82,3,0.20,4.17,West,Office Supplies
CA-2018-152226-0,CA-2018-152226,OFF-LA-10000443,5.90,2,0.20,1.99,East,Office Supplies
CA-2016-116484-0,CA-2016-116484,FUR-FU-10002874,63.82,2,0.20,9.57,East,Furniture
CA-2016-116484-1,CA-2016-116484,OFF-ST-10003994,141.55,3,0.20,-26.54,East,Office Supplies
CA-2017-100944-0,CA-2017-100944,OFF-EN-10001453,304.90,5,0.00,143.30,West,Office Supplies
CA-2017-100944-1,CA-2017-100944,FUR-CH-10000988,563.24,5,0.20,56.32,West,Furniture
CA-2017-125080-0,CA-2017-125080,FUR-TA-10003238,661.18,2,0.40,-231.41,East,Furniture
CA-2017-121020-0,CA-2017-121020,TEC-PH-10001061,239.98,3,0.20,18.00,South,Technology
CA-2015-100090-0,CA-2015-100090,FUR-TA-10003715,502.49,3,0.20,-87.94,West,Furniture
CA-2015-100090-1,CA-2015-100090,OFF-BI-10001597,196.70,6,0.20,68.85,West,Office Supplies
US-2016-139675-0,US-2016-139675,FUR-CH-10004063,915.14,4,0.20,102.95,West,Furniture
US-2016-139675-1,US-2016-139675,FUR-FU-10001979,327.76,8,0.00,91.77,West,Furniture
CA-2018-143756-0,CA-2018-143756,FUR-CH-10001854,701.96,2,0.00,168.47,South,Furniture
CA-2016-151253-0,CA-2016-151253,TEC-PH-10002923,88.78,3,0.20,7.77,West,Technology
CA-2016-151253-1,CA-2016-151253,OFF-AR-10004691,64.14,3,0.00,16.68,West,Office Supplies
CA-2015-141152-0,CA-2015-141152,OFF-BI-10002931,33.55,1,0.20,12.58,East,Office Supplies
CA-2015-141313-0,CA-2015-141313,OFF-AP-10002651,1737.18,6,0.00,503.78,East,Office Supplies
CA-2015-141313-1,CA-2015-141313,OFF-ST-10000689,704.25,5,0.00,84.51,East,Office Supplies
CA-2015-141313-2,CA-2015-141313,OFF-PA-10003302,141.76,4,0.00,66.63,East,Office Supplies
CA-2015-169852-0,CA-2015-169852,OFF-BI-10001460,36.36,3,0.20,12.27,West,Office Supplies
CA-2018-107314-0,CA-2018-107314,FUR-FU-10003489,25.83,3,0.00,9.56,West,Furniture
US-2015-161305-0,US-2015-161305,OFF-BI-10002794,24.59,3,0.80,-38.11,Central,Office Supplies
US-2015-161305-1,US-2015-161305,OFF-EN-10000461,13.98,2,0.20,4.72,Central,Office Supplies
CA-2018-166919-0,CA-2018-166919,TEC-PH-10001305,195.96,5,0.20,19.60,Central,Technology
CA-2018-162712-0,CA-2018-162712,OFF-PA-10000167,74.35,3,0.20,23.23,Central,Office Supplies
CA-2018-107552-0,CA-2018-107552,OFF-PA-10002947,6.68,1,0.00,3.21,East,Office Supplies
CA-2017-163328-0,CA-2017-163328,OFF-SU-10002301,17.58,7,0.20,-4.18,West,Office Supplies
CA-2017-163328-1,CA-2017-163328,FUR-CH-10003298,104.78,1,0.20,-14.41,West,Furniture
CA-2017-163328-2,CA-2017-163328,OFF-PA-10004353,47.95,3,0.20,16.78,West,Office Supplies
CA-2017-163328-3,CA-2017-163328,FUR-CH-10000229,650.35,3,0.20,-97.55,West,Furniture
CA-2017-163328-4,CA-2017-163328,OFF-LA-10003930,629.18,8,0.20,228.08,West,Office Supplies
CA-2017-163328-5,CA-2017-163328,OFF-PA-10000176,15.18,1,0.20,5.31,West,Office Supplies
CA-2015-112837-0,CA-2015-112837,FUR-FU-10004006,127.95,3,0.00,21.75,West,Furniture
CA-2018-120019-0,CA-2018-120019,OFF-ST-10001932,579.51,3,0.00,81.13,East,Office Supplies
CA-2018-120019-1,CA-2018-120019,TEC-PH-10000923,14.99,1,0.00,7.35,East,Technology
CA-2015-100762-0,CA-2015-100762,OFF-AR-10000380,151.92,4,0.00,45.58,Central,Office Supplies
CA-2015-100762-1,CA-2015-100762,OFF-LA-10003930,196.62,2,0.00,96.34,Central,Office Supplies
CA-2015-100762-2,CA-2015-100762,OFF-PA-10001815,144.12,3,0.00,69.18,Central,Office Supplies
CA-2015-100762-3,CA-2015-100762,OFF-PA-10004082,15.96,2,0.00,7.98,Central,Office Supplies
CA-2018-161459-0,CA-2018-161459,TEC-PH-10004071,39.96,5,0.20,3.50,West,Technology
CA-2018-161459-1,CA-2018-161459,OFF-PA-10002377,34.08,6,0.00,15.34,West,Office Supplies
CA-2018-160017-0,CA-2018-160017,OFF-PA-10001800,10.37,2,0.20,3.63,South,Office Supplies
CA-2015-123316-0,CA-2015-123316,OFF-BI-10002764,7.75,3,0.20,2.81,East,Office Supplies
CA-2015-141299-0,CA-2015-141299,OFF-EN-10004459,15.28,2,0.00,7.49,Central,Office Supplies
CA-2015-104402-0,CA-2015-104402,TEC-MA-10000423,65.97,3,0.00,31.01,East,Technology
CA-2016-110289-0,CA-2016-110289,OFF-PA-10002986,33.40,5,0.00,16.03,West,Office Supplies
CA-2016-110289-1,CA-2016-110289,OFF-EN-10001434,210.84,4,0.00,103.31,West,Office Supplies
CA-2015-167927-0,CA-2015-167927,OFF-ST-10000760,13.98,1,0.00,4.05,Central,Office Supplies
CA-2015-167927-1,CA-2015-167927,FUR-FU-10002918,272.94,3,0.00,30.02,Central,Furniture
CA-2015-167927-2,CA-2015-167927,OFF-BI-10000605,19.05,5,0.00,8.95,Central,Office Supplies
CA-2015-167927-3,CA-2015-167927,OFF-AP-10002311,247.72,4,0.10,93.58,Central,Office Supplies
CA-2015-167927-4,CA-2015-167927,OFF-ST-10003123,66.58,2,0.00,15.98,Central,Office Supplies
CA-2015-167927-5,CA-2015-167927,OFF-AR-10004456,43.92,3,0.00,12.74,Central,Office Supplies
CA-2015-167927-6,CA-2015-167927,FUR-FU-10002268,14.73,3,0.00,4.86,Central,Furniture
CA-2015-167927-7,CA-2015-167927,OFF-BI-10004364,29.70,5,0.00,13.37,Central,Office Supplies
CA-2015-133305-0,CA-2015-133305,OFF-PA-10001970,49.12,4,0.00,23.09,East,Office Supplies
CA-2015-133305-1,CA-2015-133305,OFF-BI-10002954,18.28,5,0.20,6.40,East,Office Supplies
CA-2017-165995-0,CA-2017-165995,FUR-FU-10000672,47.04,4,0.00,15.99,West,Furniture
CA-2017-165995-1,CA-2017-165995,TEC-PH-10004908,339.96,5,0.20,42.49,West,Technology
CA-2018-143112-0,CA-2018-143112,TEC-PH-10003095,87.80,4,0.00,43.90,East,Technology
CA-2018-143112-1,CA-2018-143112,FUR-CH-10002880,221.38,2,0.10,2.46,East,Furniture
CA-2018-143112-2,CA-2018-143112,TEC-MA-10001047,5199.96,4,0.00,1351.99,East,Technology
US-2017-105830-0,US-2017-105830,OFF-ST-10002554,156.51,4,0.20,-35.22,East,Office Supplies
CA-2016-146255-0,CA-2016-146255,TEC-AC-10004469,119.85,3,0.00,52.73,East,Technology
CA-2016-146255-1,CA-2016-146255,OFF-BI-10000309,30.44,2,0.00,14.92,East,Office Supplies
CA-2016-146255-2,CA-2016-146255,OFF-BI-10001765,69.28,2,0.00,33.25,East,Office Supplies
CA-2016-146255-3,CA-2016-146255,TEC-PH-10001619,587.97,3,0.00,170.51,East,Technology
CA-2018-104822-0,CA-2018-104822,OFF-LA-10002034,24.55,5,0.00,12.03,East,Office Supplies
CA-2016-104486-0,CA-2016-104486,OFF-BI-10000309,12.18,1,0.20,4.41,West,Office Supplies
CA-2016-104486-1,CA-2016-104486,OFF-ST-10000876,37.32,3,0.00,10.45,West,Office Supplies
CA-2016-104486-2,CA-2016-104486,OFF-SU-10002573,35.06,2,0.00,10.52,West,Office Supplies
CA-2018-161557-0,CA-2018-161557,FUR-FU-10004622,108.40,5,0.60,-105.69,Central,Furniture
CA-2018-161130-0,CA-2018-161130,TEC-PH-10002549,361.38,2,0.20,27.10,South,Technology
US-2016-161347-0,US-2016-161347,OFF-BI-10004209,2.41,1,0.70,-2.01,East,Office Supplies
US-2016-109015-0,US-2016-109015,OFF-AP-10001962,8.39,1,0.00,2.10,East,Office Supplies
US-2016-109015-1,US-2016-109015,TEC-PH-10002922,337.98,2,0.00,101.39,East,Technology
CA-2015-110611-0,CA-2015-110611,OFF-ST-10000642,83.92,5,0.20,-13.64,East,Office Supplies
CA-2018-139080-0,CA-2018-139080,OFF-BI-10001757,19.68,5,0.20,6.89,West,Office Supplies
CA-2018-139080-1,CA-2018-139080,OFF-PA-10004621,25.92,4,0.00,12.44,West,Office Supplies
CA-2018-139080-2,CA-2018-139080,OFF-PA-10002262,6.48,1,0.00,3.11,West,Office Supplies
CA-2018-139080-3,CA-2018-139080,TEC-PH-10004100,86.35,6,0.20,8.64,West,Technology
CA-2016-115693-0,CA-2016-115693,OFF-AR-10003582,56.30,2,0.00,15.76,West,Office Supplies
US-2015-107993-0,US-2015-107993,OFF-AR-10003179,51.02,7,0.20,8.29,West,Office Supplies
CA-2018-110443-0,CA-2018-110443,OFF-BI-10001670,150.80,5,0.20,56.55,West,Office Supplies
CA-2018-110443-1,CA-2018-110443,TEC-MA-10002073,1039.99,1,0.20,104.00,West,Technology
CA-2018-110443-2,CA-2018-110443,OFF-PA-10003797,51.84,8,0.00,24.88,West,Office Supplies
CA-2018-144848-0,CA-2018-144848,TEC-PH-10004006,41.22,1,0.00,11.13,East,Technology
CA-2018-144848-1,CA-2018-144848,OFF-SU-10000646,240.37,1,0.00,7.21,East,Office Supplies
CA-2018-144848-2,CA-2018-144848,TEC-PH-10002262,119.02,2,0.00,33.33,East,Technology
US-2018-147998-0,US-2018-147998,OFF-BI-10002082,133.12,5,0.20,49.92,West,Office Supplies
CA-2017-103919-0,CA-2017-103919,FUR-FU-10001756,38.08,5,0.60,-29.51,Central,Furniture
CA-2017-113425-0,CA-2017-113425,FUR-BO-10002598,113.57,2,0.20,12.78,East,Furniture
CA-2018-143035-0,CA-2018-143035,FUR-FU-10001934,83.92,4,0.00,21.82,East,Furniture
CA-2018-143035-1,CA-2018-143035,OFF-AR-10001130,6.63,3,0.00,3.12,East,Office Supplies
CA-2018-143035-2,CA-2018-143035,TEC-AC-10002049,371.97,3,0.00,66.95,East,Technology
CA-2015-107811-0,CA-2015-107811,FUR-CH-10001394,561.58,2,0.20,70.20,South,Furniture
CA-2015-107811-1,CA-2015-107811,OFF-ST-10000798,99.92,5,0.20,-1.25,South,Office Supplies
CA-2017-163216-0,CA-2017-163216,OFF-LA-10000134,4.93,2,0.20,1.72,East,Office Supplies
US-2017-116442-0,US-2017-116442,FUR-FU-10002364,14.76,2,0.00,4.28,West,Furniture
CA-2018-150623-0,CA-2018-150623,TEC-AC-10004571,99.99,1,0.00,42.00,East,Technology
CA-2018-150623-1,CA-2018-150623,OFF-ST-10003692,286.15,5,0.00,71.54,East,Office Supplies
US-2015-163797-0,US-2015-163797,OFF-FA-10001883,49.79,8,0.20,-11.83,West,Office Supplies
CA-2017-127236-0,CA-2017-127236,FUR-BO-10004015,299.98,5,0.50,-167.99,East,Furniture
CA-2017-127236-1,CA-2017-127236,TEC-PH-10000141,158.38,4,0.40,-36.95,East,Technology
US-2018-104661-0,US-2018-104661,OFF-BI-10001597,32.78,4,0.80,-52.45,Central,Office Supplies
US-2018-104661-1,US-2018-104661,TEC-AC-10003628,47.98,2,0.20,14.40,Central,Technology
US-2018-104661-2,US-2018-104661,TEC-AC-10002331,62.59,8,0.20,13.30,Central,Technology
US-2018-104661-3,US-2018-104661,OFF-BI-10001098,4.28,1,0.80,-6.63,Central,Office Supplies
CA-2015-134103-0,CA-2015-134103,OFF-PA-10001204,10.56,2,0.00,4.75,Central,Office Supplies
CA-2015-134103-1,CA-2015-134103,OFF-ST-10000991,229.94,2,0.00,6.90,Central,Office Supplies
CA-2016-147529-0,CA-2016-147529,OFF-EN-10000056,311.15,5,0.00,146.24,South,Office Supplies
CA-2016-147529-1,CA-2016-147529,OFF-PA-10003349,12.96,2,0.00,6.35,South,Office Supplies
CA-2017-129126-0,CA-2017-129126,OFF-PA-10001471,14.62,2,0.00,6.73,East,Office Supplies
CA-2017-129126-1,CA-2017-129126,OFF-LA-10003190,5.76,2,0.00,2.82,East,Office Supplies
CA-2017-129126-2,CA-2017-129126,OFF-FA-10000621,21.48,6,0.00,10.53,East,Office Supplies
CA-2017-129126-3,CA-2017-129126,FUR-FU-10002937,396.92,4,0.00,198.46,East,Furniture
CA-2017-129126-4,CA-2017-129126,OFF-ST-10004507,17.15,1,0.00,4.63,East,Office Supplies
CA-2017-129126-5,CA-2017-129126,OFF-BI-10000279,23.12,2,0.20,7.80,East,Office Supplies
CA-2018-131632-0,CA-2018-131632,OFF-AR-10003651,5.25,2,0.20,0.59,Central,Office Supplies
CA-2018-151981-0,CA-2018-151981,TEC-PH-10003601,824.95,5,0.00,247.49,East,Technology
CA-2018-151981-1,CA-2018-151981,OFF-LA-10002195,24.64,8,0.00,11.83,East,Office Supplies
CA-2018-151981-2,CA-2018-151981,OFF-AR-10000380,227.88,6,0.00,68.36,East,Office Supplies
CA-2018-125472-0,CA-2018-125472,FUR-BO-10000330,241.96,2,0.00,33.87,South,Furniture
CA-2018-125472-1,CA-2018-125472,OFF-BI-10000591,3.89,1,0.00,1.87,South,Office Supplies
CA-2018-125472-2,CA-2018-125472,FUR-FU-10001731,8.01,3,0.00,3.04,South,Furniture
CA-2016-156328-0,CA-2016-156328,TEC-PH-10001198,177.48,3,0.20,19.97,South,Technology
CA-2018-154074-0,CA-2018-154074,FUR-CH-10002331,569.57,2,0.20,7.12,West,Furniture
CA-2018-154074-1,CA-2018-154074,OFF-ST-10002370,149.73,7,0.00,43.42,West,Office Supplies
CA-2018-161774-0,CA-2018-161774,FUR-CH-10003981,899.43,5,0.30,-12.85,Central,Furniture
CA-2018-161774-1,CA-2018-161774,OFF-AR-10001446,46.20,5,0.20,5.78,Central,Office Supplies
CA-2018-161774-2,CA-2018-161774,OFF-PA-10000300,47.95,3,0.20,16.18,Central,Office Supplies
CA-2018-161774-3,CA-2018-161774,TEC-PH-10004071,7.99,1,0.20,0.70,Central,Technology
CA-2018-161774-4,CA-2018-161774,OFF-PA-10003134,76.86,2,0.20,26.90,Central,Office Supplies
CA-2018-151211-0,CA-2018-151211,OFF-BI-10002735,102.93,3,0.00,48.38,South,Office Supplies
CA-2018-151211-1,CA-2018-151211,TEC-AC-10004510,98.16,6,0.00,9.82,South,Technology
CA-2018-142671-0,CA-2018-142671,OFF-BI-10004099,11.52,5,0.70,-7.68,South,Office Supplies
CA-2018-144750-0,CA-2018-144750,OFF-PA-10003395,83.88,1,0.20,29.36,West,Office Supplies
CA-2017-111976-0,CA-2017-111976,TEC-PH-10002890,108.58,4,0.40,-25.33,East,Technology
CA-2017-111976-1,CA-2017-111976,OFF-FA-10004968,5.98,2,0.20,-1.35,East,Office Supplies
CA-2017-140130-0,CA-2017-140130,OFF-SU-10001218,21.96,2,0.00,6.15,Central,Office Supplies
CA-2017-140130-1,CA-2017-140130,FUR-CH-10002084,368.97,3,0.00,81.17,Central,Furniture
CA-2017-140130-2,CA-2017-140130,OFF-AR-10004269,12.39,3,0.00,3.47,Central,Office Supplies
CA-2017-140130-3,CA-2017-140130,OFF-ST-10001128,332.94,3,0.00,9.99,Central,Office Supplies
CA-2015-159121-0,CA-2015-159121,TEC-AC-10002006,111.93,7,0.00,34.70,West,Technology
CA-2016-149650-0,CA-2016-149650,FUR-CH-10003956,454.27,8,0.20,-73.82,West,Furniture
CA-2018-115777-0,CA-2018-115777,OFF-PA-10000552,19.44,3,0.00,9.33,East,Office Supplies
CA-2017-143714-0,CA-2017-143714,TEC-CO-10004722,8399.98,4,0.40,1120.00,East,Technology
CA-2017-143714-1,CA-2017-143714,OFF-BI-10004308,6.29,1,0.70,-4.20,East,Office Supplies
CA-2017-143714-2,CA-2017-143714,OFF-PA-10000029,10.37,2,0.20,3.63,East,Office Supplies
CA-2017-143714-3,CA-2017-143714,TEC-PH-10004080,122.38,3,0.40,-24.48,East,Technology
CA-2015-165764-0,CA-2015-165764,OFF-ST-10001558,25.98,2,0.20,-1.62,South,Office Supplies
CA-2015-165764-1,CA-2015-165764,FUR-TA-10001768,945.04,6,0.40,-299.26,South,Furniture
CA-2015-165764-2,CA-2015-165764,OFF-BI-10002982,14.30,7,0.70,-10.49,South,Office Supplies
CA-2015-165764-3,CA-2015-165764,FUR-FU-10001468,410.35,3,0.20,-51.29,South,Furniture
CA-2016-121405-0,CA-2016-121405,OFF-PA-10001838,23.52,5,0.20,8.53,Central,Office Supplies
CA-2016-121405-1,CA-2016-121405,TEC-PH-10002890,180.96,5,0.20,13.57,Central,Technology
US-2018-116897-0,US-2018-116897,FUR-FU-10004963,35.00,4,0.00,14.70,West,Furniture
US-2018-116897-1,US-2018-116897,OFF-ST-10000025,477.15,5,0.00,28.63,West,Office Supplies
US-2018-116897-2,US-2018-116897,TEC-PH-10004389,302.38,3,0.20,22.68,West,Technology
US-2018-113992-0,US-2018-113992,FUR-TA-10000577,974.99,4,0.30,-97.50,Central,Furniture
CA-2015-166891-0,CA-2015-166891,FUR-CH-10003298,589.41,5,0.10,-6.55,East,Furniture
CA-2017-101161-0,CA-2017-101161,OFF-AR-10001860,34.70,5,0.00,12.49,East,Office Supplies
CA-2017-101161-1,CA-2017-101161,OFF-ST-10003123,99.87,3,0.00,23.97,East,Office Supplies
CA-2017-101161-2,CA-2017-101161,OFF-PA-10001295,37.94,2,0.00,18.21,East,Office Supplies
CA-2017-101161-3,CA-2017-101161,OFF-LA-10000407,24.90,5,0.00,11.45,East,Office Supplies
CA-2017-101161-4,CA-2017-101161,FUR-FU-10003535,82.26,3,0.00,33.73,East,Furniture
CA-2016-151785-0,CA-2016-151785,OFF-FA-10000611,7.10,6,0.20,2.49,Central,Office Supplies
US-2018-119816-0,US-2018-119816,FUR-FU-10004848,103.50,5,0.60,-77.63,Central,Furniture
US-2018-119816-1,US-2018-119816,OFF-LA-10002381,2.46,1,0.20,0.86,Central,Office Supplies
US-2018-119816-2,US-2018-119816,OFF-ST-10000918,8.72,1,0.20,0.65,Central,Office Supplies
CA-2016-156510-0,CA-2016-156510,OFF-BI-10000822,10.76,2,0.00,5.16,East,Office Supplies
CA-2016-156510-1,CA-2016-156510,OFF-PA-10002222,45.68,2,0.00,21.01,East,Office Supplies
CA-2016-156510-2,CA-2016-156510,OFF-AR-10004930,6.70,1,0.00,2.21,East,Office Supplies
US-2016-110261-0,US-2016-110261,TEC-PH-10001750,158.38,3,0.20,13.86,Central,Technology
CA-2016-125710-0,CA-2016-125710,OFF-AR-10000657,3.44,2,0.20,0.56,Central,Office Supplies
CA-2018-161102-0,CA-2018-161102,OFF-ST-10003442,56.56,2,0.00,15.27,West,Office Supplies
CA-2018-161102-1,CA-2018-161102,FUR-FU-10003142,36.96,7,0.00,11.46,West,Furniture
CA-2015-110065-0,CA-2015-110065,TEC-PH-10002468,135.99,1,0.00,36.72,East,Technology
CA-2015-110065-1,CA-2015-110065,OFF-AR-10004165,15.96,7,0.00,7.02,East,Office Supplies
US-2018-133361-0,US-2018-133361,OFF-AR-10001919,3.76,2,0.00,1.09,East,Office Supplies
US-2018-133361-1,US-2018-133361,OFF-AR-10003045,14.70,5,0.00,6.62,East,Office Supplies
US-2018-133361-2,US-2018-133361,OFF-AR-10003338,37.20,5,0.00,9.30,East,Office Supplies
US-2018-133361-3,US-2018-133361,TEC-AC-10003280,89.97,3,0.00,18.89,East,Technology
US-2018-133361-4,US-2018-133361,FUR-CH-10003298,261.96,2,0.00,23.58,East,Furniture
US-2018-133361-5,US-2018-133361,OFF-LA-10004544,74.00,5,0.00,37.00,East,Office Supplies
US-2017-155404-0,US-2017-155404,FUR-FU-10004586,13.28,2,0.00,6.37,South,Furniture
CA-2016-114503-0,CA-2016-114503,OFF-ST-10003572,84.96,6,0.20,6.37,South,Office Supplies
CA-2018-153080-0,CA-2018-153080,TEC-AC-10002331,68.46,7,0.00,25.33,West,Technology
CA-2017-163804-0,CA-2017-163804,OFF-ST-10000142,2079.40,5,0.00,582.23,East,Office Supplies
CA-2017-163804-1,CA-2017-163804,TEC-PH-10000441,629.95,5,0.00,176.39,East,Technology
CA-2017-163804-2,CA-2017-163804,FUR-FU-10004864,72.42,6,0.00,23.90,East,Furniture
CA-2016-108532-0,CA-2016-108532,TEC-PH-10001750,131.98,2,0.00,35.63,Central,Technology
CA-2016-108532-1,CA-2016-108532,TEC-AC-10004510,114.52,7,0.00,11.45,Central,Technology
CA-2015-151897-0,CA-2015-151897,OFF-LA-10001074,100.24,10,0.20,33.83,Central,Office Supplies
CA-2017-113292-0,CA-2017-113292,OFF-AP-10003590,871.80,3,0.20,87.18,South,Office Supplies
CA-2015-149524-0,CA-2015-149524,FUR-BO-10003433,61.96,4,0.50,-53.29,East,Furniture
CA-2018-140872-0,CA-2018-140872,OFF-BI-10002432,4.55,3,0.70,-3.49,South,Office Supplies
CA-2018-140872-1,CA-2018-140872,OFF-AP-10003622,5.20,2,0.20,0.58,South,Office Supplies
CA-2018-140872-2,CA-2018-140872,TEC-AC-10003832,205.99,1,0.20,-2.57,South,Technology
CA-2018-140872-3,CA-2018-140872,OFF-PA-10000809,15.55,3,0.20,5.44,South,Office Supplies
CA-2018-140872-4,CA-2018-140872,TEC-PH-10000441,503.96,5,0.20,50.40,South,Technology
CA-2018-140872-5,CA-2018-140872,OFF-AP-10002287,24.47,7,0.20,1.84,South,Office Supplies
CA-2018-140872-6,CA-2018-140872,FUR-BO-10002824,241.57,2,0.20,0.00,South,Furniture
CA-2018-140872-7,CA-2018-140872,TEC-AC-10002942,110.40,2,0.20,-4.14,South,Technology
CA-2018-113908-0,CA-2018-113908,FUR-TA-10001932,384.77,2,0.40,-115.43,East,Furniture
CA-2018-113908-1,CA-2018-113908,TEC-MA-10003173,78.66,6,0.00,36.18,East,Technology
CA-2018-113908-2,CA-2018-113908,OFF-PA-10004156,45.36,4,0.00,22.23,East,Office Supplies
CA-2016-120621-0,CA-2016-120621,OFF-AP-10002945,962.08,4,0.20,156.34,South,Office Supplies
CA-2016-120621-1,CA-2016-120621,OFF-BI-10000948,12.84,3,0.70,-9.85,South,Office Supplies
CA-2016-120621-2,CA-2016-120621,OFF-PA-10002254,295.46,14,0.20,96.02,South,Office Supplies
US-2018-148866-0,US-2018-148866,OFF-PA-10004782,32.40,5,0.00,15.55,East,Office Supplies
CA-2015-149594-0,CA-2015-149594,FUR-FU-10000222,103.94,4,0.20,16.89,East,Furniture
CA-2017-113845-0,CA-2017-113845,FUR-BO-10004695,289.57,2,0.20,10.86,South,Furniture
CA-2017-113845-1,CA-2017-113845,OFF-ST-10003327,39.72,5,0.20,4.47,South,Office Supplies
CA-2017-113845-2,CA-2017-113845,TEC-PH-10003357,244.77,4,0.20,24.48,South,Technology
CA-2018-111262-0,CA-2018-111262,TEC-AC-10002167,24.00,2,0.20,-2.70,Central,Technology
CA-2018-111262-1,CA-2018-111262,OFF-PA-10001937,15.55,3,0.20,5.44,Central,Office Supplies
CA-2018-111262-2,CA-2018-111262,TEC-AC-10004510,26.18,2,0.20,-3.27,Central,Technology
CA-2016-103135-0,CA-2016-103135,FUR-FU-10001487,20.94,3,0.00,6.07,South,Furniture
CA-2016-103135-1,CA-2016-103135,OFF-BI-10000069,135.09,9,0.00,62.14,South,Office Supplies
CA-2016-103135-2,CA-2016-103135,TEC-AC-10003289,279.86,14,0.00,64.37,South,Technology
CA-2016-103135-3,CA-2016-103135,OFF-BI-10000069,90.06,6,0.00,41.43,South,Office Supplies
CA-2015-129147-0,CA-2015-129147,TEC-PH-10001299,539.96,6,0.40,-107.99,East,Technology
CA-2015-129147-1,CA-2015-129147,TEC-PH-10001552,50.23,7,0.40,-10.05,East,Technology
CA-2015-129147-2,CA-2015-129147,OFF-BI-10001098,19.24,3,0.70,-13.47,East,Office Supplies
CA-2018-128265-0,CA-2018-128265,OFF-ST-10000142,1247.64,3,0.00,349.34,East,Office Supplies
CA-2017-152331-0,CA-2017-152331,OFF-AR-10001547,5.30,3,0.20,0.46,Central,Office Supplies
US-2017-128909-0,US-2017-128909,OFF-PA-10001593,19.14,4,0.20,5.98,East,Office Supplies
US-2017-128909-1,US-2017-128909,FUR-FU-10004071,332.83,4,0.20,-24.96,East,Furniture
CA-2018-102197-0,CA-2018-102197,OFF-PA-10001970,279.90,5,0.00,137.15,East,Office Supplies
CA-2018-102197-1,CA-2018-102197,OFF-BI-10001524,50.35,3,0.20,17.62,East,Office Supplies
CA-2018-102197-2,CA-2018-102197,OFF-PA-10004156,34.02,3,0.00,16.67,East,Office Supplies
CA-2018-167640-0,CA-2018-167640,OFF-AR-10003158,23.88,6,0.00,8.12,West,Office Supplies
CA-2018-167640-1,CA-2018-167640,OFF-LA-10004559,11.52,4,0.00,5.64,West,Office Supplies
CA-2018-167640-2,CA-2018-167640,OFF-PA-10001033,286.93,7,0.00,140.60,West,Office Supplies
CA-2018-167640-3,CA-2018-167640,TEC-PH-10001336,206.38,2,0.20,23.22,West,Technology
US-2018-116652-0,US-2018-116652,FUR-CH-10002961,218.35,3,0.20,0.00,West,Furniture
US-2018-116652-1,US-2018-116652,FUR-FU-10001488,529.90,5,0.00,105.98,West,Furniture
US-2018-116652-2,US-2018-116652,OFF-AR-10001915,99.30,10,0.00,41.71,West,Office Supplies
US-2018-116652-3,US-2018-116652,OFF-AP-10001205,108.96,2,0.00,30.51,West,Office Supplies
US-2018-116652-4,US-2018-116652,OFF-BI-10004528,2.69,1,0.20,0.84,West,Office Supplies
CA-2018-138289-0,CA-2018-138289,OFF-BI-10004995,5443.96,4,0.00,2504.22,Central,Office Supplies
CA-2018-138289-1,CA-2018-138289,FUR-CH-10004626,302.67,3,0.00,72.64,Central,Furniture
CA-2018-138289-2,CA-2018-138289,OFF-PA-10001260,56.07,7,0.00,25.23,Central,Office Supplies
CA-2017-129308-0,CA-2017-129308,OFF-LA-10002945,10.08,2,0.20,3.28,East,Office Supplies
CA-2017-129308-1,CA-2017-129308,TEC-PH-10002310,59.99,1,0.40,-13.00,East,Technology
CA-2017-129308-2,CA-2017-129308,OFF-BI-10001525,5.71,5,0.70,-4.76,East,Office Supplies
CA-2017-129308-3,CA-2017-129308,OFF-BI-10001308,9.42,5,0.70,-7.85,East,Office Supplies
CA-2017-157791-0,CA-2017-157791,TEC-CO-10002095,1999.96,4,0.00,899.98,East,Technology
CA-2015-146864-0,CA-2015-146864,OFF-ST-10004946,216.40,4,0.00,56.26,East,Office Supplies
CA-2015-103744-0,CA-2015-103744,OFF-LA-10004425,6.94,3,0.20,2.34,Central,Office Supplies
CA-2015-103744-1,CA-2015-103744,OFF-BI-10000320,4.43,3,0.80,-6.86,Central,Office Supplies
US-2018-107384-0,US-2018-107384,OFF-AR-10001315,8.80,5,0.00,2.55,Central,Office Supplies
US-2018-107384-1,US-2018-107384,TEC-AC-10004595,142.80,1,0.00,29.99,Central,Technology
US-2018-107384-2,US-2018-107384,TEC-AC-10001539,399.95,5,0.00,143.98,Central,Technology
CA-2015-128209-0,CA-2015-128209,OFF-BI-10001359,2152.78,3,0.20,726.56,East,Office Supplies
CA-2015-128209-1,CA-2015-128209,FUR-BO-10002213,4007.84,10,0.20,-50.10,East,Furniture
CA-2015-169684-0,CA-2015-169684,FUR-TA-10003008,328.59,3,0.40,-147.87,South,Furniture
CA-2015-169684-1,CA-2015-169684,OFF-ST-10000934,98.35,3,0.20,-24.59,South,Office Supplies
CA-2016-109862-0,CA-2016-109862,TEC-PH-10004042,158.99,1,0.00,41.34,East,Technology
CA-2016-109862-1,CA-2016-109862,FUR-CH-10002439,291.10,5,0.00,75.69,East,Furniture
US-2018-107888-0,US-2018-107888,OFF-PA-10001363,73.68,6,0.00,34.63,West,Office Supplies
US-2018-107888-1,US-2018-107888,FUR-FU-10003394,139.92,2,0.00,23.79,West,Furniture
US-2018-107888-2,US-2018-107888,TEC-PH-10003171,107.88,3,0.20,10.79,West,Technology
US-2018-107888-3,US-2018-107888,OFF-ST-10003123,33.29,1,0.00,7.99,West,Office Supplies
US-2018-154872-0,US-2018-154872,OFF-BI-10003007,58.17,5,0.70,-46.54,East,Office Supplies
US-2018-154872-1,US-2018-154872,OFF-LA-10000973,5.04,2,0.20,1.76,East,Office Supplies
US-2018-154872-2,US-2018-154872,OFF-PA-10000483,24.78,1,0.20,7.75,East,Office Supplies
CA-2015-113880-0,CA-2015-113880,FUR-CH-10000863,634.12,6,0.30,-172.12,Central,Furniture
CA-2015-113880-1,CA-2015-113880,OFF-PA-10003036,17.47,3,0.20,5.68,Central,Office Supplies
US-2016-164966-0,US-2016-164966,FUR-CH-10002304,155.88,6,0.00,38.97,Central,Furniture
CA-2016-126739-0,CA-2016-126739,FUR-CH-10000422,327.56,4,0.10,21.84,East,Furniture
CA-2018-161578-0,CA-2018-161578,OFF-PA-10002986,13.36,2,0.00,6.41,West,Office Supplies
CA-2018-161578-1,CA-2018-161578,OFF-ST-10002289,158.90,5,0.00,7.95,West,Office Supplies
CA-2015-137092-0,CA-2015-137092,TEC-AC-10001606,319.97,4,0.20,71.99,Central,Technology
CA-2015-137092-1,CA-2015-137092,OFF-ST-10003805,505.32,3,0.20,31.58,Central,Office Supplies
CA-2015-137092-2,CA-2015-137092,OFF-PA-10002109,3.81,1,0.20,1.24,Central,Office Supplies
CA-2015-137092-3,CA-2015-137092,OFF-BI-10000632,8.68,1,0.80,-14.76,Central,Office Supplies
CA-2015-137092-4,CA-2015-137092,OFF-LA-10003510,24.42,1,0.20,7.94,Central,Office Supplies
CA-2016-166947-0,CA-2016-166947,FUR-CH-10004997,1522.64,9,0.10,169.18,East,Furniture
CA-2017-160941-0,CA-2017-160941,OFF-EN-10003001,419.90,5,0.00,197.35,West,Office Supplies
CA-2017-160941-1,CA-2017-160941,OFF-LA-10003766,3.15,1,0.00,1.51,West,Office Supplies
CA-2018-144680-0,CA-2018-144680,OFF-AP-10003040,33.62,5,0.80,-90.77,Central,Office Supplies
CA-2015-166086-0,CA-2015-166086,OFF-BI-10001078,16.14,3,0.00,7.91,East,Office Supplies
CA-2015-166086-1,CA-2015-166086,FUR-TA-10003469,194.25,2,0.30,-38.85,East,Furniture
CA-2015-166086-2,CA-2015-166086,OFF-AR-10002578,8.64,3,0.00,2.51,East,Office Supplies
CA-2015-166086-3,CA-2015-166086,FUR-CH-10004675,872.32,4,0.00,244.25,East,Furniture
CA-2018-131282-0,CA-2018-131282,OFF-BI-10004632,243.99,4,0.80,-426.99,Central,Office Supplies
CA-2018-131282-1,CA-2018-131282,OFF-AR-10003087,7.12,5,0.20,0.71,Central,Office Supplies
CA-2015-100678-0,CA-2015-100678,OFF-AR-10001868,2.69,2,0.20,1.01,Central,Office Supplies
CA-2015-100678-1,CA-2015-100678,FUR-CH-10002602,317.06,3,0.30,-18.12,Central,Furniture
CA-2015-100678-2,CA-2015-100678,OFF-EN-10000056,149.35,3,0.20,50.41,Central,Office Supplies
CA-2015-100678-3,CA-2015-100678,TEC-AC-10000474,227.98,3,0.20,28.50,Central,Technology
CA-2017-161543-0,CA-2017-161543,OFF-PA-10003971,11.96,2,0.00,5.86,West,Office Supplies
CA-2017-160535-0,CA-2017-160535,OFF-ST-10000689,563.40,4,0.00,67.61,East,Office Supplies
CA-2017-160535-1,CA-2017-160535,TEC-MA-10004255,319.92,8,0.00,118.37,East,Technology
CA-2018-123085-0,CA-2018-123085,TEC-AC-10000990,1049.44,8,0.00,440.76,West,Technology
CA-2018-123085-1,CA-2018-123085,FUR-CH-10003968,170.35,3,0.20,-17.04,West,Furniture
CA-2016-153752-0,CA-2016-153752,TEC-PH-10001615,173.94,6,0.00,50.44,South,Technology
CA-2015-103660-0,CA-2015-103660,TEC-PH-10000895,1007.94,7,0.20,75.60,West,Technology
CA-2017-169887-0,CA-2017-169887,OFF-PA-10003001,6.68,1,0.00,3.21,West,Office Supplies
CA-2017-169887-1,CA-2017-169887,OFF-AR-10002766,8.34,3,0.00,2.25,West,Office Supplies
CA-2017-169887-2,CA-2017-169887,FUR-FU-10003095,101.94,3,0.00,30.58,West,Furniture
CA-2017-148516-0,CA-2017-148516,TEC-AC-10003610,179.97,3,0.00,86.39,West,Technology
CA-2018-104731-0,CA-2018-104731,OFF-AR-10003727,101.94,6,0.00,29.56,South,Office Supplies
CA-2018-104731-1,CA-2018-104731,TEC-PH-10002660,271.96,4,0.00,67.99,South,Technology
CA-2018-104731-2,CA-2018-104731,FUR-FU-10003274,8.80,5,0.00,3.87,South,Furniture
CA-2018-104731-3,CA-2018-104731,OFF-AR-10003829,19.68,6,0.00,5.71,South,Office Supplies
CA-2018-104731-4,CA-2018-104731,FUR-BO-10003441,302.94,3,0.00,69.68,South,Furniture
CA-2018-104731-5,CA-2018-104731,OFF-BI-10003355,14.94,3,0.00,7.17,South,Office Supplies
CA-2018-104731-6,CA-2018-104731,OFF-SU-10003505,231.72,2,0.00,11.59,South,Office Supplies
CA-2015-164749-0,CA-2015-164749,OFF-LA-10004484,9.91,3,0.20,3.22,South,Office Supplies
CA-2016-103716-0,CA-2016-103716,OFF-AR-10000658,34.65,3,0.00,9.70,West,Office Supplies
CA-2016-103716-1,CA-2016-103716,TEC-PH-10000347,19.80,5,0.20,1.73,West,Technology
CA-2017-126795-0,CA-2017-126795,OFF-BI-10001989,33.57,2,0.20,11.75,East,Office Supplies
CA-2016-146290-0,CA-2016-146290,OFF-AR-10001897,125.93,7,0.00,35.26,Central,Office Supplies
CA-2018-157112-0,CA-2018-157112,OFF-BI-10000285,11.76,5,0.70,-7.84,East,Office Supplies
CA-2018-157112-1,CA-2018-157112,OFF-PA-10001804,5.34,1,0.20,1.87,East,Office Supplies
CA-2015-169257-0,CA-2015-169257,OFF-BI-10002557,1.36,1,0.70,-0.91,South,Office Supplies
CA-2015-169257-1,CA-2015-169257,OFF-PA-10002319,62.02,2,0.20,22.48,South,Office Supplies
CA-2015-154095-0,CA-2015-154095,FUR-FU-10003849,60.72,3,0.00,23.68,East,Furniture
CA-2015-154095-1,CA-2015-154095,OFF-PA-10002923,146.82,3,0.00,73.41,East,Office Supplies
CA-2015-154095-2,CA-2015-154095,FUR-CH-10004754,239.84,8,0.00,64.76,East,Furniture
CA-2015-154095-3,CA-2015-154095,OFF-LA-10000634,15.66,6,0.00,7.20,East,Office Supplies
CA-2018-146346-0,CA-2018-146346,OFF-ST-10001418,146.35,3,0.20,-32.93,West,Office Supplies
CA-2017-148852-0,CA-2017-148852,OFF-FA-10003467,5.94,3,0.00,0.00,West,Office Supplies
CA-2017-148852-1,CA-2017-148852,OFF-PA-10001293,45.36,7,0.00,21.77,West,Office Supplies
CA-2017-148852-2,CA-2017-148852,TEC-PH-10003885,211.17,4,0.20,23.76,West,Technology
CA-2017-148852-3,CA-2017-148852,FUR-CH-10004860,484.70,6,0.20,-84.82,West,Furniture
CA-2017-148852-4,CA-2017-148852,TEC-MA-10002428,371.98,3,0.20,116.24,West,Technology
US-2016-118906-0,US-2016-118906,OFF-ST-10002406,89.82,6,0.00,25.15,East,Office Supplies
CA-2017-168921-0,CA-2017-168921,OFF-BI-10004209,19.30,3,0.20,6.03,West,Office Supplies
CA-2016-107678-0,CA-2016-107678,FUR-CH-10001891,191.96,2,0.00,51.83,South,Furniture
CA-2016-107678-1,CA-2016-107678,OFF-BI-10002215,21.30,3,0.00,9.80,South,Office Supplies
CA-2016-107678-2,CA-2016-107678,TEC-PH-10002103,469.95,5,0.00,131.59,South,Technology
CA-2016-107678-3,CA-2016-107678,FUR-FU-10003394,209.88,3,0.00,35.68,South,Furniture
CA-2017-123512-0,CA-2017-123512,FUR-BO-10004218,239.67,2,0.15,14.10,West,Furniture
CA-2017-123512-1,CA-2017-123512,OFF-LA-10000081,22.50,6,0.00,10.80,West,Office Supplies
CA-2017-123512-2,CA-2017-123512,OFF-PA-10001497,219.84,4,0.00,107.72,West,Office Supplies
US-2018-167402-0,US-2018-167402,OFF-PA-10004983,32.40,5,0.00,15.55,Central,Office Supplies
US-2018-167402-1,US-2018-167402,OFF-AR-10004010,209.94,6,0.00,54.58,Central,Office Supplies
US-2018-167402-2,US-2018-167402,OFF-SU-10002881,4164.05,5,0.00,83.28,Central,Office Supplies
US-2018-167402-3,US-2018-167402,FUR-BO-10001608,212.94,3,0.00,53.23,Central,Furniture
CA-2015-130449-0,CA-2015-130449,FUR-FU-10001487,41.88,6,0.00,12.15,West,Furniture
CA-2015-130449-1,CA-2015-130449,OFF-LA-10001934,58.48,8,0.00,27.49,West,Office Supplies
CA-2016-141250-0,CA-2016-141250,FUR-TA-10002855,102.44,1,0.30,-13.17,Central,Furniture
CA-2016-141250-1,CA-2016-141250,FUR-CH-10004875,199.30,4,0.30,-8.54,Central,Furniture
CA-2015-145541-0,CA-2015-145541,TEC-MA-10001127,6999.96,4,0.00,2239.99,East,Technology
CA-2015-138513-0,CA-2015-138513,OFF-PA-10003177,12.96,2,0.00,6.22,West,Office Supplies
CA-2016-135489-0,CA-2016-135489,TEC-PH-10000011,279.86,14,0.00,134.33,East,Technology
CA-2016-125696-0,CA-2016-125696,OFF-BI-10001757,7.38,5,0.70,-5.41,South,Office Supplies
CA-2017-105081-0,CA-2017-105081,FUR-CH-10000847,698.35,3,0.20,52.38,West,Furniture
CA-2017-105081-1,CA-2017-105081,FUR-TA-10001307,1747.25,5,0.00,629.01,West,Furniture
US-2017-146857-0,US-2017-146857,OFF-AP-10001205,54.48,1,0.00,15.25,Central,Office Supplies
CA-2017-166275-0,CA-2017-166275,TEC-AC-10001838,199.99,1,0.00,86.00,West,Technology
CA-2018-144498-0,CA-2018-144498,OFF-BI-10003982,68.54,11,0.70,-52.55,South,Office Supplies
CA-2018-144498-1,CA-2018-144498,TEC-PH-10004977,627.17,4,0.20,70.56,South,Technology
CA-2018-144498-2,CA-2018-144498,OFF-LA-10003510,122.12,5,0.20,39.69,South,Office Supplies
CA-2018-103352-0,CA-2018-103352,OFF-AR-10001573,6.99,3,0.00,2.03,East,Office Supplies
CA-2018-103352-1,CA-2018-103352,OFF-BI-10001196,107.42,6,0.20,36.26,East,Office Supplies
CA-2015-108609-0,CA-2015-108609,FUR-TA-10003954,1421.66,8,0.40,-734.53,East,Furniture
CA-2018-128328-0,CA-2018-128328,OFF-BI-10001989,125.88,6,0.00,60.42,Central,Office Supplies
CA-2018-128328-1,CA-2018-128328,TEC-AC-10001714,79.78,2,0.00,29.52,Central,Technology
CA-2018-128328-2,CA-2018-128328,OFF-LA-10003498,133.20,9,0.00,66.60,Central,Office Supplies
US-2016-156496-0,US-2016-156496,TEC-PH-10000576,438.37,4,0.20,38.36,West,Technology
US-2016-156496-1,US-2016-156496,TEC-PH-10004188,139.94,7,0.20,-31.49,West,Technology
US-2016-156496-2,US-2016-156496,OFF-AP-10001469,133.47,4,0.20,15.02,West,Office Supplies
US-2017-127334-0,US-2017-127334,FUR-TA-10003473,564.20,3,0.50,-304.67,West,Furniture
US-2017-127334-1,US-2017-127334,OFF-AP-10001205,87.17,2,0.20,8.72,West,Office Supplies
US-2018-124779-0,US-2018-124779,OFF-BI-10002429,42.62,7,0.80,-68.19,Central,Office Supplies
US-2018-124779-1,US-2018-124779,TEC-CO-10001943,319.98,2,0.20,107.99,Central,Technology
US-2018-124779-2,US-2018-124779,OFF-FA-10004854,45.92,5,0.20,15.50,Central,Office Supplies
US-2018-124779-3,US-2018-124779,FUR-FU-10001095,21.18,2,0.60,-11.65,Central,Furniture
US-2018-124779-4,US-2018-124779,OFF-PA-10000061,20.74,4,0.20,7.26,Central,Office Supplies
US-2018-124779-5,US-2018-124779,FUR-CH-10003535,213.43,5,0.30,-39.64,Central,Furniture
CA-2018-135937-0,CA-2018-135937,TEC-PH-10004447,333.58,3,0.20,25.02,West,Technology
CA-2018-135937-1,CA-2018-135937,TEC-AC-10001114,31.99,1,0.20,4.80,West,Technology
CA-2018-135937-2,CA-2018-135937,OFF-ST-10000563,51.17,2,0.20,-6.40,West,Office Supplies
CA-2018-135937-3,CA-2018-135937,OFF-EN-10004846,10.64,5,0.20,3.86,West,Office Supplies
CA-2018-135937-4,CA-2018-135937,FUR-FU-10002253,68.70,2,0.20,16.32,West,Furniture
CA-2018-135937-5,CA-2018-135937,FUR-TA-10001039,386.91,9,0.50,-185.72,West,Furniture
CA-2016-129322-0,CA-2016-129322,OFF-AR-10004587,39.66,2,0.00,11.90,East,Office Supplies
CA-2016-129322-1,CA-2016-129322,OFF-AP-10004336,113.92,2,0.00,33.04,East,Office Supplies
CA-2016-129322-2,CA-2016-129322,OFF-BI-10001718,447.86,7,0.00,210.49,East,Office Supplies
CA-2018-162173-0,CA-2018-162173,FUR-TA-10001520,356.85,5,0.00,60.66,South,Furniture
CA-2018-162173-1,CA-2018-162173,OFF-EN-10002831,251.58,7,0.00,113.21,South,Office Supplies
CA-2017-115483-0,CA-2017-115483,OFF-PA-10001497,219.84,5,0.20,79.69,Central,Office Supplies
CA-2018-122175-0,CA-2018-122175,FUR-FU-10000719,42.85,5,0.00,15.43,East,Furniture
CA-2018-122175-1,CA-2018-122175,OFF-LA-10002271,6.16,2,0.00,2.96,East,Office Supplies
CA-2018-122175-2,CA-2018-122175,OFF-SU-10004661,17.00,2,0.00,4.42,East,Office Supplies
CA-2018-122175-3,CA-2018-122175,TEC-AC-10004859,87.40,5,0.00,34.96,East,Technology
CA-2018-161088-0,CA-2018-161088,OFF-BI-10002824,29.84,2,0.00,13.43,South,Office Supplies
CA-2015-154837-0,CA-2015-154837,OFF-BI-10001575,49.57,2,0.20,17.35,West,Office Supplies
CA-2016-153794-0,CA-2016-153794,OFF-AR-10000380,265.86,7,0.00,79.76,West,Office Supplies
CA-2016-135510-0,CA-2016-135510,FUR-FU-10000820,67.96,4,0.00,12.23,South,Furniture
CA-2016-109337-0,CA-2016-109337,OFF-AR-10003759,10.92,6,0.00,4.91,Central,Office Supplies
CA-2016-109337-1,CA-2016-109337,TEC-MA-10002930,83.90,2,0.00,22.65,Central,Technology
CA-2016-109337-2,CA-2016-109337,OFF-AP-10004052,19.75,5,0.00,5.13,Central,Office Supplies
CA-2016-109337-3,CA-2016-109337,TEC-AC-10000990,393.54,3,0.00,165.29,Central,Technology
CA-2015-150329-0,CA-2015-150329,FUR-FU-10003724,46.87,7,0.20,3.52,West,Furniture
CA-2018-145037-0,CA-2018-145037,OFF-ST-10000918,10.90,1,0.00,2.83,East,Office Supplies
CA-2018-145037-1,CA-2018-145037,OFF-PA-10000157,79.92,4,0.00,37.56,East,Office Supplies
CA-2018-145037-2,CA-2018-145037,OFF-PA-10002499,146.82,3,0.00,73.41,East,Office Supplies
CA-2018-154466-0,CA-2018-154466,OFF-BI-10002012,3.60,2,0.00,1.73,Central,Office Supplies
CA-2015-109134-0,CA-2015-109134,FUR-FU-10000320,20.04,6,0.00,8.82,West,Furniture
US-2016-129637-0,US-2016-129637,OFF-ST-10003716,180.02,1,0.20,-15.75,Central,Office Supplies
US-2016-129637-1,US-2016-129637,FUR-FU-10000965,41.55,2,0.60,-19.74,Central,Furniture
US-2016-129637-2,US-2016-129637,OFF-AR-10003829,13.12,5,0.20,1.48,Central,Office Supplies
CA-2016-165162-0,CA-2016-165162,OFF-ST-10003470,1117.92,4,0.00,55.90,West,Office Supplies
CA-2018-140494-0,CA-2018-140494,TEC-AC-10004568,111.96,4,0.00,21.27,West,Technology
CA-2018-104108-0,CA-2018-104108,OFF-AR-10000817,12.16,5,0.20,2.13,Central,Office Supplies
US-2018-165869-0,US-2018-165869,OFF-BI-10003460,17.52,4,0.00,8.41,Central,Office Supplies
US-2018-165869-1,US-2018-165869,OFF-AP-10002472,155.88,6,0.00,54.56,Central,Office Supplies
CA-2018-160899-0,CA-2018-160899,OFF-BI-10000632,477.51,11,0.00,219.65,South,Office Supplies
CA-2018-144225-0,CA-2018-144225,OFF-PA-10000062,164.88,3,0.00,80.79,East,Office Supplies
US-2017-163538-0,US-2017-163538,TEC-AC-10002006,47.97,3,0.00,14.87,Central,Technology
US-2017-155103-0,US-2017-155103,OFF-BI-10004318,415.18,3,0.20,134.93,East,Office Supplies
US-2017-155103-1,US-2017-155103,OFF-BI-10004236,35.23,3,0.20,11.45,East,Office Supplies
US-2017-155103-2,US-2017-155103,OFF-PA-10000062,54.96,1,0.00,26.93,East,Office Supplies
CA-2018-145429-0,CA-2018-145429,OFF-PA-10003205,16.34,2,0.00,7.68,West,Office Supplies
CA-2018-145429-1,CA-2018-145429,FUR-CH-10000988,225.30,2,0.20,22.53,West,Furniture
CA-2018-145429-2,CA-2018-145429,OFF-BI-10001524,50.35,3,0.20,17.62,West,Office Supplies
CA-2016-153535-0,CA-2016-153535,FUR-FU-10001986,163.14,4,0.20,20.39,South,Furniture
CA-2016-153535-1,CA-2016-153535,OFF-BI-10001031,6.41,4,0.70,-4.91,South,Office Supplies
CA-2016-139164-0,CA-2016-139164,TEC-PH-10002468,217.58,2,0.20,19.04,West,Technology
CA-2016-139164-1,CA-2016-139164,OFF-FA-10003059,5.43,3,0.00,1.79,West,Office Supplies
CA-2016-139164-2,CA-2016-139164,TEC-PH-10003931,143.98,3,0.20,9.00,West,Technology
CA-2017-112277-0,CA-2017-112277,TEC-PH-10003505,519.68,7,0.20,58.46,South,Technology
CA-2015-167724-0,CA-2015-167724,OFF-LA-10002368,7.83,3,0.00,3.60,East,Office Supplies
CA-2016-123141-0,CA-2016-123141,FUR-CH-10004287,883.84,4,0.20,99.43,West,Furniture
CA-2016-123141-1,CA-2016-123141,FUR-CH-10001891,230.35,3,0.20,20.16,West,Furniture
CA-2017-149503-0,CA-2017-149503,OFF-BI-10002133,273.92,8,0.20,99.30,West,Office Supplies
CA-2018-163069-0,CA-2018-163069,OFF-AR-10001419,9.91,3,0.20,1.24,East,Office Supplies
CA-2018-107629-0,CA-2018-107629,FUR-FU-10002298,266.35,6,0.60,-292.99,Central,Furniture
CA-2018-107629-1,CA-2018-107629,FUR-FU-10004091,56.33,3,0.60,-26.76,Central,Furniture
CA-2018-107629-2,CA-2018-107629,TEC-AC-10004510,39.26,3,0.20,-4.91,Central,Technology
CA-2018-107629-3,CA-2018-107629,OFF-AR-10002987,95.23,6,0.20,25.00,Central,Office Supplies
CA-2017-134789-0,CA-2017-134789,OFF-FA-10002280,30.00,6,0.00,14.40,South,Office Supplies
CA-2017-134789-1,CA-2017-134789,OFF-PA-10001934,25.92,4,0.00,12.70,South,Office Supplies
CA-2017-134789-2,CA-2017-134789,FUR-FU-10003268,159.92,4,0.00,31.98,South,Furniture
CA-2017-130442-0,CA-2017-130442,OFF-AP-10004859,34.94,3,0.20,3.06,South,Office Supplies
CA-2018-102974-0,CA-2018-102974,TEC-AC-10000057,149.95,5,0.00,31.49,West,Technology
CA-2018-102974-1,CA-2018-102974,OFF-AR-10000914,23.32,2,0.00,6.06,West,Office Supplies
CA-2018-102974-2,CA-2018-102974,OFF-AR-10004956,16.74,3,0.00,4.85,West,Office Supplies
US-2018-166394-0,US-2018-166394,OFF-FA-10001843,14.82,6,0.00,6.97,East,Office Supplies
CA-2017-128811-0,CA-2017-128811,OFF-FA-10000585,10.47,3,0.00,4.82,West,Office Supplies
CA-2017-128811-1,CA-2017-128811,OFF-LA-10003720,11.07,3,0.00,5.20,West,Office Supplies
CA-2017-128811-2,CA-2017-128811,OFF-BI-10000301,20.70,4,0.20,7.76,West,Office Supplies
CA-2018-145443-0,CA-2018-145443,OFF-PA-10003302,177.20,5,0.00,83.28,Central,Office Supplies
CA-2017-165827-0,CA-2017-165827,FUR-FU-10001889,50.50,6,0.20,8.21,South,Furniture
CA-2016-156734-0,CA-2016-156734,OFF-BI-10002982,6.13,3,0.70,-4.49,South,Office Supplies
CA-2016-156734-1,CA-2016-156734,FUR-CH-10002965,643.14,4,0.20,56.27,South,Furniture
CA-2016-156734-2,CA-2016-156734,OFF-PA-10001937,20.74,4,0.20,7.26,South,Office Supplies
CA-2015-120096-0,CA-2015-120096,OFF-PA-10001977,177.54,4,0.20,62.14,West,Office Supplies
CA-2015-120096-1,CA-2015-120096,OFF-AP-10000692,32.43,2,0.20,3.24,West,Office Supplies
CA-2016-141754-0,CA-2016-141754,OFF-LA-10004093,11.70,2,0.20,3.95,South,Office Supplies
CA-2017-123358-0,CA-2017-123358,OFF-AP-10004980,113.76,3,0.00,44.37,West,Office Supplies
CA-2017-123358-1,CA-2017-123358,OFF-ST-10001932,579.51,3,0.00,81.13,West,Office Supplies
CA-2017-123358-2,CA-2017-123358,OFF-ST-10000636,150.66,9,0.00,6.03,West,Office Supplies
CA-2017-123358-3,CA-2017-123358,OFF-BI-10000069,48.03,4,0.20,15.61,West,Office Supplies
CA-2015-144029-0,CA-2015-144029,OFF-ST-10001837,102.62,3,0.20,7.70,Central,Office Supplies
CA-2015-144029-1,CA-2015-144029,FUR-CH-10003981,359.77,2,0.30,-5.14,Central,Furniture
CA-2015-144029-2,CA-2015-144029,OFF-AR-10000716,13.39,3,0.20,3.18,Central,Office Supplies
US-2018-101784-0,US-2018-101784,FUR-CH-10001146,122.14,3,0.20,-13.74,West,Furniture
CA-2016-156923-0,CA-2016-156923,OFF-PA-10002751,35.88,6,0.00,16.15,East,Office Supplies
CA-2018-111269-0,CA-2018-111269,TEC-AC-10001606,479.95,6,0.20,107.99,East,Technology
CA-2018-111269-1,CA-2018-111269,OFF-AR-10001427,23.92,5,0.20,1.79,East,Office Supplies
CA-2018-159156-0,CA-2018-159156,TEC-PH-10004389,629.95,5,0.00,163.79,East,Technology
CA-2018-100230-0,CA-2018-100230,OFF-BI-10002498,14.95,1,0.20,5.05,East,Office Supplies
CA-2018-100230-1,CA-2018-100230,OFF-PA-10002245,17.94,3,0.00,8.07,East,Office Supplies
CA-2018-100230-2,CA-2018-100230,TEC-PH-10004522,116.98,2,0.00,29.25,East,Technology
CA-2017-154767-0,CA-2017-154767,FUR-CH-10003535,121.96,2,0.00,20.73,East,Furniture
CA-2017-154767-1,CA-2017-154767,OFF-AP-10000595,8.74,2,0.00,2.27,East,Office Supplies
CA-2017-154767-2,CA-2017-154767,OFF-PA-10003039,61.96,2,0.00,27.88,East,Office Supplies
CA-2017-154767-3,CA-2017-154767,OFF-BI-10002003,7.96,2,0.00,3.74,East,Office Supplies
CA-2017-154767-4,CA-2017-154767,OFF-AP-10002311,275.24,4,0.00,121.11,East,Office Supplies
CA-2018-124205-0,CA-2018-124205,FUR-FU-10002445,47.40,5,0.00,18.96,East,Furniture
CA-2018-124205-1,CA-2018-124205,FUR-CH-10003606,512.96,4,0.00,143.63,East,Furniture
CA-2018-124205-2,CA-2018-124205,TEC-PH-10002115,395.94,6,0.00,102.94,East,Technology
CA-2018-124205-3,CA-2018-124205,OFF-ST-10000934,81.96,2,0.00,0.00,East,Office Supplies
CA-2018-165715-0,CA-2018-165715,OFF-AR-10003903,32.78,1,0.20,2.46,South,Office Supplies
CA-2018-100636-0,CA-2018-100636,OFF-ST-10004123,272.94,3,0.00,0.00,East,Office Supplies
CA-2017-162943-0,CA-2017-162943,FUR-CH-10001708,253.76,2,0.10,31.02,East,Furniture
CA-2017-144764-0,CA-2017-144764,OFF-LA-10000240,29.24,5,0.20,9.87,Central,Office Supplies
CA-2017-144764-1,CA-2017-144764,OFF-ST-10002485,35.17,2,0.20,-8.35,Central,Office Supplies
CA-2017-144764-2,CA-2017-144764,TEC-MA-10003230,1362.90,3,0.30,-19.47,Central,Technology
CA-2018-100615-0,CA-2018-100615,FUR-CH-10002602,317.06,3,0.30,-18.12,Central,Furniture
CA-2018-100615-1,CA-2018-100615,OFF-AR-10001683,15.76,2,0.20,3.55,Central,Office Supplies
CA-2018-100615-2,CA-2018-100615,FUR-FU-10002456,14.56,5,0.60,-6.19,Central,Furniture
CA-2015-109302-0,CA-2015-109302,OFF-BI-10002854,196.21,7,0.00,98.11,East,Office Supplies
CA-2018-139787-0,CA-2018-139787,OFF-AR-10002445,35.40,5,0.00,13.45,South,Office Supplies
CA-2018-139402-0,CA-2018-139402,OFF-PA-10004359,419.40,5,0.20,146.79,West,Office Supplies
CA-2018-139402-1,CA-2018-139402,OFF-BI-10000279,13.01,3,0.70,-9.97,West,Office Supplies
CA-2017-119018-0,CA-2017-119018,OFF-BI-10003314,7.71,2,0.20,2.80,West,Office Supplies
CA-2017-119018-1,CA-2017-119018,OFF-BI-10000494,4.18,1,0.20,1.30,West,Office Supplies
CA-2017-119018-2,CA-2017-119018,OFF-PA-10000295,38.88,6,0.00,18.66,West,Office Supplies
CA-2016-105361-0,CA-2016-105361,OFF-PA-10002615,17.64,4,0.00,8.11,East,Office Supplies
US-2017-152373-0,US-2017-152373,OFF-ST-10003479,93.46,3,0.20,-17.52,Central,Office Supplies
US-2018-166037-0,US-2018-166037,TEC-AC-10002800,449.91,9,0.00,157.47,East,Technology
US-2017-147711-0,US-2017-147711,FUR-BO-10003159,344.94,3,0.00,31.04,East,Furniture
US-2017-147711-1,US-2017-147711,FUR-FU-10002364,14.76,2,0.00,4.28,East,Furniture
US-2017-147711-2,US-2017-147711,OFF-BI-10003350,12.76,2,0.00,5.87,East,Office Supplies
US-2017-147711-3,US-2017-147711,OFF-LA-10004093,58.48,8,0.00,27.49,East,Office Supplies
CA-2018-121293-0,CA-2018-121293,FUR-FU-10000732,20.10,4,0.20,3.01,East,Furniture
CA-2018-121293-1,CA-2018-121293,OFF-SU-10004884,37.75,3,0.20,4.25,East,Office Supplies
CA-2018-121293-2,CA-2018-121293,FUR-TA-10001771,138.59,1,0.40,-34.65,East,Furniture
CA-2018-121293-3,CA-2018-121293,OFF-ST-10000060,259.92,5,0.20,-25.99,East,Office Supplies
CA-2018-121293-4,CA-2018-121293,OFF-PA-10004100,20.74,4,0.20,7.26,East,Office Supplies
CA-2016-118843-0,CA-2016-118843,FUR-FU-10003975,129.93,3,0.00,12.99,South,Furniture
CA-2016-118843-1,CA-2016-118843,OFF-PA-10001712,69.93,7,0.00,31.47,South,Office Supplies
CA-2016-161445-0,CA-2016-161445,OFF-AR-10001953,140.74,4,0.20,12.31,South,Office Supplies
CA-2017-124527-0,CA-2017-124527,OFF-BI-10004967,8.32,5,0.20,2.81,West,Office Supplies
CA-2017-162348-0,CA-2017-162348,FUR-FU-10003731,9.98,1,0.00,2.79,West,Furniture
CA-2015-141005-0,CA-2015-141005,OFF-BI-10001989,62.94,3,0.00,30.21,East,Office Supplies
CA-2016-145394-0,CA-2016-145394,OFF-ST-10000344,21.49,2,0.20,1.61,Central,Office Supplies
CA-2016-145394-1,CA-2016-145394,TEC-PH-10001051,239.98,3,0.20,27.00,Central,Technology
CA-2016-145394-2,CA-2016-145394,FUR-FU-10001215,34.50,2,0.60,-15.53,Central,Furniture
CA-2016-168809-0,CA-2016-168809,FUR-FU-10001473,20.10,2,0.60,-16.59,Central,Furniture
CA-2016-168809-1,CA-2016-168809,OFF-BI-10000315,3.80,1,0.80,-6.08,Central,Office Supplies
CA-2016-168809-2,CA-2016-168809,FUR-FU-10002240,7.88,5,0.60,-3.94,Central,Furniture
CA-2017-109827-0,CA-2017-109827,FUR-TA-10002607,35.45,1,0.50,-24.10,West,Furniture
CA-2017-109827-1,CA-2017-109827,TEC-MA-10003356,269.97,2,0.70,-386.96,West,Technology
CA-2017-109827-2,CA-2017-109827,TEC-AC-10002217,45.12,3,0.20,-7.90,West,Technology
CA-2017-109827-3,CA-2017-109827,TEC-AC-10004353,100.80,2,0.20,21.42,West,Technology
CA-2017-109827-4,CA-2017-109827,FUR-CH-10004754,47.97,2,0.20,4.20,West,Furniture
CA-2015-152233-0,CA-2015-152233,TEC-AC-10002800,99.98,2,0.00,34.99,West,Technology
CA-2015-125682-0,CA-2015-125682,OFF-PA-10001752,9.96,2,0.00,4.88,South,Office Supplies
CA-2018-162880-0,CA-2018-162880,OFF-BI-10003314,3.86,1,0.20,1.40,West,Office Supplies
CA-2016-128125-0,CA-2016-128125,OFF-PA-10000357,98.38,3,0.20,35.66,Central,Office Supplies
CA-2016-128125-1,CA-2016-128125,FUR-FU-10001085,22.38,3,0.60,-7.83,Central,Furniture
CA-2018-156237-0,CA-2018-156237,OFF-BI-10000301,3.88,2,0.70,-2.59,East,Office Supplies
CA-2018-156237-1,CA-2018-156237,TEC-MA-10002930,12.59,1,0.70,-18.04,East,Technology
CA-2018-156237-2,CA-2018-156237,FUR-CH-10002372,113.37,2,0.30,-29.15,East,Furniture
CA-2018-156237-3,CA-2018-156237,OFF-BI-10003707,18.31,4,0.70,-12.21,East,Office Supplies
CA-2018-156237-4,CA-2018-156237,FUR-FU-10001057,127.94,8,0.20,4.80,East,Furniture
CA-2018-156237-5,CA-2018-156237,TEC-MA-10001681,241.17,2,0.70,-168.82,East,Technology
CA-2015-144414-0,CA-2015-144414,FUR-FU-10003981,6.24,3,0.00,2.62,West,Furniture
CA-2015-144414-1,CA-2015-144414,OFF-FA-10000624,17.90,5,0.00,8.95,West,Office Supplies
CA-2015-144414-2,CA-2015-144414,OFF-BI-10004995,3266.38,3,0.20,1061.57,West,Office Supplies
CA-2018-163860-0,CA-2018-163860,OFF-BI-10003784,1.68,5,0.80,-2.69,Central,Office Supplies
CA-2018-163860-1,CA-2018-163860,FUR-FU-10004586,7.97,3,0.60,-2.39,Central,Furniture
CA-2018-163860-2,CA-2018-163860,FUR-CH-10004698,113.37,2,0.30,-3.24,Central,Furniture
CA-2018-163860-3,CA-2018-163860,FUR-FU-10001935,2.96,2,0.60,-1.41,Central,Furniture
US-2018-115609-0,US-2018-115609,OFF-AP-10003040,168.10,5,0.00,43.71,West,Office Supplies
CA-2016-154291-0,CA-2016-154291,OFF-EN-10001335,98.46,9,0.00,49.23,South,Office Supplies
CA-2016-154291-1,CA-2016-154291,FUR-TA-10002041,358.58,2,0.00,39.44,South,Furniture
CA-2017-118689-0,CA-2017-118689,OFF-ST-10001558,32.48,2,0.00,4.87,Central,Office Supplies
CA-2017-118689-1,CA-2017-118689,TEC-CO-10004722,17499.95,5,0.00,8399.98,Central,Technology
CA-2017-118689-2,CA-2017-118689,OFF-BI-10004600,735.98,2,0.00,331.19,Central,Office Supplies
CA-2017-118689-3,CA-2017-118689,OFF-BI-10003712,34.37,7,0.00,16.84,Central,Office Supplies
CA-2017-118689-4,CA-2017-118689,OFF-AR-10001958,33.96,2,0.00,9.51,Central,Office Supplies
CA-2017-140438-0,CA-2017-140438,TEC-PH-10001750,197.97,3,0.00,53.45,East,Technology
US-2018-123204-0,US-2018-123204,OFF-AP-10002287,17.48,4,0.00,4.54,East,Office Supplies
CA-2016-112522-0,CA-2016-112522,OFF-AR-10003183,8.02,3,0.20,1.00,Central,Office Supplies
CA-2017-153101-0,CA-2017-153101,FUR-TA-10003008,146.04,1,0.20,-12.78,West,Furniture
CA-2017-142615-0,CA-2017-142615,TEC-AC-10004803,27.88,2,0.00,3.90,West,Technology
CA-2018-142643-0,CA-2018-142643,OFF-LA-10003510,152.65,5,0.00,70.22,West,Office Supplies
CA-2018-142643-1,CA-2018-142643,FUR-FU-10000087,22.72,1,0.00,9.32,West,Furniture
CA-2016-116260-0,CA-2016-116260,OFF-AR-10003732,11.12,4,0.00,2.89,East,Office Supplies
CA-2018-107517-0,CA-2018-107517,OFF-AP-10000275,1640.70,5,0.00,459.40,West,Office Supplies
CA-2018-107517-1,CA-2018-107517,TEC-PH-10003505,371.20,5,0.20,41.76,West,Technology
CA-2016-166338-0,CA-2016-166338,OFF-BI-10002852,14.83,3,0.70,-10.38,East,Office Supplies
CA-2017-123946-0,CA-2017-123946,TEC-AC-10004877,20.70,3,0.00,1.66,South,Technology
CA-2017-123946-1,CA-2017-123946,OFF-FA-10002975,11.34,3,0.00,5.22,South,Office Supplies
CA-2017-123946-2,CA-2017-123946,OFF-ST-10000419,67.90,5,0.00,0.68,South,Office Supplies
CA-2017-123946-3,CA-2017-123946,FUR-CH-10002073,1059.12,4,0.00,307.14,South,Furniture
CA-2015-147543-0,CA-2015-147543,FUR-CH-10000155,478.48,2,0.20,47.85,West,Furniture
US-2017-159093-0,US-2017-159093,OFF-PA-10001260,32.04,4,0.00,14.42,West,Office Supplies
CA-2017-162110-0,CA-2017-162110,TEC-PH-10001924,55.99,1,0.20,3.50,West,Technology
US-2017-163461-0,US-2017-163461,OFF-PA-10003134,76.86,2,0.20,26.90,Central,Office Supplies
CA-2015-101462-0,CA-2015-101462,FUR-FU-10000409,59.92,4,0.00,27.56,West,Furniture
US-2017-100461-0,US-2017-100461,FUR-BO-10002545,1565.88,6,0.00,407.13,Central,Furniture
US-2017-100461-1,US-2017-100461,OFF-BI-10001460,106.05,7,0.00,49.84,Central,Office Supplies
US-2018-162670-0,US-2018-162670,OFF-ST-10001328,62.04,4,0.00,17.37,South,Office Supplies
US-2018-162670-1,US-2018-162670,TEC-PH-10003601,494.97,3,0.00,148.49,South,Technology
US-2018-162670-2,US-2018-162670,OFF-ST-10001522,367.96,4,0.00,14.72,South,Office Supplies
US-2018-162670-3,US-2018-162670,OFF-PA-10001994,44.96,2,0.00,20.68,South,Office Supplies
US-2018-162670-4,US-2018-162670,OFF-EN-10001453,182.94,3,0.00,85.98,South,Office Supplies
CA-2018-128965-0,CA-2018-128965,OFF-PA-10004911,28.14,3,0.00,13.51,West,Office Supplies
CA-2018-128965-1,CA-2018-128965,OFF-LA-10001404,7.38,2,0.00,3.47,West,Office Supplies
CA-2018-128965-2,CA-2018-128965,OFF-FA-10001561,10.90,5,0.00,3.60,West,Office Supplies
CA-2018-128965-3,CA-2018-128965,TEC-AC-10001383,274.89,11,0.00,46.73,West,Technology
CA-2018-128965-4,CA-2018-128965,OFF-LA-10003190,23.04,8,0.00,11.29,West,Office Supplies
CA-2018-128965-5,CA-2018-128965,FUR-CH-10003774,218.35,3,0.20,-19.11,West,Furniture
CA-2018-138618-0,CA-2018-138618,OFF-PA-10000520,10.37,2,0.20,3.63,Central,Office Supplies
US-2017-126452-0,US-2017-126452,OFF-BI-10004465,12.67,2,0.20,4.75,West,Office Supplies
US-2017-126452-1,US-2017-126452,TEC-PH-10003555,91.96,5,0.20,-20.69,West,Technology
US-2017-126452-2,US-2017-126452,TEC-AC-10000844,254.97,3,0.00,91.79,West,Technology
US-2017-126452-3,US-2017-126452,TEC-PH-10003187,31.98,2,0.20,-8.00,West,Technology
US-2017-126452-4,US-2017-126452,FUR-TA-10003569,2887.06,9,0.20,180.44,West,Furniture
US-2017-126452-5,US-2017-126452,OFF-PA-10003848,12.96,2,0.00,6.22,West,Office Supplies
US-2017-126452-6,US-2017-126452,OFF-PA-10002606,47.52,9,0.00,21.38,West,Office Supplies
CA-2017-145009-0,CA-2017-145009,OFF-LA-10004853,11.95,3,0.20,3.88,Central,Office Supplies
CA-2016-162544-0,CA-2016-162544,OFF-PA-10004948,4.98,1,0.00,2.34,West,Office Supplies
CA-2015-124394-0,CA-2015-124394,OFF-BI-10003676,10.78,5,0.80,-17.25,Central,Office Supplies
CA-2015-124394-1,CA-2015-124394,TEC-AC-10001314,119.98,3,0.20,-18.00,Central,Technology
US-2017-121013-0,US-2017-121013,OFF-LA-10004545,25.06,2,0.00,11.78,South,Office Supplies
US-2017-121013-1,US-2017-121013,FUR-TA-10003238,1652.94,3,0.00,314.06,South,Furniture
US-2016-123918-0,US-2016-123918,FUR-FU-10004952,131.38,6,0.60,-95.25,Central,Furniture
US-2016-123918-1,US-2016-123918,OFF-PA-10003001,5.34,1,0.20,1.87,Central,Office Supplies
CA-2016-137113-0,CA-2016-137113,FUR-CH-10001215,2003.92,5,0.20,125.25,West,Furniture
CA-2016-137113-1,CA-2016-137113,OFF-PA-10004255,32.40,5,0.00,15.55,West,Office Supplies
CA-2016-137113-2,CA-2016-137113,FUR-TA-10001705,1913.40,9,0.00,401.81,West,Furniture
CA-2016-137113-3,CA-2016-137113,OFF-ST-10002554,146.73,3,0.00,2.93,West,Office Supplies
CA-2016-137113-4,CA-2016-137113,OFF-PA-10002222,114.20,5,0.00,52.53,West,Office Supplies
CA-2016-120677-0,CA-2016-120677,FUR-CH-10002320,2567.84,8,0.00,770.35,Central,Furniture
CA-2018-123036-0,CA-2018-123036,TEC-AC-10003499,37.06,4,0.20,8.80,East,Technology
CA-2018-123036-1,CA-2018-123036,TEC-PH-10003580,259.90,2,0.40,-56.31,East,Technology
CA-2018-120222-0,CA-2018-120222,OFF-PA-10004675,19.05,3,0.00,8.76,West,Office Supplies
CA-2018-120222-1,CA-2018-120222,OFF-BI-10000666,73.34,3,0.20,27.50,West,Office Supplies
CA-2018-164756-0,CA-2018-164756,TEC-PH-10001552,95.68,8,0.00,26.79,South,Technology
CA-2018-164756-1,CA-2018-164756,OFF-PA-10000673,50.96,7,0.00,24.46,South,Office Supplies
CA-2018-164756-2,CA-2018-164756,OFF-AR-10000380,113.94,3,0.00,34.18,South,Office Supplies
CA-2018-164756-3,CA-2018-164756,OFF-PA-10003848,25.92,4,0.00,12.44,South,Office Supplies
CA-2018-164756-4,CA-2018-164756,FUR-FU-10002963,20.32,4,0.00,6.91,South,Furniture
CA-2018-164756-5,CA-2018-164756,TEC-PH-10002447,411.98,2,0.00,119.47,South,Technology
CA-2018-164756-6,CA-2018-164756,OFF-SU-10004261,34.48,2,0.00,10.00,South,Office Supplies
CA-2018-164756-7,CA-2018-164756,OFF-PA-10003228,244.55,5,0.00,114.94,South,Office Supplies
CA-2018-122028-0,CA-2018-122028,OFF-BI-10004817,10.78,3,0.70,-7.91,East,Office Supplies
US-2016-165512-0,US-2016-165512,FUR-CH-10002880,602.65,7,0.30,-163.58,Central,Furniture
US-2016-165512-1,US-2016-165512,OFF-BI-10001249,7.66,6,0.80,-13.02,Central,Office Supplies
CA-2016-140557-0,CA-2016-140557,TEC-AC-10002402,559.93,7,0.00,167.98,East,Technology
US-2018-135013-0,US-2018-135013,TEC-CO-10001449,2399.96,5,0.20,839.99,West,Technology
CA-2018-111220-0,CA-2018-111220,OFF-FA-10002280,16.00,4,0.20,5.60,Central,Office Supplies
CA-2018-111220-1,CA-2018-111220,OFF-AP-10003278,5.59,2,0.80,-15.09,Central,Office Supplies
CA-2018-111220-2,CA-2018-111220,OFF-ST-10003994,235.92,5,0.20,-44.23,Central,Office Supplies
US-2018-149006-0,US-2018-149006,OFF-ST-10003221,10.68,1,0.00,2.88,West,Office Supplies
CA-2018-149468-0,CA-2018-149468,OFF-BI-10002225,41.28,2,0.00,19.81,Central,Office Supplies
CA-2017-140249-0,CA-2017-140249,TEC-PH-10002584,1001.58,2,0.20,125.20,West,Technology
US-2018-135503-0,US-2018-135503,FUR-FU-10002364,14.76,2,0.00,4.28,South,Furniture
CA-2015-126277-0,CA-2015-126277,OFF-BI-10004022,2.50,3,0.70,-2.00,East,Office Supplies
US-2018-115301-0,US-2018-115301,FUR-BO-10004709,115.96,2,0.00,25.51,West,Furniture
CA-2018-168942-0,CA-2018-168942,OFF-ST-10004340,186.54,3,0.00,50.37,West,Office Supplies
US-2018-128398-0,US-2018-128398,TEC-AC-10001714,159.56,4,0.00,59.04,West,Technology
CA-2016-104115-0,CA-2016-104115,TEC-PH-10002844,55.98,2,0.20,4.20,South,Technology
CA-2015-142510-0,CA-2015-142510,OFF-ST-10000585,132.16,1,0.20,9.91,Central,Office Supplies
CA-2015-142510-1,CA-2015-142510,OFF-BI-10002824,17.90,6,0.80,-31.33,Central,Office Supplies
CA-2015-142510-2,CA-2015-142510,OFF-PA-10001289,124.03,4,0.20,44.96,Central,Office Supplies
CA-2015-124247-0,CA-2015-124247,FUR-CH-10001854,1403.92,5,0.20,70.20,West,Furniture
CA-2017-105473-0,CA-2017-105473,OFF-SU-10003567,28.80,3,0.00,0.86,West,Office Supplies
CA-2016-102806-0,CA-2016-102806,OFF-BI-10001597,24.59,2,0.70,-18.03,East,Office Supplies
CA-2018-121706-0,CA-2018-121706,OFF-AP-10003287,356.79,7,0.00,99.90,West,Office Supplies
CA-2018-109211-0,CA-2018-109211,OFF-EN-10001532,16.98,1,0.00,8.49,East,Office Supplies
CA-2016-134257-0,CA-2016-134257,OFF-LA-10003930,491.55,5,0.00,240.86,South,Office Supplies
CA-2016-134257-1,CA-2016-134257,OFF-EN-10003845,7.38,2,0.00,3.39,South,Office Supplies
CA-2016-137925-0,CA-2016-137925,OFF-PA-10002659,23.66,7,0.00,10.88,East,Office Supplies
CA-2016-137925-1,CA-2016-137925,FUR-BO-10001608,681.41,12,0.20,42.59,East,Furniture
CA-2017-140046-0,CA-2017-140046,OFF-LA-10000305,18.90,3,0.00,8.69,West,Office Supplies
CA-2017-140382-0,CA-2017-140382,OFF-ST-10003638,93.68,4,0.00,25.29,West,Office Supplies
CA-2017-140382-1,CA-2017-140382,OFF-LA-10001934,21.93,3,0.00,10.31,West,Office Supplies
CA-2017-140382-2,CA-2017-140382,TEC-PH-10003012,862.34,7,0.20,97.01,West,Technology
CA-2017-140382-3,CA-2017-140382,OFF-PA-10001019,19.98,1,0.00,9.39,West,Office Supplies
CA-2015-164182-0,CA-2015-164182,TEC-PH-10002070,13.49,1,0.40,-2.25,East,Technology
CA-2015-164182-1,CA-2015-164182,TEC-PH-10002583,23.99,2,0.40,-13.99,East,Technology
CA-2015-164182-2,CA-2015-164182,FUR-FU-10001057,31.98,2,0.20,1.20,East,Furniture
CA-2015-164182-3,CA-2015-164182,OFF-AR-10001044,41.58,2,0.20,4.68,East,Office Supplies
CA-2018-137365-0,CA-2018-137365,TEC-AC-10001767,95.98,3,0.20,-10.80,Central,Technology
CA-2017-129847-0,CA-2017-129847,FUR-FU-10000277,84.27,2,0.60,-75.84,Central,Furniture
CA-2015-126963-0,CA-2015-126963,OFF-PA-10001952,36.54,2,0.20,11.88,Central,Office Supplies
CA-2017-125094-0,CA-2017-125094,TEC-AC-10004420,479.72,4,0.00,52.77,West,Technology
CA-2018-107132-0,CA-2018-107132,OFF-BI-10001071,102.37,2,0.20,37.11,East,Office Supplies
CA-2018-107132-1,CA-2018-107132,OFF-SU-10002503,28.40,5,0.00,8.24,East,Office Supplies
CA-2018-107132-2,CA-2018-107132,OFF-ST-10001490,713.88,4,0.00,214.16,East,Office Supplies
CA-2018-107132-3,CA-2018-107132,OFF-PA-10003790,68.52,3,0.00,31.52,East,Office Supplies
CA-2016-139248-0,CA-2016-139248,TEC-PH-10004094,623.96,5,0.20,39.00,West,Technology
CA-2015-148369-0,CA-2015-148369,OFF-BI-10004876,11.12,4,0.00,5.45,East,Office Supplies
CA-2017-106243-0,CA-2017-106243,FUR-BO-10003034,523.92,5,0.20,-26.20,East,Furniture
CA-2016-126466-0,CA-2016-126466,OFF-FA-10000490,2.48,2,0.00,1.17,West,Office Supplies
CA-2016-130365-0,CA-2016-130365,OFF-ST-10002574,221.02,2,0.20,-55.26,Central,Office Supplies
CA-2016-130365-1,CA-2016-130365,FUR-CH-10003535,128.06,3,0.30,-23.78,Central,Furniture
CA-2018-143021-0,CA-2018-143021,OFF-BI-10001628,58.41,7,0.20,18.25,East,Office Supplies
CA-2018-143021-1,CA-2018-143021,FUR-TA-10001676,79.97,3,0.40,-29.32,East,Furniture
CA-2016-161767-0,CA-2016-161767,TEC-MA-10002790,479.99,2,0.40,56.00,Central,Technology
CA-2016-129917-0,CA-2016-129917,OFF-BI-10001757,11.81,3,0.20,4.13,West,Office Supplies
CA-2016-129917-1,CA-2016-129917,OFF-BI-10004828,53.57,4,0.20,19.42,West,Office Supplies
CA-2016-129917-2,CA-2016-129917,TEC-PH-10000369,503.96,5,0.20,50.40,West,Technology
CA-2016-115420-0,CA-2016-115420,OFF-EN-10003862,21.34,2,0.00,9.82,West,Office Supplies
CA-2017-157588-0,CA-2017-157588,OFF-BI-10003963,36.40,5,0.00,17.11,South,Office Supplies
CA-2017-157588-1,CA-2017-157588,FUR-FU-10004848,51.75,1,0.00,15.53,South,Furniture
CA-2016-167255-0,CA-2016-167255,OFF-ST-10001328,15.51,1,0.00,4.34,West,Office Supplies
CA-2016-167255-1,CA-2016-167255,OFF-PA-10002377,146.82,3,0.00,73.41,West,Office Supplies
CA-2016-167255-2,CA-2016-167255,OFF-PA-10003441,12.96,2,0.00,6.22,West,Office Supplies
CA-2018-162096-0,CA-2018-162096,OFF-AR-10002221,7.80,3,0.00,2.11,West,Office Supplies
CA-2017-157161-0,CA-2017-157161,OFF-EN-10001509,10.20,5,0.00,4.79,South,Office Supplies
CA-2017-157161-1,CA-2017-157161,OFF-AR-10003338,22.32,3,0.00,5.58,South,Office Supplies
CA-2017-157161-2,CA-2017-157161,OFF-BI-10004728,24.10,5,0.00,11.09,South,Office Supplies
CA-2017-157161-3,CA-2017-157161,TEC-AC-10000358,75.98,2,0.00,18.24,South,Technology
CA-2017-157161-4,CA-2017-157161,OFF-BI-10002764,6.46,2,0.00,3.17,South,Office Supplies
CA-2017-157161-5,CA-2017-157161,OFF-PA-10001461,60.12,9,0.00,28.86,South,Office Supplies
CA-2016-110765-0,CA-2016-110765,TEC-PH-10004165,824.97,3,0.00,214.49,East,Technology
CA-2017-163937-0,CA-2017-163937,FUR-FU-10000010,24.85,5,0.00,7.70,West,Furniture
CA-2018-153822-0,CA-2018-153822,OFF-ST-10000321,12.62,2,0.20,-2.52,West,Office Supplies
CA-2018-153822-1,CA-2018-153822,TEC-AC-10000109,89.58,2,0.20,4.48,West,Technology
CA-2018-153822-2,CA-2018-153822,TEC-PH-10002415,471.92,2,0.20,29.50,West,Technology
CA-2018-153822-3,CA-2018-153822,OFF-BI-10001460,18.18,4,0.70,-13.94,West,Office Supplies
CA-2018-146185-0,CA-2018-146185,OFF-AR-10002987,31.74,2,0.20,8.33,Central,Office Supplies
CA-2016-112144-0,CA-2016-112144,OFF-LA-10000443,5.90,2,0.20,1.99,West,Office Supplies
CA-2016-112144-1,CA-2016-112144,FUR-FU-10004306,621.76,4,0.20,46.63,West,Furniture
US-2017-119298-0,US-2017-119298,TEC-PH-10002564,59.98,2,0.00,17.99,South,Technology
CA-2018-155159-0,CA-2018-155159,OFF-PA-10003724,48.87,9,0.00,23.95,South,Office Supplies
CA-2018-149076-0,CA-2018-149076,OFF-PA-10000483,154.90,5,0.00,69.70,West,Office Supplies
CA-2015-146990-0,CA-2015-146990,OFF-FA-10000611,5.92,4,0.00,2.84,East,Office Supplies
CA-2015-146990-1,CA-2015-146990,OFF-PA-10000246,30.18,3,0.00,13.88,East,Office Supplies
CA-2017-116526-0,CA-2017-116526,OFF-BI-10004728,24.10,5,0.00,11.09,Central,Office Supplies
CA-2017-116526-1,CA-2017-116526,TEC-PH-10002365,8.78,1,0.00,2.28,Central,Technology
CA-2017-116526-2,CA-2017-116526,OFF-AP-10002457,376.74,4,0.10,71.16,Central,Office Supplies
CA-2017-116526-3,CA-2017-116526,OFF-BI-10000320,29.52,4,0.00,14.46,Central,Office Supplies
CA-2017-116526-4,CA-2017-116526,OFF-AR-10004999,11.96,2,0.00,2.99,Central,Office Supplies
CA-2017-116526-5,CA-2017-116526,OFF-BI-10001116,26.40,5,0.00,12.67,Central,Office Supplies
CA-2018-158561-0,CA-2018-158561,OFF-AP-10002651,1158.12,5,0.20,130.29,South,Office Supplies
CA-2018-165099-0,CA-2018-165099,OFF-AP-10001634,1.39,2,0.80,-3.76,Central,Office Supplies
CA-2016-109386-0,CA-2016-109386,OFF-AP-10003266,44.43,3,0.00,18.66,South,Office Supplies
CA-2016-109386-1,CA-2016-109386,TEC-PH-10002890,226.20,5,0.00,58.81,South,Technology
CA-2016-109386-2,CA-2016-109386,FUR-FU-10000308,186.54,3,0.00,41.04,South,Furniture
CA-2016-109386-3,CA-2016-109386,OFF-AR-10000380,265.86,7,0.00,79.76,South,Office Supplies
CA-2016-109386-4,CA-2016-109386,OFF-AR-10000122,27.90,5,0.00,6.97,South,Office Supplies
CA-2016-166800-0,CA-2016-166800,OFF-AP-10004868,31.08,4,0.00,8.39,West,Office Supplies
CA-2018-117443-0,CA-2018-117443,OFF-BI-10004002,13.84,4,0.80,-22.14,Central,Office Supplies
CA-2018-117443-1,CA-2018-117443,OFF-PA-10004475,175.87,4,0.20,63.75,Central,Office Supplies
US-2017-134369-0,US-2017-134369,OFF-PA-10002195,12.96,2,0.00,6.35,West,Office Supplies
CA-2018-123687-0,CA-2018-123687,OFF-AP-10002670,208.44,3,0.00,62.53,South,Office Supplies
CA-2018-123687-1,CA-2018-123687,OFF-SU-10004498,25.76,2,0.00,0.77,South,Office Supplies
CA-2016-104871-0,CA-2016-104871,FUR-CH-10003298,366.74,4,0.30,-110.02,Central,Furniture
CA-2015-133158-0,CA-2015-133158,FUR-FU-10000723,289.24,7,0.00,26.03,West,Furniture
CA-2015-133158-1,CA-2015-133158,OFF-BI-10000632,69.46,2,0.20,22.57,West,Office Supplies
CA-2015-126333-0,CA-2015-126333,OFF-PA-10000223,5.18,1,0.20,1.81,Central,Office Supplies
CA-2016-141740-0,CA-2016-141740,FUR-CH-10001545,205.16,2,0.10,13.68,East,Furniture
CA-2015-119466-0,CA-2015-119466,FUR-FU-10001546,8.54,2,0.60,-7.48,Central,Furniture
CA-2016-154823-0,CA-2016-154823,OFF-BI-10001098,12.83,2,0.70,-8.98,East,Office Supplies
CA-2016-154823-1,CA-2016-154823,FUR-CH-10003379,598.46,3,0.30,-42.75,East,Furniture
CA-2016-154823-2,CA-2016-154823,FUR-FU-10000193,25.98,1,0.20,-3.90,East,Furniture
US-2015-135881-0,US-2015-135881,OFF-BI-10000829,17.96,5,0.20,5.84,East,Office Supplies
US-2015-135881-1,US-2015-135881,OFF-SU-10003002,5.04,2,0.00,0.15,East,Office Supplies
US-2015-135881-2,US-2015-135881,OFF-AP-10002118,208.16,1,0.00,56.20,East,Office Supplies
CA-2018-141201-0,CA-2018-141201,FUR-BO-10001519,148.26,3,0.15,15.70,West,Furniture
CA-2015-114790-0,CA-2015-114790,OFF-AP-10002578,146.76,3,0.00,38.16,South,Office Supplies
CA-2015-114790-1,CA-2015-114790,TEC-AC-10000710,32.96,2,0.00,14.17,South,Technology
CA-2015-114790-2,CA-2015-114790,TEC-PH-10000984,587.97,3,0.00,164.63,South,Technology
CA-2015-114790-3,CA-2015-114790,OFF-PA-10000213,14.94,3,0.00,7.02,South,Office Supplies
US-2017-154256-0,US-2017-154256,OFF-LA-10003720,25.83,7,0.00,12.14,East,Office Supplies
CA-2015-124737-0,CA-2015-124737,OFF-PA-10001837,15.55,3,0.20,5.44,West,Office Supplies
CA-2015-124737-1,CA-2015-124737,OFF-SU-10004661,6.80,1,0.20,0.51,West,Office Supplies
CA-2015-124737-2,CA-2015-124737,FUR-FU-10003274,4.22,3,0.20,1.27,West,Furniture
CA-2015-124737-3,CA-2015-124737,TEC-PH-10000149,143.64,9,0.20,10.77,West,Technology
CA-2015-124737-4,CA-2015-124737,OFF-PA-10000019,31.10,6,0.20,10.89,West,Office Supplies
CA-2015-124737-5,CA-2015-124737,OFF-PA-10001125,223.06,9,0.20,69.70,West,Office Supplies
US-2018-101840-0,US-2018-101840,TEC-PH-10002538,227.46,6,0.00,65.96,East,Technology
US-2018-101840-1,US-2018-101840,OFF-BI-10000279,46.24,4,0.20,15.61,East,Office Supplies
CA-2018-131653-0,CA-2018-131653,OFF-LA-10001045,5.22,2,0.00,2.40,East,Office Supplies
US-2017-157840-0,US-2017-157840,OFF-PA-10003673,33.90,5,0.00,15.59,Central,Office Supplies
CA-2017-145548-0,CA-2017-145548,OFF-ST-10002562,28.14,3,0.00,7.88,East,Office Supplies
CA-2017-145548-1,CA-2017-145548,TEC-AC-10002305,36.00,2,0.00,6.48,East,Technology
CA-2017-145548-2,CA-2017-145548,OFF-AR-10003373,92.94,3,0.00,25.09,East,Office Supplies
CA-2017-145548-3,CA-2017-145548,FUR-CH-10003774,245.65,3,0.10,8.19,East,Furniture
CA-2017-145548-4,CA-2017-145548,OFF-BI-10001510,55.01,3,0.20,17.19,East,Office Supplies
CA-2017-145548-5,CA-2017-145548,OFF-BI-10004236,35.23,3,0.20,11.45,East,Office Supplies
CA-2018-119494-0,CA-2018-119494,FUR-CH-10004675,523.39,3,0.20,52.34,West,Furniture
CA-2015-124618-0,CA-2015-124618,TEC-CO-10004202,479.98,2,0.20,90.00,South,Technology
CA-2018-161970-0,CA-2018-161970,OFF-PA-10004255,12.96,2,0.00,6.22,South,Office Supplies
CA-2018-161970-1,CA-2018-161970,OFF-AR-10003896,17.94,3,0.00,6.46,South,Office Supplies
CA-2018-103443-0,CA-2018-103443,OFF-ST-10002276,166.72,2,0.00,41.68,East,Office Supplies
CA-2018-103443-1,CA-2018-103443,OFF-BI-10001617,24.82,3,0.20,8.38,East,Office Supplies
CA-2018-103443-2,CA-2018-103443,FUR-FU-10000308,124.36,2,0.00,27.36,East,Furniture
US-2018-165358-0,US-2018-165358,TEC-CO-10001943,599.97,5,0.40,70.00,East,Technology
US-2018-165358-1,US-2018-165358,FUR-CH-10002647,198.74,4,0.30,-14.20,East,Furniture
US-2018-165358-2,US-2018-165358,OFF-SU-10004768,9.18,2,0.20,1.15,East,Office Supplies
CA-2017-160136-0,CA-2017-160136,OFF-PA-10002160,9.25,2,0.20,3.35,Central,Office Supplies
CA-2015-150581-0,CA-2015-150581,FUR-TA-10003748,99.59,1,0.20,2.49,West,Furniture
CA-2015-150581-1,CA-2015-150581,TEC-AC-10001908,399.96,4,0.00,139.99,West,Technology
CA-2017-119515-0,CA-2017-119515,OFF-PA-10000552,15.55,3,0.20,5.44,South,Office Supplies
CA-2015-141355-0,CA-2015-141355,OFF-AR-10003179,14.58,2,0.20,2.37,West,Office Supplies
CA-2017-165330-0,CA-2017-165330,OFF-BI-10004593,209.60,5,0.20,68.12,West,Office Supplies
CA-2017-165330-1,CA-2017-165330,OFF-AR-10000914,23.32,2,0.00,6.06,West,Office Supplies
CA-2017-165330-2,CA-2017-165330,OFF-PA-10000241,30.98,1,0.00,13.94,West,Office Supplies
CA-2017-165330-3,CA-2017-165330,TEC-AC-10000057,119.96,4,0.00,25.19,West,Technology
CA-2017-165330-4,CA-2017-165330,FUR-CH-10003774,363.92,5,0.20,-31.84,West,Furniture
CA-2017-165330-5,CA-2017-165330,OFF-BI-10002824,35.81,3,0.20,11.19,West,Office Supplies
CA-2017-165330-6,CA-2017-165330,OFF-BI-10004001,122.69,9,0.20,39.87,West,Office Supplies
CA-2017-165330-7,CA-2017-165330,FUR-TA-10004619,892.14,7,0.20,111.52,West,Furniture
CA-2017-165330-8,CA-2017-165330,OFF-ST-10000636,50.22,3,0.00,2.01,West,Office Supplies
CA-2017-165330-9,CA-2017-165330,OFF-AP-10001469,83.42,2,0.00,24.19,West,Office Supplies
CA-2017-165330-10,CA-2017-165330,OFF-BI-10002897,5.87,2,0.20,2.13,West,Office Supplies
CA-2016-132633-0,CA-2016-132633,OFF-BI-10002432,12.14,3,0.20,4.10,West,Office Supplies
CA-2017-157742-0,CA-2017-157742,OFF-EN-10002592,27.79,3,0.20,10.42,West,Office Supplies
CA-2018-127712-0,CA-2018-127712,OFF-SU-10002522,6.21,2,0.20,0.70,West,Office Supplies
CA-2018-169474-0,CA-2018-169474,OFF-AP-10003971,32.67,3,0.00,8.49,East,Office Supplies
CA-2015-106726-0,CA-2015-106726,OFF-ST-10001496,1261.33,7,0.00,327.95,West,Office Supplies
CA-2017-147473-0,CA-2017-147473,OFF-PA-10004782,38.88,6,0.00,18.66,West,Office Supplies
CA-2017-114209-0,CA-2017-114209,OFF-BI-10000343,1.96,2,0.80,-3.24,Central,Office Supplies
CA-2017-114209-1,CA-2017-114209,OFF-PA-10003591,82.66,9,0.20,31.00,Central,Office Supplies
CA-2015-141901-0,CA-2015-141901,OFF-PA-10001667,5.98,1,0.00,2.69,West,Office Supplies
CA-2017-164490-0,CA-2017-164490,OFF-PA-10004971,9.25,2,0.20,3.35,Central,Office Supplies
CA-2017-112256-0,CA-2017-112256,OFF-AR-10001216,4.45,2,0.20,0.33,Central,Office Supplies
CA-2017-112256-1,CA-2017-112256,OFF-PA-10004355,5.18,1,0.20,1.81,Central,Office Supplies
CA-2017-112256-2,CA-2017-112256,OFF-AR-10001953,175.92,5,0.20,15.39,Central,Office Supplies
CA-2017-112256-3,CA-2017-112256,OFF-BI-10004364,4.75,4,0.80,-8.32,Central,Office Supplies
CA-2017-112256-4,CA-2017-112256,OFF-SU-10001165,13.34,2,0.20,1.00,Central,Office Supplies
CA-2017-167416-0,CA-2017-167416,OFF-EN-10001141,54.90,5,0.00,26.90,West,Office Supplies
CA-2017-106950-0,CA-2017-106950,OFF-BI-10000014,22.91,7,0.70,-17.57,South,Office Supplies
CA-2017-106950-1,CA-2017-106950,OFF-AP-10000159,309.46,9,0.20,34.81,South,Office Supplies
CA-2017-106950-2,CA-2017-106950,OFF-AR-10003560,19.46,4,0.20,3.40,South,Office Supplies
CA-2017-106950-3,CA-2017-106950,FUR-TA-10001768,472.52,3,0.40,-149.63,South,Furniture
CA-2017-106950-4,CA-2017-106950,TEC-AC-10002049,1012.68,3,0.20,303.80,South,Technology
CA-2017-106950-5,CA-2017-106950,OFF-BI-10003166,17.22,5,0.70,-12.63,South,Office Supplies
CA-2018-118724-0,CA-2018-118724,OFF-AR-10003469,3.52,2,0.00,1.69,West,Office Supplies
CA-2018-118724-1,CA-2018-118724,TEC-PH-10002549,1626.19,9,0.20,121.96,West,Technology
CA-2018-112004-0,CA-2018-112004,OFF-BI-10003476,8.60,5,0.70,-6.30,East,Office Supplies
CA-2018-112004-1,CA-2018-112004,OFF-SU-10000157,190.90,2,0.20,-42.95,East,Office Supplies
US-2018-143175-0,US-2018-143175,OFF-ST-10003123,99.87,3,0.00,23.97,West,Office Supplies
CA-2016-105844-0,CA-2016-105844,OFF-AR-10001955,79.36,4,0.00,23.81,West,Office Supplies
CA-2018-118864-0,CA-2018-118864,TEC-PH-10001809,119.96,1,0.20,7.50,West,Technology
CA-2016-119480-0,CA-2016-119480,OFF-PA-10000474,106.32,3,0.00,49.97,South,Office Supplies
CA-2016-119480-1,CA-2016-119480,OFF-AP-10001205,163.44,3,0.00,45.76,South,Office Supplies
CA-2016-119480-2,CA-2016-119480,OFF-AR-10004691,42.76,2,0.00,11.12,South,Office Supplies
CA-2016-119480-3,CA-2016-119480,OFF-PA-10004996,51.55,5,0.00,24.23,South,Office Supplies
US-2016-153374-0,US-2016-153374,TEC-AC-10001908,479.95,6,0.20,89.99,Central,Technology
CA-2017-101980-0,CA-2017-101980,OFF-BI-10000666,146.69,6,0.20,55.01,East,Office Supplies
CA-2017-101980-1,CA-2017-101980,OFF-BI-10004318,276.78,2,0.20,89.95,East,Office Supplies
CA-2017-101980-2,CA-2017-101980,OFF-BI-10003429,25.32,5,0.20,9.18,East,Office Supplies
CA-2018-144596-0,CA-2018-144596,OFF-PA-10003302,318.96,9,0.00,149.91,East,Office Supplies
CA-2016-124933-0,CA-2016-124933,OFF-PA-10003302,212.64,6,0.00,99.94,East,Office Supplies
CA-2015-159625-0,CA-2015-159625,OFF-EN-10002621,23.47,3,0.20,8.80,West,Office Supplies
CA-2017-144337-0,CA-2017-144337,OFF-PA-10000249,19.65,2,0.20,6.63,Central,Office Supplies
CA-2015-117478-0,CA-2015-117478,OFF-BI-10000050,6.57,3,0.70,-5.04,East,Office Supplies
CA-2018-147410-0,CA-2018-147410,OFF-ST-10003805,421.10,2,0.00,105.28,West,Office Supplies
CA-2018-128944-0,CA-2018-128944,FUR-CH-10000785,760.12,6,0.30,-43.44,East,Furniture
CA-2018-128944-1,CA-2018-128944,FUR-FU-10004909,38.78,3,0.20,7.27,East,Furniture
CA-2018-128944-2,CA-2018-128944,TEC-AC-10001553,122.33,9,0.20,1.53,East,Technology
CA-2017-109666-0,CA-2017-109666,TEC-PH-10004774,25.98,2,0.00,0.78,East,Technology
CA-2017-109666-1,CA-2017-109666,OFF-AR-10004582,3.28,2,0.00,1.48,East,Office Supplies
CA-2017-109666-2,CA-2017-109666,OFF-ST-10000991,459.88,4,0.00,13.80,East,Office Supplies
CA-2017-109666-3,CA-2017-109666,OFF-SU-10002522,7.76,2,0.00,2.25,East,Office Supplies
CA-2017-109666-4,CA-2017-109666,OFF-AR-10004022,71.96,2,0.00,17.99,East,Office Supplies
CA-2017-109666-5,CA-2017-109666,OFF-SU-10001218,54.90,5,0.00,15.37,East,Office Supplies
CA-2017-109666-6,CA-2017-109666,OFF-BI-10000174,9.28,2,0.20,3.25,East,Office Supplies
US-2017-102239-0,US-2017-102239,FUR-TA-10003392,1685.88,6,0.00,320.32,West,Furniture
US-2017-102239-1,US-2017-102239,OFF-BI-10001890,5.73,2,0.20,2.00,West,Office Supplies
CA-2015-143168-0,CA-2015-143168,OFF-PA-10000167,61.96,2,0.00,27.88,West,Office Supplies
CA-2015-143168-1,CA-2015-143168,OFF-BI-10003784,1.34,1,0.20,0.47,West,Office Supplies
CA-2018-104906-0,CA-2018-104906,OFF-PA-10001184,17.94,3,0.00,8.79,East,Office Supplies
CA-2018-118122-0,CA-2018-118122,OFF-BI-10002103,13.90,2,0.20,4.52,West,Office Supplies
US-2015-147774-0,US-2015-147774,OFF-BI-10003091,67.19,1,0.70,-51.52,South,Office Supplies
CA-2018-166926-0,CA-2018-166926,OFF-PA-10001593,41.86,7,0.00,18.84,West,Office Supplies
CA-2018-166926-1,CA-2018-166926,FUR-BO-10002598,141.96,2,0.00,41.17,West,Furniture
CA-2016-128013-0,CA-2016-128013,FUR-FU-10000320,10.02,3,0.00,4.41,East,Furniture
CA-2016-128013-1,CA-2016-128013,OFF-PA-10001815,144.12,3,0.00,69.18,East,Office Supplies
CA-2017-123176-0,CA-2017-123176,OFF-PA-10003971,17.94,3,0.00,8.79,South,Office Supplies
CA-2017-123176-1,CA-2017-123176,OFF-AR-10004685,13.89,3,0.00,4.58,South,Office Supplies
US-2017-117541-0,US-2017-117541,OFF-PA-10001609,16.45,5,0.00,7.57,East,Office Supplies
US-2017-117541-1,US-2017-117541,FUR-FU-10000550,19.92,4,0.00,6.57,East,Furniture
CA-2017-166282-0,CA-2017-166282,TEC-AC-10004209,35.17,4,0.20,8.35,South,Technology
CA-2017-166282-1,CA-2017-166282,OFF-PA-10003022,123.09,7,0.20,40.00,South,Office Supplies
CA-2018-141439-0,CA-2018-141439,FUR-TA-10001039,257.94,3,0.00,67.06,Central,Furniture
CA-2018-141439-1,CA-2018-141439,TEC-PH-10002624,1879.96,4,0.00,545.19,Central,Technology
CA-2018-141439-2,CA-2018-141439,FUR-FU-10001473,27.46,2,0.00,9.89,Central,Furniture
CA-2018-141439-3,CA-2018-141439,TEC-PH-10001819,89.98,2,0.00,43.19,Central,Technology
CA-2018-141439-4,CA-2018-141439,FUR-CH-10004287,828.60,3,0.00,240.29,Central,Furniture
CA-2016-163965-0,CA-2016-163965,OFF-BI-10004728,7.23,5,0.70,-5.78,South,Office Supplies
CA-2016-163965-1,CA-2016-163965,OFF-ST-10000918,17.44,2,0.20,1.31,South,Office Supplies
CA-2016-163965-2,CA-2016-163965,OFF-BI-10004593,62.88,4,0.70,-50.30,South,Office Supplies
CA-2016-163965-3,CA-2016-163965,FUR-BO-10001337,290.35,3,0.20,-36.29,South,Furniture
CA-2018-128783-0,CA-2018-128783,TEC-AC-10002473,113.52,4,0.00,46.54,Central,Technology
CA-2018-128783-1,CA-2018-128783,FUR-FU-10003623,135.30,5,0.00,37.88,Central,Furniture
CA-2015-122217-0,CA-2015-122217,FUR-FU-10002045,111.15,5,0.00,48.91,South,Furniture
US-2018-141558-0,US-2018-141558,TEC-PH-10002555,776.85,5,0.40,-181.26,East,Technology
US-2018-141558-1,US-2018-141558,OFF-BI-10002794,12.29,1,0.70,-8.61,East,Office Supplies
US-2018-141558-2,US-2018-141558,FUR-TA-10004086,154.76,3,0.40,-46.43,East,Furniture
US-2018-141558-3,US-2018-141558,OFF-ST-10004946,43.28,1,0.20,3.25,East,Office Supplies
CA-2017-139941-0,CA-2017-139941,OFF-PA-10000241,92.94,3,0.00,41.82,East,Office Supplies
CA-2017-139941-1,CA-2017-139941,OFF-AP-10004036,52.56,3,0.00,18.40,East,Office Supplies
CA-2016-166583-0,CA-2016-166583,TEC-PH-10001578,971.88,3,0.20,109.34,Central,Technology
CA-2018-100412-0,CA-2018-100412,FUR-CH-10002647,141.96,2,0.00,35.49,South,Furniture
CA-2018-142909-0,CA-2018-142909,FUR-TA-10003008,182.55,2,0.50,-135.09,West,Furniture
CA-2015-137911-0,CA-2015-137911,OFF-PA-10004071,88.77,2,0.20,31.07,South,Office Supplies
CA-2016-106208-0,CA-2016-106208,OFF-AP-10004980,53.09,7,0.80,-108.83,Central,Office Supplies
US-2016-136749-0,US-2016-136749,FUR-FU-10000747,275.88,6,0.00,46.90,South,Furniture
US-2016-136749-1,US-2016-136749,OFF-BI-10004492,157.90,5,0.00,74.21,South,Office Supplies
CA-2018-126718-0,CA-2018-126718,OFF-LA-10004055,4.91,1,0.00,2.41,East,Office Supplies
CA-2017-131380-0,CA-2017-131380,OFF-ST-10002485,87.92,4,0.00,0.88,West,Office Supplies
CA-2017-131380-1,CA-2017-131380,OFF-PA-10001243,5.98,1,0.00,2.93,West,Office Supplies
CA-2016-145835-0,CA-2016-145835,TEC-PH-10004447,222.38,2,0.20,16.68,Central,Technology
CA-2016-145835-1,CA-2016-145835,OFF-FA-10002280,16.00,4,0.20,5.60,Central,Office Supplies
CA-2015-138709-0,CA-2015-138709,OFF-PA-10004734,21.84,3,0.00,10.92,South,Office Supplies
CA-2015-138709-1,CA-2015-138709,OFF-BI-10000145,15.60,5,0.00,7.64,South,Office Supplies
CA-2015-122070-0,CA-2015-122070,OFF-EN-10004773,247.84,8,0.00,121.44,East,Office Supplies
CA-2015-122070-1,CA-2015-122070,OFF-BI-10004970,9.91,3,0.20,3.35,East,Office Supplies
CA-2017-158610-0,CA-2017-158610,OFF-ST-10000604,69.52,2,0.00,17.38,East,Office Supplies
CA-2015-117464-0,CA-2015-117464,OFF-AR-10003190,11.52,4,0.00,3.23,West,Office Supplies
CA-2015-117464-1,CA-2015-117464,FUR-CH-10000155,717.72,3,0.20,71.77,West,Furniture
CA-2015-117464-2,CA-2015-117464,OFF-ST-10003058,236.50,10,0.00,68.58,West,Office Supplies
CA-2015-117464-3,CA-2015-117464,FUR-TA-10004767,170.35,3,0.20,19.16,West,Furniture
US-2018-168613-0,US-2018-168613,FUR-CH-10002372,145.76,2,0.10,3.24,East,Furniture
CA-2018-125381-0,CA-2018-125381,TEC-AC-10000158,107.97,3,0.00,22.67,West,Technology
US-2018-141677-0,US-2018-141677,TEC-AC-10000158,143.96,5,0.20,1.80,Central,Technology
US-2018-141677-1,US-2018-141677,TEC-CO-10002313,2399.96,5,0.20,569.99,Central,Technology
US-2018-141677-2,US-2018-141677,OFF-PA-10002581,74.35,3,0.20,23.23,Central,Office Supplies
US-2018-141677-3,US-2018-141677,OFF-AP-10001205,87.17,8,0.80,-226.64,Central,Office Supplies
US-2018-141677-4,US-2018-141677,OFF-ST-10000344,32.23,3,0.20,2.42,Central,Office Supplies
CA-2018-133067-0,CA-2018-133067,OFF-BI-10002897,2.20,2,0.70,-1.54,East,Office Supplies
CA-2018-133067-1,CA-2018-133067,OFF-BI-10003694,9.40,3,0.70,-7.52,East,Office Supplies
US-2017-144351-0,US-2017-144351,TEC-PH-10001644,89.97,3,0.00,25.19,East,Technology
CA-2015-106054-0,CA-2015-106054,OFF-AR-10002399,12.78,3,0.00,5.24,South,Office Supplies
CA-2017-138667-0,CA-2017-138667,TEC-AC-10003063,40.00,2,0.20,0.50,East,Technology
CA-2018-150609-0,CA-2018-150609,OFF-BI-10002071,23.24,5,0.20,7.55,West,Office Supplies
CA-2018-128853-0,CA-2018-128853,FUR-CH-10004218,908.82,9,0.00,227.21,East,Furniture
CA-2018-133102-0,CA-2018-133102,OFF-SU-10000432,5.55,2,0.20,-1.04,Central,Office Supplies
CA-2018-133102-1,CA-2018-133102,OFF-AR-10003183,8.02,3,0.20,1.00,Central,Office Supplies
CA-2018-133102-2,CA-2018-133102,FUR-CH-10002017,74.59,4,0.30,-2.13,Central,Furniture
CA-2018-133102-3,CA-2018-133102,FUR-FU-10003247,16.78,2,0.60,-22.24,Central,Furniture
CA-2018-133102-4,CA-2018-133102,OFF-AP-10001563,38.86,4,0.80,-99.10,Central,Office Supplies
CA-2017-164399-0,CA-2017-164399,TEC-PH-10004908,203.98,3,0.20,25.50,West,Technology
CA-2017-164399-1,CA-2017-164399,FUR-TA-10003392,674.35,3,0.20,-8.43,West,Furniture
CA-2017-116918-0,CA-2017-116918,OFF-BI-10004140,5.39,4,0.70,-4.49,South,Office Supplies
CA-2017-116918-1,CA-2017-116918,OFF-AR-10003631,30.98,8,0.20,5.03,South,Office Supplies
CA-2017-110492-0,CA-2017-110492,OFF-ST-10003716,1350.12,6,0.00,175.52,South,Office Supplies
CA-2017-110492-1,CA-2017-110492,OFF-BI-10003274,15.92,4,0.00,7.48,South,Office Supplies
CA-2017-147683-0,CA-2017-147683,FUR-FU-10004848,19.54,2,0.00,7.23,West,Furniture
CA-2015-116785-0,CA-2015-116785,OFF-AR-10003504,21.40,5,0.00,6.21,West,Office Supplies
CA-2015-116785-1,CA-2015-116785,OFF-LA-10000305,12.60,2,0.00,5.80,West,Office Supplies
US-2016-156797-0,US-2016-156797,OFF-AR-10001427,11.96,2,0.00,3.11,East,Office Supplies
US-2016-156797-1,US-2016-156797,TEC-PH-10004614,138.00,2,0.00,34.50,East,Technology
CA-2017-104276-0,CA-2017-104276,TEC-PH-10001944,116.76,1,0.20,14.60,South,Technology
CA-2017-104276-1,CA-2017-104276,FUR-TA-10001039,331.02,7,0.45,-114.35,South,Furniture
CA-2017-120369-0,CA-2017-120369,FUR-FU-10003806,756.80,5,0.00,75.68,East,Furniture
CA-2015-118276-0,CA-2015-118276,FUR-FU-10002111,8.74,3,0.60,-4.80,Central,Furniture
CA-2016-136658-0,CA-2016-136658,OFF-AR-10000817,6.08,2,0.00,2.07,East,Office Supplies
CA-2018-137414-0,CA-2018-137414,FUR-FU-10001424,17.46,2,0.00,5.94,West,Furniture
CA-2018-137414-1,CA-2018-137414,TEC-MA-10002930,369.16,11,0.20,32.30,West,Technology
CA-2017-143476-0,CA-2017-143476,OFF-AR-10003759,2.91,2,0.20,0.91,West,Office Supplies
CA-2017-143476-1,CA-2017-143476,OFF-PA-10001837,20.74,4,0.20,7.26,West,Office Supplies
CA-2017-143476-2,CA-2017-143476,OFF-PA-10001667,9.57,2,0.20,2.99,West,Office Supplies
US-2017-119046-0,US-2017-119046,OFF-PA-10000246,30.18,3,0.00,13.88,West,Office Supplies
US-2017-119046-1,US-2017-119046,OFF-BI-10001078,51.65,12,0.20,18.72,West,Office Supplies
US-2017-119046-2,US-2017-119046,OFF-BI-10000138,11.23,3,0.20,3.93,West,Office Supplies
CA-2018-154949-0,CA-2018-154949,OFF-LA-10002034,14.73,3,0.00,7.22,West,Office Supplies
CA-2016-103072-0,CA-2016-103072,OFF-AR-10000127,16.40,5,0.00,4.76,Central,Office Supplies
CA-2016-103072-1,CA-2016-103072,OFF-PA-10003172,25.92,4,0.00,12.44,Central,Office Supplies
CA-2016-150770-0,CA-2016-150770,OFF-AR-10001246,8.82,3,0.00,2.56,West,Office Supplies
CA-2016-150770-1,CA-2016-150770,OFF-BI-10002026,62.50,2,0.20,21.87,West,Office Supplies
CA-2016-150770-2,CA-2016-150770,TEC-AC-10000844,339.96,4,0.00,122.39,West,Technology
CA-2016-150770-3,CA-2016-150770,OFF-BI-10001575,49.57,2,0.20,17.35,West,Office Supplies
CA-2018-154760-0,CA-2018-154760,OFF-BI-10004632,274.49,3,0.70,-228.74,East,Office Supplies
US-2018-104437-0,US-2018-104437,TEC-PH-10000193,137.94,3,0.00,35.86,East,Technology
CA-2018-113075-0,CA-2018-113075,TEC-AC-10003441,40.68,3,0.20,-7.12,Central,Technology
CA-2017-109953-0,CA-2017-109953,TEC-PH-10004093,110.38,3,0.20,12.42,West,Technology
CA-2017-109953-1,CA-2017-109953,OFF-AP-10002998,151.62,7,0.00,50.03,West,Office Supplies
CA-2017-109953-2,CA-2017-109953,FUR-FU-10000073,30.80,4,0.00,10.16,West,Furniture
CA-2018-127397-0,CA-2018-127397,OFF-PA-10001125,123.92,5,0.20,38.73,East,Office Supplies
CA-2018-127397-1,CA-2018-127397,TEC-AC-10003033,1319.80,5,0.20,214.47,East,Technology
CA-2015-157546-0,CA-2015-157546,OFF-BI-10002498,89.71,6,0.20,30.28,West,Office Supplies
CA-2015-157546-1,CA-2015-157546,OFF-PA-10004569,22.83,3,0.00,10.73,West,Office Supplies
CA-2018-153843-0,CA-2018-153843,OFF-BI-10002353,30.88,2,0.00,15.44,East,Office Supplies
CA-2018-153843-1,CA-2018-153843,OFF-AP-10001564,465.16,2,0.00,120.94,East,Office Supplies
CA-2018-153843-2,CA-2018-153843,OFF-PA-10003673,27.12,4,0.00,12.48,East,Office Supplies
CA-2017-137337-0,CA-2017-137337,FUR-FU-10003347,113.60,8,0.00,44.30,East,Furniture
CA-2017-137337-1,CA-2017-137337,OFF-PA-10001934,12.96,2,0.00,6.35,East,Office Supplies
CA-2017-137337-2,CA-2017-137337,OFF-BI-10000632,69.46,2,0.20,22.57,East,Office Supplies
CA-2015-138737-0,CA-2015-138737,OFF-AR-10003190,8.64,3,0.00,2.42,West,Office Supplies
CA-2017-164924-0,CA-2017-164924,TEC-MA-10000904,341.99,3,0.70,-319.19,East,Technology
CA-2017-101651-0,CA-2017-101651,FUR-FU-10000771,43.96,7,0.00,18.46,West,Furniture
CA-2017-101651-1,CA-2017-101651,OFF-EN-10001990,39.76,7,0.00,18.69,West,Office Supplies
CA-2018-136651-0,CA-2018-136651,FUR-FU-10002445,66.36,7,0.00,26.54,West,Furniture
CA-2018-136651-1,CA-2018-136651,OFF-BI-10003638,92.88,6,0.20,30.19,West,Office Supplies
CA-2018-136651-2,CA-2018-136651,FUR-FU-10004864,24.14,2,0.00,7.97,West,Furniture
CA-2018-118892-0,CA-2018-118892,FUR-CH-10002024,4416.17,9,0.30,-630.88,East,Furniture
US-2018-151127-0,US-2018-151127,OFF-AR-10002445,49.56,7,0.00,18.83,West,Office Supplies
CA-2018-145807-0,CA-2018-145807,OFF-ST-10001370,354.90,5,0.00,17.75,West,Office Supplies
US-2015-127978-0,US-2015-127978,OFF-LA-10000305,15.12,3,0.20,4.91,East,Office Supplies
US-2015-127978-1,US-2015-127978,FUR-BO-10001972,302.45,5,0.50,-199.62,East,Furniture
US-2015-127978-2,US-2015-127978,OFF-ST-10002486,44.67,8,0.20,-10.05,East,Office Supplies
CA-2016-158491-0,CA-2016-158491,TEC-AC-10001874,119.98,2,0.00,35.99,West,Technology
CA-2016-158491-1,CA-2016-158491,TEC-AC-10003870,989.97,3,0.00,395.99,West,Technology
CA-2017-116764-0,CA-2017-116764,OFF-LA-10002473,9.22,4,0.20,3.34,South,Office Supplies
CA-2017-152457-0,CA-2017-152457,OFF-PA-10003790,68.52,3,0.00,31.52,Central,Office Supplies
CA-2017-152730-0,CA-2017-152730,OFF-AP-10002684,364.74,3,0.00,109.42,Central,Office Supplies
CA-2017-152730-1,CA-2017-152730,FUR-FU-10001037,47.40,5,0.00,21.33,Central,Furniture
CA-2017-152730-2,CA-2017-152730,OFF-ST-10000876,49.76,4,0.00,13.93,Central,Office Supplies
CA-2017-152730-3,CA-2017-152730,OFF-AR-10003732,5.56,2,0.00,1.45,Central,Office Supplies
CA-2017-152730-4,CA-2017-152730,OFF-PA-10000994,629.10,6,0.00,301.97,Central,Office Supplies
CA-2017-152730-5,CA-2017-152730,OFF-AR-10000940,14.70,5,0.00,3.97,Central,Office Supplies
CA-2017-152730-6,CA-2017-152730,OFF-PA-10004888,45.36,7,0.00,21.77,Central,Office Supplies
CA-2017-152730-7,CA-2017-152730,TEC-PH-10000441,125.99,1,0.00,35.28,Central,Technology
CA-2018-137001-0,CA-2018-137001,OFF-AR-10001231,14.70,7,0.00,4.12,West,Office Supplies
CA-2018-156363-0,CA-2018-156363,TEC-PH-10003988,32.70,5,0.40,-6.54,East,Technology
CA-2018-156363-1,CA-2018-156363,OFF-EN-10003068,31.68,4,0.20,11.09,East,Office Supplies
CA-2018-122056-0,CA-2018-122056,OFF-AR-10004260,181.86,7,0.00,50.92,South,Office Supplies
US-2015-143721-0,US-2015-143721,FUR-CH-10001973,155.37,2,0.30,-35.51,Central,Furniture
CA-2018-122987-0,CA-2018-122987,OFF-BI-10002824,13.43,3,0.70,-11.19,South,Office Supplies
CA-2018-122987-1,CA-2018-122987,OFF-ST-10004950,67.14,4,0.20,-0.84,South,Office Supplies
CA-2017-133368-0,CA-2017-133368,OFF-PA-10004039,89.57,2,0.20,32.47,South,Office Supplies
CA-2017-133368-1,CA-2017-133368,FUR-FU-10003374,315.78,8,0.20,31.58,South,Furniture
CA-2017-123337-0,CA-2017-123337,FUR-BO-10001918,273.67,2,0.15,-12.88,West,Furniture
CA-2017-123337-1,CA-2017-123337,OFF-AP-10002287,17.48,4,0.00,4.54,West,Office Supplies
US-2017-150357-0,US-2017-150357,OFF-SU-10004498,20.61,2,0.20,-4.38,South,Office Supplies
US-2017-150357-1,US-2017-150357,OFF-BI-10002557,4.09,3,0.70,-2.73,South,Office Supplies
CA-2016-144519-0,CA-2016-144519,TEC-PH-10004908,339.96,5,0.20,42.49,West,Technology
CA-2016-144519-1,CA-2016-144519,FUR-FU-10000794,63.98,7,0.00,21.75,West,Furniture
CA-2015-120670-0,CA-2015-120670,TEC-AC-10004171,799.92,10,0.20,239.98,South,Technology
CA-2017-157217-0,CA-2017-157217,TEC-PH-10002070,35.98,2,0.20,4.50,West,Technology
CA-2017-157217-1,CA-2017-157217,TEC-AC-10003095,389.97,3,0.00,132.59,West,Technology
CA-2017-108224-0,CA-2017-108224,TEC-AC-10003832,185.53,7,0.20,48.70,West,Technology
CA-2016-162782-0,CA-2016-162782,OFF-BI-10003527,2541.98,2,0.00,1270.99,East,Office Supplies
CA-2018-159282-0,CA-2018-159282,TEC-MA-10001148,599.99,5,0.70,-479.99,West,Technology
CA-2018-155936-0,CA-2018-155936,OFF-BI-10002432,3.04,3,0.80,-5.01,Central,Office Supplies
CA-2018-169439-0,CA-2018-169439,OFF-AR-10001374,25.92,5,0.20,3.89,East,Office Supplies
CA-2018-169439-1,CA-2018-169439,FUR-FU-10000723,66.11,2,0.20,-9.09,East,Furniture
CA-2018-151183-0,CA-2018-151183,TEC-AC-10003614,46.36,4,0.00,15.30,West,Technology
CA-2017-149965-0,CA-2017-149965,TEC-AC-10004877,6.90,1,0.00,0.55,Central,Technology
CA-2017-149965-1,CA-2017-149965,FUR-FU-10004270,57.69,3,0.00,23.65,Central,Furniture
CA-2015-158281-0,CA-2015-158281,TEC-MA-10002210,559.71,3,0.40,-121.27,Central,Technology
CA-2017-153661-0,CA-2017-153661,OFF-ST-10000675,305.01,9,0.00,76.25,West,Office Supplies
CA-2017-153661-1,CA-2017-153661,OFF-BI-10004781,50.78,2,0.20,17.77,West,Office Supplies
CA-2017-153661-2,CA-2017-153661,OFF-LA-10004689,26.01,9,0.00,12.22,West,Office Supplies
CA-2018-109183-0,CA-2018-109183,TEC-MA-10001856,649.00,2,0.50,-272.58,South,Technology
CA-2017-113656-0,CA-2017-113656,FUR-FU-10000719,59.99,7,0.00,21.60,West,Furniture
CA-2016-148964-0,CA-2016-148964,FUR-FU-10003849,20.24,1,0.00,7.89,West,Furniture
CA-2015-111899-0,CA-2015-111899,OFF-AR-10001725,37.84,2,0.20,2.84,Central,Office Supplies
CA-2015-111899-1,CA-2015-111899,OFF-FA-10000840,5.47,6,0.20,1.85,Central,Office Supplies
CA-2016-101126-0,CA-2016-101126,OFF-ST-10000943,77.24,5,0.20,7.72,East,Office Supplies
CA-2015-163468-0,CA-2015-163468,FUR-TA-10002533,292.10,4,0.50,-175.26,Central,Furniture
CA-2015-163468-1,CA-2015-163468,FUR-FU-10001546,8.54,2,0.60,-7.48,Central,Furniture
CA-2015-163468-2,CA-2015-163468,FUR-BO-10003546,424.12,6,0.30,-30.29,Central,Furniture
CA-2015-163468-3,CA-2015-163468,OFF-BI-10004728,2.89,3,0.80,-4.92,Central,Office Supplies
CA-2015-163468-4,CA-2015-163468,OFF-ST-10000025,381.72,5,0.20,-66.80,Central,Office Supplies
US-2018-117450-0,US-2018-117450,FUR-CH-10003817,97.18,2,0.20,6.07,South,Furniture
US-2018-117450-1,US-2018-117450,OFF-PA-10000289,10.37,2,0.20,3.63,South,Office Supplies
CA-2015-137274-0,CA-2015-137274,FUR-TA-10001889,890.84,3,0.30,-152.72,Central,Furniture
CA-2017-144092-0,CA-2017-144092,TEC-AC-10002305,72.00,4,0.00,12.96,West,Technology
CA-2017-144092-1,CA-2017-144092,FUR-CH-10004875,113.89,2,0.20,9.97,West,Furniture
CA-2017-144092-2,CA-2017-144092,OFF-EN-10001434,158.13,3,0.00,77.48,West,Office Supplies
CA-2018-112172-0,CA-2018-112172,OFF-FA-10004395,14.13,3,0.00,0.71,East,Office Supplies
CA-2016-121699-0,CA-2016-121699,OFF-BI-10004632,64.75,5,0.00,29.14,Central,Office Supplies
CA-2016-162761-0,CA-2016-162761,OFF-BI-10000145,1.87,2,0.70,-1.31,South,Office Supplies
CA-2016-162761-1,CA-2016-162761,OFF-BI-10002498,11.21,2,0.70,-8.60,South,Office Supplies
CA-2016-162761-2,CA-2016-162761,OFF-AR-10001761,37.38,8,0.20,7.48,South,Office Supplies
CA-2017-121377-0,CA-2017-121377,TEC-PH-10001817,286.40,1,0.20,25.06,Central,Technology
CA-2018-115322-0,CA-2018-115322,OFF-AR-10004456,43.92,3,0.00,12.74,East,Office Supplies
CA-2017-132066-0,CA-2017-132066,FUR-TA-10001539,142.18,1,0.40,-37.92,East,Furniture
CA-2018-158120-0,CA-2018-158120,OFF-PA-10003205,19.61,3,0.20,6.62,West,Office Supplies
CA-2018-158120-1,CA-2018-158120,OFF-BI-10002813,4.16,7,0.70,-3.46,West,Office Supplies
CA-2018-100097-0,CA-2018-100097,TEC-PH-10002310,979.95,5,0.00,264.59,East,Technology
CA-2018-100097-1,CA-2018-100097,FUR-FU-10003623,135.30,5,0.00,37.88,East,Furniture
CA-2018-167626-0,CA-2018-167626,OFF-PA-10003424,8.90,3,0.20,3.34,Central,Office Supplies
CA-2018-167626-1,CA-2018-167626,TEC-AC-10004353,100.80,2,0.20,21.42,Central,Technology
US-2018-126053-0,US-2018-126053,FUR-FU-10001934,41.96,2,0.00,10.91,East,Furniture
US-2018-126053-1,US-2018-126053,OFF-LA-10003766,9.45,3,0.00,4.54,East,Office Supplies
US-2018-128447-0,US-2018-128447,OFF-AP-10004540,400.80,5,0.00,112.22,West,Office Supplies
US-2018-128447-1,US-2018-128447,OFF-BI-10001543,28.79,1,0.20,10.08,West,Office Supplies
US-2015-131275-0,US-2015-131275,FUR-FU-10004597,111.00,2,0.00,14.43,West,Furniture
US-2015-131275-1,US-2015-131275,TEC-MA-10001148,1279.97,4,0.20,415.99,West,Technology
US-2015-131275-2,US-2015-131275,OFF-ST-10000078,1856.19,7,0.00,334.11,West,Office Supplies
CA-2017-149349-0,CA-2017-149349,FUR-FU-10001037,22.75,6,0.60,-8.53,Central,Furniture
CA-2018-115119-0,CA-2018-115119,TEC-PH-10001433,61.54,1,0.40,-13.33,East,Technology
CA-2018-115119-1,CA-2018-115119,OFF-BI-10003007,81.44,7,0.70,-65.15,East,Office Supplies
CA-2016-125563-0,CA-2016-125563,FUR-FU-10001290,67.36,2,0.20,10.10,South,Furniture
CA-2016-125563-1,CA-2016-125563,FUR-FU-10000087,54.53,3,0.20,14.31,South,Furniture
CA-2016-113152-0,CA-2016-113152,TEC-AC-10002049,843.90,2,0.00,371.32,East,Technology
CA-2016-113152-1,CA-2016-113152,FUR-BO-10002613,449.57,2,0.20,56.20,East,Furniture
CA-2018-165155-0,CA-2018-165155,OFF-ST-10004950,15.51,1,0.00,3.88,West,Office Supplies
CA-2015-163412-0,CA-2015-163412,FUR-CH-10004875,192.19,3,0.10,36.30,East,Furniture
CA-2016-159590-0,CA-2016-159590,OFF-AR-10003190,5.76,2,0.00,1.61,East,Office Supplies
CA-2015-116190-0,CA-2015-116190,FUR-CH-10000553,67.88,2,0.00,18.33,South,Furniture
CA-2015-116190-1,CA-2015-116190,OFF-LA-10002762,162.89,13,0.00,76.56,South,Office Supplies
CA-2015-116190-2,CA-2015-116190,FUR-FU-10000719,25.71,3,0.00,9.26,South,Furniture
CA-2015-168473-0,CA-2015-168473,OFF-ST-10000563,191.88,6,0.00,19.19,East,Office Supplies
CA-2018-168389-0,CA-2018-168389,FUR-TA-10004289,721.88,6,0.45,-420.00,South,Furniture
CA-2018-168389-1,CA-2018-168389,TEC-PH-10003555,73.57,4,0.20,-16.55,South,Technology
CA-2018-168389-2,CA-2018-168389,OFF-AR-10001958,13.58,1,0.20,1.36,South,Office Supplies
CA-2018-168389-3,CA-2018-168389,FUR-CH-10000225,64.78,1,0.20,-12.15,South,Furniture
CA-2015-130421-0,CA-2015-130421,OFF-AP-10002534,176.77,3,0.80,-459.61,Central,Office Supplies
CA-2018-142125-0,CA-2018-142125,OFF-BI-10000301,38.82,6,0.00,19.41,Central,Office Supplies
CA-2018-142125-1,CA-2018-142125,OFF-BI-10003460,21.90,5,0.00,10.51,Central,Office Supplies
CA-2018-141138-0,CA-2018-141138,TEC-AC-10001772,111.79,7,0.00,43.60,West,Technology
CA-2018-152135-0,CA-2018-152135,TEC-PH-10003505,445.44,8,0.40,-81.66,East,Technology
CA-2017-151974-0,CA-2017-151974,OFF-LA-10004484,16.52,5,0.20,5.37,East,Office Supplies
CA-2018-154102-0,CA-2018-154102,OFF-PA-10001593,29.90,5,0.00,13.46,West,Office Supplies
CA-2016-139780-0,CA-2016-139780,OFF-BI-10004139,116.40,8,0.00,52.38,Central,Office Supplies
CA-2017-114748-0,CA-2017-114748,OFF-AR-10001315,1.41,1,0.20,0.16,West,Office Supplies
CA-2017-114748-1,CA-2017-114748,FUR-FU-10001488,169.57,2,0.20,0.00,West,Furniture
US-2015-115189-0,US-2015-115189,TEC-PH-10002170,251.96,6,0.40,-50.39,East,Technology
US-2015-115189-1,US-2015-115189,FUR-TA-10004575,523.76,3,0.40,-192.05,East,Furniture
CA-2017-163594-0,CA-2017-163594,OFF-PA-10000809,19.44,3,0.00,9.33,West,Office Supplies
CA-2017-163594-1,CA-2017-163594,FUR-CH-10000225,194.35,3,0.20,-36.44,West,Furniture
CA-2017-163594-2,CA-2017-163594,OFF-BI-10003707,36.62,3,0.20,13.73,West,Office Supplies
CA-2017-127243-0,CA-2017-127243,TEC-PH-10004539,340.18,3,0.40,-73.71,East,Technology
CA-2017-127243-1,CA-2017-127243,OFF-FA-10004076,12.67,8,0.20,2.69,East,Office Supplies
CA-2017-127243-2,CA-2017-127243,OFF-BI-10003166,6.89,2,0.70,-5.05,East,Office Supplies
CA-2017-127243-3,CA-2017-127243,OFF-ST-10002301,32.54,2,0.20,-7.73,East,Office Supplies
CA-2017-127243-4,CA-2017-127243,FUR-CH-10002647,347.80,7,0.30,-24.84,East,Furniture
CA-2018-161851-0,CA-2018-161851,OFF-BI-10004654,15.57,3,0.70,-11.94,South,Office Supplies
CA-2016-110345-0,CA-2016-110345,OFF-LA-10001175,4.61,2,0.20,1.67,South,Office Supplies
CA-2015-107769-0,CA-2015-107769,TEC-PH-10001336,257.98,2,0.00,74.81,Central,Technology
US-2018-123862-0,US-2018-123862,OFF-ST-10000760,153.78,11,0.00,44.60,West,Office Supplies
US-2018-123862-1,US-2018-123862,OFF-ST-10002301,61.02,3,0.00,0.61,West,Office Supplies
US-2018-123862-2,US-2018-123862,OFF-SU-10004884,110.11,7,0.00,31.93,West,Office Supplies
US-2018-123862-3,US-2018-123862,OFF-FA-10003112,7.89,1,0.00,3.55,West,Office Supplies
CA-2018-100580-0,CA-2018-100580,OFF-BI-10000069,36.02,3,0.20,11.71,West,Office Supplies
US-2018-145597-0,US-2018-145597,OFF-AR-10001958,54.34,4,0.20,5.43,Central,Office Supplies
CA-2015-132787-0,CA-2015-132787,OFF-ST-10001321,92.52,6,0.00,24.98,West,Office Supplies
CA-2016-136224-0,CA-2016-136224,OFF-AR-10003504,10.27,3,0.20,1.16,South,Office Supplies
CA-2017-105732-0,CA-2017-105732,OFF-ST-10000419,40.74,3,0.00,0.41,Central,Office Supplies
CA-2017-105732-1,CA-2017-105732,OFF-LA-10004559,14.40,5,0.00,7.06,Central,Office Supplies
CA-2017-105732-2,CA-2017-105732,TEC-PH-10001644,149.95,5,0.00,41.99,Central,Technology
CA-2017-105732-3,CA-2017-105732,OFF-SU-10004782,16.90,2,0.00,5.07,Central,Office Supplies
CA-2017-105732-4,CA-2017-105732,OFF-PA-10002250,17.61,3,0.00,8.45,Central,Office Supplies
CA-2017-105732-5,CA-2017-105732,OFF-AP-10001394,378.00,2,0.00,136.08,Central,Office Supplies
CA-2017-105732-6,CA-2017-105732,OFF-PA-10001838,17.64,3,0.00,8.64,Central,Office Supplies
CA-2017-105732-7,CA-2017-105732,OFF-ST-10004340,373.08,6,0.00,100.73,Central,Office Supplies
CA-2017-105732-8,CA-2017-105732,FUR-FU-10003664,1336.44,14,0.00,387.57,Central,Furniture
CA-2017-105732-9,CA-2017-105732,TEC-PH-10004897,29.97,3,0.00,0.30,Central,Technology
CA-2018-108035-0,CA-2018-108035,FUR-CH-10000454,390.37,2,0.20,48.80,South,Furniture
CA-2018-108035-1,CA-2018-108035,FUR-FU-10004017,101.52,5,0.20,19.04,South,Furniture
CA-2018-160031-0,CA-2018-160031,OFF-PA-10000241,74.35,3,0.20,23.23,East,Office Supplies
CA-2018-147844-0,CA-2018-147844,OFF-PA-10003016,15.70,5,0.00,7.07,West,Office Supplies
CA-2018-147844-1,CA-2018-147844,OFF-AR-10001615,59.52,3,0.00,15.48,West,Office Supplies
CA-2018-147844-2,CA-2018-147844,OFF-PA-10002713,34.40,5,0.00,15.82,West,Office Supplies
CA-2017-110975-0,CA-2017-110975,FUR-TA-10002958,313.18,2,0.40,-120.05,East,Furniture
CA-2017-110975-1,CA-2017-110975,FUR-CH-10003746,866.65,3,0.10,173.33,East,Furniture
CA-2015-141649-0,CA-2015-141649,OFF-AP-10003217,795.41,6,0.20,59.66,East,Office Supplies
CA-2015-124807-0,CA-2015-124807,OFF-PA-10001526,35.86,9,0.20,13.00,Central,Office Supplies
CA-2015-124807-1,CA-2015-124807,TEC-AC-10002857,23.84,4,0.20,3.28,Central,Technology
CA-2017-110009-0,CA-2017-110009,FUR-FU-10003039,43.13,1,0.00,14.66,West,Furniture
CA-2017-110009-1,CA-2017-110009,OFF-PA-10002615,30.87,7,0.00,14.20,West,Office Supplies
CA-2018-168172-0,CA-2018-168172,OFF-SU-10002573,70.12,4,0.00,21.04,East,Office Supplies
CA-2016-100146-0,CA-2016-100146,FUR-BO-10004015,509.96,5,0.15,42.00,West,Furniture
CA-2016-100146-1,CA-2016-100146,FUR-FU-10001979,122.91,3,0.00,34.41,West,Furniture
CA-2016-100146-2,CA-2016-100146,FUR-CH-10003833,97.57,2,0.20,-6.10,West,Furniture
CA-2016-100146-3,CA-2016-100146,FUR-CH-10004495,722.35,3,0.20,81.26,West,Furniture
CA-2018-152079-0,CA-2018-152079,OFF-LA-10001613,11.52,5,0.20,4.18,Central,Office Supplies
CA-2017-129728-0,CA-2017-129728,FUR-FU-10003247,167.84,8,0.00,11.75,West,Furniture
CA-2015-121769-0,CA-2015-121769,FUR-TA-10004442,172.11,1,0.40,-94.66,East,Furniture
CA-2015-103058-0,CA-2015-103058,TEC-AC-10001314,99.98,2,0.00,8.00,East,Technology
CA-2018-121125-0,CA-2018-121125,TEC-PH-10001619,156.79,1,0.20,17.64,West,Technology
CA-2018-121125-1,CA-2018-121125,TEC-AC-10002323,35.36,2,0.20,-3.09,West,Technology
CA-2018-121125-2,CA-2018-121125,FUR-FU-10000820,13.59,1,0.20,-0.34,West,Furniture
US-2017-114013-0,US-2017-114013,FUR-CH-10004287,386.68,2,0.30,-5.52,East,Furniture
US-2017-114013-1,US-2017-114013,TEC-AC-10000474,379.96,5,0.20,47.49,East,Technology
US-2017-114013-2,US-2017-114013,TEC-PH-10001494,539.91,3,0.40,-116.98,East,Technology
US-2017-114013-3,US-2017-114013,OFF-PA-10004996,41.24,5,0.20,13.92,East,Office Supplies
US-2017-114013-4,US-2017-114013,OFF-BI-10004318,51.90,1,0.70,-41.52,East,Office Supplies
US-2017-114013-5,US-2017-114013,OFF-ST-10002574,552.56,5,0.20,-138.14,East,Office Supplies
US-2017-114013-6,US-2017-114013,OFF-BI-10002353,23.16,5,0.70,-15.44,East,Office Supplies
US-2017-114013-7,US-2017-114013,OFF-ST-10003641,126.08,2,0.20,-28.37,East,Office Supplies
US-2017-114013-8,US-2017-114013,TEC-MA-10001148,449.10,3,0.70,-643.71,East,Technology
CA-2018-135069-0,CA-2018-135069,OFF-AP-10000026,195.10,4,0.20,21.95,East,Office Supplies
CA-2018-135069-1,CA-2018-135069,FUR-FU-10003878,36.67,3,0.20,6.42,East,Furniture
CA-2017-101693-0,CA-2017-101693,FUR-CH-10001146,85.25,2,0.30,-6.09,Central,Furniture
CA-2017-101693-1,CA-2017-101693,FUR-FU-10003919,32.71,2,0.60,-26.17,Central,Furniture
US-2015-164763-0,US-2015-164763,OFF-BI-10000605,11.43,3,0.00,5.37,South,Office Supplies
US-2015-164763-1,US-2015-164763,OFF-BI-10000309,30.44,2,0.00,14.92,South,Office Supplies
US-2015-164763-2,US-2015-164763,OFF-PA-10003349,12.96,2,0.00,6.35,South,Office Supplies
US-2015-164763-3,US-2015-164763,OFF-PA-10003063,16.00,4,0.00,7.68,South,Office Supplies
US-2015-164763-4,US-2015-164763,OFF-AP-10003971,32.67,3,0.00,8.49,South,Office Supplies
CA-2015-161249-0,CA-2015-161249,OFF-FA-10004838,4.46,3,0.20,-0.95,West,Office Supplies
CA-2015-161249-1,CA-2015-161249,OFF-BI-10001097,9.35,5,0.70,-6.54,West,Office Supplies
CA-2016-148180-0,CA-2016-148180,OFF-BI-10000605,9.14,3,0.20,3.09,West,Office Supplies
CA-2016-148180-1,CA-2016-148180,OFF-BI-10003314,23.14,6,0.20,8.39,West,Office Supplies
CA-2016-148180-2,CA-2016-148180,OFF-AR-10002067,99.20,5,0.00,25.79,West,Office Supplies
CA-2015-165568-0,CA-2015-165568,OFF-BI-10001031,21.36,5,0.20,7.21,West,Office Supplies
CA-2016-145457-0,CA-2016-145457,FUR-FU-10003832,46.90,5,0.00,13.13,West,Furniture
US-2018-163657-0,US-2018-163657,OFF-BI-10000138,18.72,5,0.20,6.55,West,Office Supplies
US-2018-163657-1,US-2018-163657,FUR-TA-10004607,236.53,2,0.20,-2.96,West,Furniture
CA-2016-120446-0,CA-2016-120446,OFF-LA-10003148,18.90,3,0.00,8.69,West,Office Supplies
CA-2015-109932-0,CA-2015-109932,OFF-PA-10001804,10.69,2,0.20,3.74,Central,Office Supplies
CA-2015-109932-1,CA-2015-109932,OFF-ST-10000036,237.10,3,0.20,20.75,Central,Office Supplies
CA-2018-127474-0,CA-2018-127474,OFF-PA-10001166,5.18,1,0.20,1.81,Central,Office Supplies
CA-2018-127474-1,CA-2018-127474,OFF-PA-10001033,65.58,2,0.20,23.77,Central,Office Supplies
CA-2018-127474-2,CA-2018-127474,FUR-FU-10004597,22.20,1,0.60,-26.09,Central,Furniture
CA-2018-127474-3,CA-2018-127474,OFF-PA-10000418,419.40,5,0.20,146.79,Central,Office Supplies
CA-2018-115448-0,CA-2018-115448,FUR-FU-10004090,88.92,5,0.20,14.45,South,Furniture
CA-2018-105669-0,CA-2018-105669,OFF-AR-10000390,9.91,3,0.20,3.22,Central,Office Supplies
CA-2018-105669-1,CA-2018-105669,FUR-CH-10003774,318.43,5,0.30,-77.33,Central,Furniture
CA-2018-105669-2,CA-2018-105669,OFF-BI-10002412,5.80,5,0.80,-10.15,Central,Office Supplies
CA-2018-105669-3,CA-2018-105669,TEC-PH-10002415,1415.76,6,0.20,88.48,Central,Technology
CA-2018-134796-0,CA-2018-134796,TEC-PH-10003505,148.48,2,0.20,16.70,Central,Technology
CA-2017-137743-0,CA-2017-137743,OFF-LA-10003663,9.25,4,0.20,3.12,Central,Office Supplies
CA-2017-137743-1,CA-2017-137743,OFF-ST-10001780,1036.62,2,0.20,51.83,Central,Office Supplies
CA-2016-137974-0,CA-2016-137974,TEC-PH-10002033,569.64,2,0.00,148.11,South,Technology
CA-2016-137974-1,CA-2016-137974,OFF-BI-10001036,9.14,1,0.00,4.57,South,Office Supplies
CA-2016-137974-2,CA-2016-137974,FUR-FU-10001468,1196.86,7,0.00,119.69,South,Furniture
CA-2016-137974-3,CA-2016-137974,FUR-BO-10001519,523.26,9,0.00,125.58,South,Furniture
US-2016-136987-0,US-2016-136987,TEC-CO-10001943,639.97,4,0.20,215.99,West,Technology
US-2016-136987-1,US-2016-136987,OFF-PA-10003127,52.76,2,0.00,24.27,West,Office Supplies
CA-2016-138485-0,CA-2016-138485,TEC-AC-10002076,538.92,9,0.00,80.84,West,Technology
CA-2017-103709-0,CA-2017-103709,OFF-AR-10003338,14.88,2,0.00,3.72,West,Office Supplies
CA-2017-103709-1,CA-2017-103709,OFF-PA-10004610,34.24,8,0.00,15.41,West,Office Supplies
CA-2017-103709-2,CA-2017-103709,OFF-ST-10001272,261.74,2,0.00,65.44,West,Office Supplies
CA-2017-138282-0,CA-2017-138282,OFF-AP-10001366,87.84,8,0.00,23.72,West,Office Supplies
CA-2018-148985-0,CA-2018-148985,FUR-FU-10001424,34.92,4,0.00,11.87,West,Furniture
CA-2015-138100-0,CA-2015-138100,OFF-PA-10000349,14.94,3,0.00,7.02,East,Office Supplies
CA-2015-138100-1,CA-2015-138100,FUR-FU-10002456,14.56,2,0.00,6.26,East,Furniture
CA-2016-100734-0,CA-2016-100734,OFF-BI-10002609,3.58,4,0.70,-2.86,East,Office Supplies
CA-2016-100734-1,CA-2016-100734,OFF-ST-10001522,147.18,2,0.20,-29.44,East,Office Supplies
CA-2017-139997-0,CA-2017-139997,TEC-CO-10000971,1499.95,5,0.00,449.99,West,Technology
CA-2017-109652-0,CA-2017-109652,OFF-AR-10000034,13.57,4,0.20,3.22,Central,Office Supplies
CA-2015-167199-0,CA-2015-167199,FUR-CH-10004063,2573.82,9,0.00,746.41,South,Furniture
CA-2015-167199-1,CA-2015-167199,OFF-BI-10004632,609.98,2,0.00,274.49,South,Office Supplies
CA-2015-167199-2,CA-2015-167199,OFF-AR-10001662,5.48,2,0.00,1.48,South,Office Supplies
CA-2015-167199-3,CA-2015-167199,TEC-PH-10004977,391.98,2,0.00,113.67,South,Technology
CA-2015-167199-4,CA-2015-167199,TEC-PH-10004539,755.96,4,0.00,204.11,South,Technology
CA-2015-167199-5,CA-2015-167199,OFF-FA-10001883,31.12,4,0.00,0.31,South,Office Supplies
CA-2015-167199-6,CA-2015-167199,OFF-PA-10000955,6.54,1,0.00,3.01,South,Office Supplies
CA-2017-124583-0,CA-2017-124583,OFF-EN-10002500,12.78,1,0.00,5.75,West,Office Supplies
CA-2015-113964-0,CA-2015-113964,OFF-BI-10004654,18.46,4,0.20,6.92,East,Office Supplies
CA-2015-129938-0,CA-2015-129938,FUR-CH-10003774,445.80,7,0.30,-108.27,East,Furniture
CA-2018-135111-0,CA-2018-135111,OFF-AR-10004707,2.48,1,0.00,0.87,Central,Office Supplies
CA-2018-135111-1,CA-2018-135111,OFF-BI-10004040,25.90,5,0.00,12.69,Central,Office Supplies
US-2016-134558-0,US-2016-134558,OFF-PA-10001184,29.90,5,0.00,14.65,East,Office Supplies
US-2016-134558-1,US-2016-134558,TEC-AC-10004145,2249.91,9,0.00,517.48,East,Technology
US-2016-134558-2,US-2016-134558,FUR-TA-10003473,1053.16,4,0.30,-105.32,East,Furniture
CA-2018-157196-0,CA-2018-157196,OFF-PA-10003172,12.96,2,0.00,6.22,West,Office Supplies
CA-2016-108672-0,CA-2016-108672,FUR-FU-10003799,106.68,6,0.00,33.07,West,Furniture
US-2018-118598-0,US-2018-118598,TEC-PH-10002583,119.94,6,0.00,6.00,East,Technology
US-2018-160836-0,US-2018-160836,OFF-PA-10004239,10.27,3,0.20,3.21,Central,Office Supplies
US-2018-160836-1,US-2018-160836,FUR-TA-10002855,512.19,5,0.30,-65.85,Central,Furniture
US-2018-160836-2,US-2018-160836,OFF-AP-10001626,1.56,2,0.80,-4.20,Central,Office Supplies
CA-2018-121048-0,CA-2018-121048,OFF-BI-10004022,4.45,2,0.20,1.45,West,Office Supplies
CA-2018-121048-1,CA-2018-121048,FUR-FU-10003601,276.69,3,0.00,49.80,West,Furniture
CA-2018-121048-2,CA-2018-121048,OFF-FA-10000490,4.96,4,0.00,2.33,West,Office Supplies
CA-2018-121048-3,CA-2018-121048,OFF-AR-10004042,71.92,4,0.00,20.86,West,Office Supplies
CA-2018-121048-4,CA-2018-121048,FUR-FU-10002960,18.84,3,0.00,7.91,West,Furniture
CA-2018-121048-5,CA-2018-121048,TEC-AC-10000991,140.97,3,0.00,19.74,West,Technology
CA-2018-121048-6,CA-2018-121048,TEC-PH-10004977,470.38,3,0.20,52.92,West,Technology
US-2018-120147-0,US-2018-120147,OFF-AR-10000817,6.08,2,0.00,2.07,West,Office Supplies
US-2018-120147-1,US-2018-120147,TEC-PH-10002447,164.79,1,0.20,18.54,West,Technology
CA-2017-158043-0,CA-2017-158043,OFF-EN-10003134,23.36,2,0.00,11.68,East,Office Supplies
US-2018-106579-0,US-2018-106579,OFF-BI-10000309,12.18,4,0.80,-18.87,Central,Office Supplies
CA-2015-115889-0,CA-2015-115889,TEC-PH-10001615,46.38,2,0.20,5.22,West,Technology
CA-2015-115889-1,CA-2015-115889,OFF-ST-10003208,362.92,2,0.00,105.25,West,Office Supplies
US-2018-161935-0,US-2018-161935,OFF-PA-10000605,9.25,2,0.20,3.35,East,Office Supplies
US-2018-161935-1,US-2018-161935,TEC-PH-10000560,1889.95,9,0.40,-377.99,East,Technology
US-2018-161935-2,US-2018-161935,OFF-ST-10003455,62.04,5,0.20,4.65,East,Office Supplies
US-2018-161935-3,US-2018-161935,FUR-FU-10002937,396.92,5,0.20,148.84,East,Furniture
US-2018-161935-4,US-2018-161935,OFF-ST-10001837,239.46,7,0.20,17.96,East,Office Supplies
US-2018-161935-5,US-2018-161935,OFF-AR-10004757,13.12,5,0.20,2.13,East,Office Supplies
US-2018-167920-0,US-2018-167920,OFF-BI-10004236,29.36,2,0.00,13.51,South,Office Supplies
US-2018-167920-1,US-2018-167920,OFF-AP-10000159,214.90,5,0.00,62.32,South,Office Supplies
US-2018-167920-2,US-2018-167920,OFF-BI-10003274,15.92,4,0.00,7.48,South,Office Supplies
US-2018-167920-3,US-2018-167920,TEC-AC-10001013,146.45,5,0.00,48.33,South,Technology
US-2018-167920-4,US-2018-167920,OFF-ST-10004963,15.14,1,0.00,0.61,South,Office Supplies
US-2018-167920-5,US-2018-167920,OFF-LA-10004409,5.76,2,0.00,2.65,South,Office Supplies
US-2018-167920-6,US-2018-167920,TEC-CO-10001046,1399.98,2,0.00,629.99,South,Technology
CA-2017-162383-0,CA-2017-162383,OFF-BI-10002824,8.95,2,0.70,-7.46,East,Office Supplies
CA-2017-162383-1,CA-2017-162383,OFF-BI-10001757,8.86,6,0.70,-6.49,East,Office Supplies
CA-2017-162383-2,CA-2017-162383,FUR-CH-10004477,85.25,2,0.30,-1.22,East,Furniture
CA-2015-125731-0,CA-2015-125731,OFF-EN-10003072,21.73,7,0.20,7.60,West,Office Supplies
CA-2015-125731-1,CA-2015-125731,FUR-CH-10003973,1487.04,5,0.20,148.70,West,Furniture
US-2018-106145-0,US-2018-106145,OFF-EN-10001028,71.88,6,0.00,33.06,West,Office Supplies
US-2018-106145-1,US-2018-106145,FUR-FU-10003829,9.24,3,0.00,2.96,West,Furniture
US-2018-106145-2,US-2018-106145,OFF-PA-10002245,35.88,6,0.00,16.15,West,Office Supplies
US-2018-106145-3,US-2018-106145,OFF-BI-10002215,17.04,3,0.20,5.54,West,Office Supplies
US-2018-106145-4,US-2018-106145,OFF-BI-10003925,931.18,3,0.20,314.27,West,Office Supplies
CA-2017-107146-0,CA-2017-107146,FUR-FU-10002298,266.35,3,0.20,-13.32,West,Furniture
CA-2017-107146-1,CA-2017-107146,FUR-CH-10004853,483.14,4,0.20,54.35,West,Furniture
US-2018-134642-0,US-2018-134642,FUR-CH-10002880,196.78,2,0.20,-22.14,South,Furniture
US-2018-134642-1,US-2018-134642,FUR-BO-10004709,231.92,5,0.20,5.80,South,Furniture
US-2018-160143-0,US-2018-160143,OFF-SU-10004231,29.70,3,0.00,8.02,West,Office Supplies
CA-2018-103415-0,CA-2018-103415,FUR-FU-10000820,13.59,2,0.60,-14.27,Central,Furniture
CA-2017-106460-0,CA-2017-106460,OFF-PA-10001736,70.88,2,0.00,33.31,West,Office Supplies
US-2018-112347-0,US-2018-112347,OFF-ST-10003306,114.29,1,0.20,12.86,West,Office Supplies
US-2018-112347-1,US-2018-112347,OFF-BI-10003707,36.62,8,0.70,-24.42,West,Office Supplies
US-2018-112347-2,US-2018-112347,FUR-BO-10003546,242.35,8,0.70,-363.53,West,Furniture
US-2018-112347-3,US-2018-112347,TEC-PH-10000213,49.62,2,0.20,4.96,West,Technology
US-2018-112347-4,US-2018-112347,FUR-FU-10001488,508.70,6,0.20,0.00,West,Furniture
US-2018-112347-5,US-2018-112347,TEC-PH-10004833,57.36,6,0.20,-14.34,West,Technology
US-2018-112347-6,US-2018-112347,FUR-CH-10002335,906.68,5,0.20,68.00,West,Furniture
CA-2015-103492-0,CA-2015-103492,TEC-PH-10001128,719.95,6,0.20,72.00,Central,Technology
CA-2015-103492-1,CA-2015-103492,TEC-PH-10004667,755.94,7,0.20,66.15,Central,Technology
CA-2015-103492-2,CA-2015-103492,OFF-BI-10004817,11.98,5,0.80,-19.17,Central,Office Supplies
CA-2015-103492-3,CA-2015-103492,OFF-BI-10004140,0.90,1,0.80,-1.57,Central,Office Supplies
CA-2017-136595-0,CA-2017-136595,FUR-FU-10004671,21.20,3,0.60,-11.66,Central,Furniture
CA-2015-140396-0,CA-2015-140396,OFF-EN-10002592,34.74,3,0.00,17.37,East,Office Supplies
CA-2015-140396-1,CA-2015-140396,TEC-PH-10004447,833.94,6,0.00,216.82,East,Technology
CA-2015-140396-2,CA-2015-140396,OFF-BI-10003669,12.96,3,0.20,4.54,East,Office Supplies
CA-2015-140396-3,CA-2015-140396,OFF-PA-10000223,25.92,4,0.00,12.44,East,Office Supplies
CA-2015-114181-0,CA-2015-114181,FUR-BO-10004467,349.96,7,0.50,-216.98,East,Furniture
CA-2015-114181-1,CA-2015-114181,OFF-AR-10000716,22.32,5,0.20,5.30,East,Office Supplies
CA-2018-159506-0,CA-2018-159506,OFF-PA-10003641,158.28,6,0.00,72.81,Central,Office Supplies
CA-2018-159506-1,CA-2018-159506,OFF-BI-10004519,497.94,3,0.00,224.07,Central,Office Supplies
US-2015-137155-0,US-2015-137155,OFF-AP-10002518,533.94,3,0.00,154.84,East,Office Supplies
US-2015-137155-1,US-2015-137155,OFF-PA-10000806,167.94,3,0.00,82.29,East,Office Supplies
US-2015-137155-2,US-2015-137155,FUR-FU-10003142,31.68,6,0.00,9.82,East,Furniture
CA-2017-105746-0,CA-2017-105746,FUR-CH-10000454,170.79,1,0.30,0.00,East,Furniture
US-2017-104815-0,US-2017-104815,FUR-BO-10003894,198.74,4,0.30,0.00,Central,Furniture
CA-2018-157672-0,CA-2018-157672,TEC-AC-10001714,63.82,2,0.20,13.56,West,Technology
US-2017-166660-0,US-2017-166660,FUR-CH-10001190,435.17,4,0.20,-59.84,West,Furniture
US-2017-166660-1,US-2017-166660,FUR-BO-10000468,48.58,1,0.00,7.77,West,Furniture
CA-2018-140802-0,CA-2018-140802,TEC-AC-10001998,47.98,3,0.20,8.40,Central,Technology
CA-2018-140802-1,CA-2018-140802,OFF-PA-10001534,20.74,4,0.20,7.26,Central,Office Supplies
CA-2015-133830-0,CA-2015-133830,OFF-AR-10003045,26.46,9,0.00,11.91,West,Office Supplies
CA-2015-133830-1,CA-2015-133830,OFF-PA-10001363,49.12,4,0.00,23.09,West,Office Supplies
CA-2015-133830-2,CA-2015-133830,OFF-FA-10002280,15.00,3,0.00,7.20,West,Office Supplies
CA-2015-100916-0,CA-2015-100916,OFF-ST-10003479,194.70,5,0.00,9.73,South,Office Supplies
CA-2015-100916-1,CA-2015-100916,FUR-TA-10004607,591.32,4,0.00,112.35,South,Furniture
CA-2015-100916-2,CA-2015-100916,OFF-AR-10001022,2.84,1,0.00,0.88,South,Office Supplies
CA-2016-129532-0,CA-2016-129532,OFF-ST-10004186,221.96,2,0.00,4.44,West,Office Supplies
CA-2016-129532-1,CA-2016-129532,TEC-AC-10000865,236.00,4,0.00,40.12,West,Technology
CA-2015-134726-0,CA-2015-134726,TEC-AC-10000023,41.94,2,0.00,15.10,West,Technology
CA-2015-134726-1,CA-2015-134726,TEC-PH-10001750,52.79,1,0.20,4.62,West,Technology
CA-2017-138597-0,CA-2017-138597,FUR-CH-10004997,563.94,3,0.00,112.79,Central,Furniture
CA-2016-123113-0,CA-2016-123113,OFF-AP-10000275,2625.12,8,0.00,735.03,East,Office Supplies
CA-2016-123113-1,CA-2016-123113,OFF-AR-10004999,17.94,3,0.00,4.49,East,Office Supplies
CA-2016-169656-0,CA-2016-169656,OFF-ST-10003816,422.86,3,0.20,15.86,East,Office Supplies
CA-2016-142734-0,CA-2016-142734,FUR-CH-10003968,127.76,2,0.10,2.84,East,Furniture
CA-2015-163223-0,CA-2015-163223,TEC-PH-10000730,3499.93,7,0.00,909.98,South,Technology
CA-2015-163223-1,CA-2015-163223,OFF-LA-10004409,14.40,5,0.00,6.62,South,Office Supplies
CA-2015-163223-2,CA-2015-163223,OFF-PA-10000675,122.97,3,0.00,60.26,South,Office Supplies
CA-2015-163223-3,CA-2015-163223,OFF-AR-10001573,9.32,4,0.00,2.70,South,Office Supplies
CA-2015-163223-4,CA-2015-163223,OFF-BI-10001597,122.94,3,0.00,59.01,South,Office Supplies
CA-2018-122945-0,CA-2018-122945,FUR-FU-10001196,17.31,3,0.00,5.19,West,Furniture
CA-2016-139738-0,CA-2016-139738,OFF-AR-10004602,128.74,7,0.20,12.87,Central,Office Supplies
CA-2017-158778-0,CA-2017-158778,FUR-FU-10000260,58.25,9,0.20,11.65,East,Furniture
CA-2017-158778-1,CA-2017-158778,FUR-CH-10001146,71.25,2,0.30,-19.34,East,Furniture
CA-2017-158778-2,CA-2017-158778,OFF-AR-10000896,7.87,3,0.20,0.59,East,Office Supplies
CA-2017-158778-3,CA-2017-158778,FUR-CH-10000309,887.27,3,0.30,-63.38,East,Furniture
CA-2018-119655-0,CA-2018-119655,OFF-BI-10001989,146.86,7,0.00,70.49,Central,Office Supplies
CA-2018-119655-1,CA-2018-119655,OFF-BI-10001036,36.56,4,0.00,18.28,Central,Office Supplies
CA-2016-164567-0,CA-2016-164567,TEC-PH-10002103,225.58,3,0.20,22.56,West,Technology
CA-2015-131947-0,CA-2015-131947,OFF-AR-10001473,5.25,2,0.20,0.46,West,Office Supplies
CA-2015-131947-1,CA-2015-131947,OFF-AR-10000411,38.26,3,0.20,4.78,West,Office Supplies
CA-2015-131947-2,CA-2015-131947,OFF-PA-10000246,40.24,5,0.20,13.08,West,Office Supplies
CA-2015-131947-3,CA-2015-131947,TEC-MA-10004086,29.93,5,0.70,-21.95,West,Technology
CA-2015-131947-4,CA-2015-131947,OFF-PA-10003039,148.70,6,0.20,46.47,West,Office Supplies
CA-2015-131947-5,CA-2015-131947,TEC-AC-10004633,55.92,10,0.20,16.78,West,Technology
CA-2017-152520-0,CA-2017-152520,OFF-PA-10000289,12.96,2,0.00,6.22,East,Office Supplies
CA-2017-101791-0,CA-2017-101791,FUR-FU-10003247,25.18,3,0.60,-33.36,Central,Furniture
CA-2017-101791-1,CA-2017-101791,FUR-FU-10002191,5.58,2,0.60,-1.68,Central,Furniture
CA-2017-101791-2,CA-2017-101791,OFF-ST-10001496,1297.37,9,0.20,97.30,Central,Office Supplies
CA-2018-121195-0,CA-2018-121195,OFF-ST-10000585,264.32,2,0.20,19.82,Central,Office Supplies
CA-2018-163209-0,CA-2018-163209,OFF-PA-10001166,25.92,4,0.00,12.44,West,Office Supplies
CA-2018-163209-1,CA-2018-163209,OFF-AR-10003651,22.96,7,0.00,6.66,West,Office Supplies
CA-2015-133354-0,CA-2015-133354,OFF-PA-10001800,19.44,3,0.00,9.33,West,Office Supplies
US-2016-130491-0,US-2016-130491,OFF-PA-10000791,9.54,2,0.00,4.29,Central,Office Supplies
US-2016-130491-1,US-2016-130491,OFF-FA-10000134,5.81,1,0.00,1.80,Central,Office Supplies
US-2016-130491-2,US-2016-130491,OFF-AR-10001149,5.76,2,0.00,1.73,Central,Office Supplies
CA-2016-113740-0,CA-2016-113740,FUR-FU-10000010,14.91,3,0.00,4.62,East,Furniture
CA-2015-148425-0,CA-2015-148425,OFF-BI-10000201,6.64,9,0.70,-4.43,South,Office Supplies
CA-2017-144309-0,CA-2017-144309,OFF-PA-10001776,18.54,2,0.00,8.71,East,Office Supplies
CA-2017-144309-1,CA-2017-144309,OFF-BI-10003656,679.96,5,0.20,220.99,East,Office Supplies
CA-2018-151225-0,CA-2018-151225,FUR-TA-10001539,189.58,1,0.20,9.48,West,Furniture
CA-2018-151225-1,CA-2018-151225,TEC-PH-10004100,71.96,5,0.20,7.20,West,Technology
US-2015-144078-0,US-2015-144078,TEC-PH-10001580,539.92,5,0.20,47.24,West,Technology
US-2015-144078-1,US-2015-144078,FUR-CH-10002335,725.34,4,0.20,54.40,West,Furniture
US-2015-144078-2,US-2015-144078,OFF-AR-10004707,7.44,3,0.00,2.60,West,Office Supplies
CA-2015-124464-0,CA-2015-124464,OFF-AP-10000576,39.48,1,0.00,11.05,East,Office Supplies
CA-2016-136805-0,CA-2016-136805,OFF-AP-10001394,850.50,5,0.10,245.70,Central,Office Supplies
CA-2016-136805-1,CA-2016-136805,FUR-FU-10003724,75.33,9,0.00,19.59,Central,Furniture
US-2016-159499-0,US-2016-159499,OFF-AP-10002867,325.63,6,0.20,28.49,West,Office Supplies
US-2016-159499-1,US-2016-159499,TEC-AC-10002718,23.34,2,0.20,-1.46,West,Technology
US-2016-159499-2,US-2016-159499,OFF-LA-10003121,16.52,5,0.20,5.37,West,Office Supplies
CA-2015-162089-0,CA-2015-162089,OFF-EN-10002230,335.72,5,0.20,113.31,Central,Office Supplies
CA-2015-162089-1,CA-2015-162089,TEC-PH-10001819,251.94,7,0.20,88.18,Central,Technology
CA-2015-162089-2,CA-2015-162089,FUR-CH-10002304,127.30,7,0.30,-9.09,Central,Furniture
US-2018-158526-0,US-2018-158526,FUR-CH-10002602,1207.84,8,0.00,314.04,South,Furniture
US-2018-158526-1,US-2018-158526,OFF-BI-10002414,12.53,1,0.00,5.89,South,Office Supplies
US-2018-158526-2,US-2018-158526,OFF-AR-10003696,34.58,1,0.00,10.03,South,Office Supplies
US-2018-158526-3,US-2018-158526,FUR-CH-10004495,300.98,1,0.00,87.28,South,Furniture
US-2018-158526-4,US-2018-158526,FUR-CH-10001270,258.75,3,0.00,77.63,South,Furniture
CA-2018-104885-0,CA-2018-104885,OFF-AR-10001615,59.52,3,0.00,15.48,East,Office Supplies
CA-2018-104885-1,CA-2018-104885,OFF-EN-10003286,57.96,7,0.00,27.24,East,Office Supplies
CA-2018-104885-2,CA-2018-104885,FUR-BO-10003660,441.96,2,0.00,101.65,East,Furniture
CA-2018-104885-3,CA-2018-104885,OFF-PA-10002764,68.04,6,0.00,33.34,East,Office Supplies
US-2017-157490-0,US-2017-157490,TEC-MA-10001695,703.71,6,0.70,-938.28,West,Technology
US-2017-157490-1,US-2017-157490,OFF-BI-10002824,17.90,4,0.70,-14.92,West,Office Supplies
US-2017-157490-2,US-2017-157490,OFF-BI-10002571,11.98,4,0.70,-9.18,West,Office Supplies
US-2017-157490-3,US-2017-157490,TEC-AC-10001553,67.96,5,0.20,0.85,West,Technology
CA-2016-161452-0,CA-2016-161452,FUR-CH-10003973,892.22,3,0.20,89.22,West,Furniture
US-2015-115196-0,US-2015-115196,TEC-MA-10002073,1299.99,2,0.50,-572.00,South,Technology
CA-2017-138968-0,CA-2017-138968,OFF-BI-10003529,4.54,2,0.20,1.65,West,Office Supplies
CA-2017-138968-1,CA-2017-138968,FUR-CH-10000309,1352.03,4,0.20,84.50,West,Furniture
CA-2016-101889-0,CA-2016-101889,FUR-TA-10004154,1548.99,9,0.40,-464.70,East,Furniture
CA-2016-101889-1,CA-2016-101889,OFF-EN-10003286,19.87,3,0.20,6.71,East,Office Supplies
CA-2018-110821-0,CA-2018-110821,TEC-AC-10001552,119.45,3,0.20,-13.44,Central,Technology
CA-2018-110821-1,CA-2018-110821,OFF-ST-10002790,118.16,2,0.20,-25.11,Central,Office Supplies
CA-2016-121552-0,CA-2016-121552,OFF-AR-10003217,19.56,4,0.00,5.48,South,Office Supplies
CA-2016-107685-0,CA-2016-107685,FUR-FU-10002813,80.96,4,0.00,29.15,West,Furniture
CA-2016-107685-1,CA-2016-107685,OFF-PA-10003848,25.92,4,0.00,12.44,West,Office Supplies
US-2015-120740-0,US-2015-120740,OFF-AP-10000240,106.96,2,0.00,31.02,West,Office Supplies
US-2015-120740-1,US-2015-120740,FUR-FU-10004091,187.76,4,0.00,76.98,West,Furniture
CA-2018-155740-0,CA-2018-155740,OFF-BI-10001071,76.78,4,0.70,-53.74,East,Office Supplies
CA-2018-146493-0,CA-2018-146493,OFF-BI-10003676,53.90,5,0.00,25.87,Central,Office Supplies
CA-2015-105417-0,CA-2015-105417,FUR-FU-10004864,76.73,3,0.60,-53.71,Central,Furniture
CA-2015-105417-1,CA-2015-105417,OFF-BI-10003708,10.43,7,0.80,-18.25,Central,Office Supplies
US-2018-141509-0,US-2018-141509,OFF-AR-10002067,99.20,5,0.00,25.79,West,Office Supplies
CA-2018-139493-0,CA-2018-139493,OFF-AR-10003158,15.92,5,0.20,2.79,South,Office Supplies
CA-2015-151967-0,CA-2015-151967,FUR-FU-10000193,129.92,4,0.00,10.39,South,Furniture
US-2017-140158-0,US-2017-140158,OFF-BI-10000977,30.40,1,0.00,13.98,East,Office Supplies
US-2017-140158-1,US-2017-140158,TEC-CO-10001449,5399.91,9,0.00,2591.96,East,Technology
US-2017-140158-2,US-2017-140158,OFF-ST-10000136,119.10,3,0.00,34.54,East,Office Supplies
CA-2016-130974-0,CA-2016-130974,OFF-PA-10000743,40.08,6,0.00,19.24,East,Office Supplies
CA-2016-130974-1,CA-2016-130974,OFF-PA-10001019,59.94,3,0.00,28.17,East,Office Supplies
CA-2016-130974-2,CA-2016-130974,TEC-AC-10003095,259.98,2,0.00,88.39,East,Technology
CA-2016-130974-3,CA-2016-130974,FUR-BO-10002916,170.98,1,0.00,32.49,East,Furniture
CA-2016-130974-4,CA-2016-130974,FUR-FU-10002506,38.97,3,0.00,4.68,East,Furniture
CA-2016-130974-5,CA-2016-130974,OFF-PA-10003823,154.90,5,0.00,69.70,East,Office Supplies
CA-2016-130974-6,CA-2016-130974,FUR-TA-10004619,446.07,4,0.30,0.00,East,Furniture
CA-2018-133487-0,CA-2018-133487,OFF-AP-10001271,152.94,3,0.00,41.29,West,Office Supplies
CA-2015-142951-0,CA-2015-142951,TEC-AC-10002331,23.47,3,0.20,4.99,South,Technology
CA-2015-133592-0,CA-2015-133592,OFF-PA-10003228,195.64,4,0.00,91.95,East,Office Supplies
CA-2015-133592-1,CA-2015-133592,OFF-PA-10002586,14.94,3,0.00,7.02,East,Office Supplies
CA-2015-133592-2,CA-2015-133592,TEC-AC-10002049,1687.80,4,0.00,742.63,East,Technology
CA-2015-133592-3,CA-2015-133592,FUR-BO-10000362,341.96,2,0.00,78.65,East,Furniture
CA-2015-133592-4,CA-2015-133592,FUR-CH-10004218,605.88,6,0.00,151.47,East,Furniture
CA-2016-120782-0,CA-2016-120782,OFF-AP-10003779,186.73,1,0.10,41.50,Central,Office Supplies
CA-2016-120782-1,CA-2016-120782,OFF-BI-10003527,3812.97,3,0.00,1906.48,Central,Office Supplies
CA-2016-116876-0,CA-2016-116876,OFF-BI-10002897,26.42,9,0.20,9.58,East,Office Supplies
CA-2016-116876-1,CA-2016-116876,TEC-PH-10002584,625.99,1,0.00,187.80,East,Technology
CA-2017-169838-0,CA-2017-169838,FUR-TA-10001095,1568.61,9,0.00,329.41,Central,Furniture
CA-2017-169838-1,CA-2017-169838,OFF-BI-10004002,17.30,1,0.00,8.30,Central,Office Supplies
CA-2017-169838-2,CA-2017-169838,TEC-AC-10004518,160.00,8,0.00,62.40,Central,Technology
US-2018-128951-0,US-2018-128951,OFF-AP-10002191,179.94,3,0.00,50.38,South,Office Supplies
US-2018-128951-1,US-2018-128951,FUR-TA-10004575,872.94,3,0.00,157.13,South,Furniture
US-2018-128951-2,US-2018-128951,OFF-PA-10003177,12.96,2,0.00,6.22,South,Office Supplies
CA-2015-102330-0,CA-2015-102330,OFF-LA-10003923,88.80,6,0.00,44.40,West,Office Supplies
CA-2015-102330-1,CA-2015-102330,TEC-PH-10001051,319.97,4,0.20,36.00,West,Technology
CA-2017-118899-0,CA-2017-118899,FUR-CH-10004754,167.89,7,0.20,14.69,West,Furniture
CA-2018-107958-0,CA-2018-107958,OFF-PA-10000357,163.96,5,0.20,59.44,Central,Office Supplies
CA-2018-107958-1,CA-2018-107958,OFF-BI-10001787,5.23,4,0.80,-8.11,Central,Office Supplies
CA-2018-151799-0,CA-2018-151799,TEC-CO-10002313,1199.98,2,0.00,467.99,East,Technology
CA-2018-151799-1,CA-2018-151799,OFF-ST-10002790,73.85,1,0.00,2.22,East,Office Supplies
CA-2018-151799-2,CA-2018-151799,OFF-SU-10001664,25.71,3,0.00,6.68,East,Office Supplies
CA-2018-151799-3,CA-2018-151799,OFF-FA-10001332,17.28,6,0.00,8.12,East,Office Supplies
CA-2018-151799-4,CA-2018-151799,FUR-TA-10003473,526.58,2,0.30,-52.66,East,Furniture
CA-2017-114601-0,CA-2017-114601,OFF-PA-10000605,11.56,2,0.00,5.66,Central,Office Supplies
CA-2017-114601-1,CA-2017-114601,TEC-PH-10002170,209.97,3,0.00,58.79,Central,Technology
CA-2017-114601-2,CA-2017-114601,FUR-TA-10004147,447.84,4,0.00,98.52,Central,Furniture
CA-2017-114601-3,CA-2017-114601,TEC-AC-10003911,479.97,3,0.00,163.19,Central,Technology
CA-2017-114601-4,CA-2017-114601,OFF-AR-10002578,8.64,3,0.00,2.51,Central,Office Supplies
CA-2018-100237-0,CA-2018-100237,OFF-AR-10001761,11.68,2,0.00,4.20,West,Office Supplies
CA-2015-139542-0,CA-2015-139542,TEC-AC-10001553,40.78,3,0.20,0.51,East,Technology
CA-2015-139542-1,CA-2015-139542,OFF-BI-10000309,13.70,3,0.70,-9.59,East,Office Supplies
US-2016-142811-0,US-2016-142811,TEC-PH-10003095,87.80,5,0.20,32.92,West,Technology
CA-2018-139353-0,CA-2018-139353,FUR-FU-10001876,77.95,3,0.20,15.59,South,Furniture
CA-2018-139353-1,CA-2018-139353,OFF-ST-10001522,147.18,2,0.20,-29.44,South,Office Supplies
CA-2018-139353-2,CA-2018-139353,OFF-PA-10000300,47.95,3,0.20,16.18,South,Office Supplies
CA-2015-150203-0,CA-2015-150203,OFF-AP-10001469,250.26,6,0.00,72.58,West,Office Supplies
US-2018-101518-0,US-2018-101518,TEC-AC-10001553,40.78,3,0.20,0.51,East,Technology
CA-2016-149636-0,CA-2016-149636,OFF-PA-10004041,29.60,5,0.20,9.25,West,Office Supplies
CA-2016-149636-1,CA-2016-149636,OFF-BI-10002764,1.94,2,0.70,-1.36,West,Office Supplies
US-2018-146213-0,US-2018-146213,TEC-AC-10001114,159.96,4,0.00,51.19,West,Technology
CA-2016-108588-0,CA-2016-108588,OFF-AR-10001615,59.52,3,0.00,15.48,East,Office Supplies
CA-2016-108588-1,CA-2016-108588,OFF-EN-10000461,17.48,2,0.00,8.22,East,Office Supplies
CA-2016-108588-2,CA-2016-108588,OFF-BI-10004506,13.17,2,0.20,4.61,East,Office Supplies
US-2018-138086-0,US-2018-138086,OFF-AP-10000027,40.74,3,0.00,12.22,West,Office Supplies
CA-2016-139374-0,CA-2016-139374,FUR-CH-10003981,179.89,1,0.30,-2.57,Central,Furniture
CA-2017-113978-0,CA-2017-113978,OFF-AP-10003849,286.26,1,0.20,17.89,East,Office Supplies
CA-2017-113978-1,CA-2017-113978,OFF-ST-10004963,24.22,2,0.20,-4.84,East,Office Supplies
CA-2017-113978-2,CA-2017-113978,OFF-ST-10002574,331.54,3,0.20,-82.88,East,Office Supplies
US-2016-150231-0,US-2016-150231,OFF-AR-10001761,17.52,3,0.00,6.31,East,Office Supplies
CA-2017-106915-0,CA-2017-106915,OFF-AR-10000716,17.86,4,0.20,4.24,Central,Office Supplies
US-2017-109260-0,US-2017-109260,TEC-AC-10002637,431.98,3,0.20,-75.60,South,Technology
CA-2018-104850-0,CA-2018-104850,FUR-CH-10003774,291.14,4,0.20,-25.47,West,Furniture
CA-2018-140508-0,CA-2018-140508,OFF-EN-10000927,114.85,4,0.20,35.89,Central,Office Supplies
CA-2018-143294-0,CA-2018-143294,OFF-PA-10000743,10.69,2,0.20,3.74,Central,Office Supplies
CA-2017-165673-0,CA-2017-165673,OFF-PA-10000697,15.23,4,0.20,5.52,East,Office Supplies
CA-2018-134418-0,CA-2018-134418,OFF-AR-10004441,12.42,3,0.00,5.22,West,Office Supplies
US-2017-106313-0,US-2017-106313,OFF-PA-10001870,19.44,3,0.00,9.33,West,Office Supplies
CA-2015-105872-0,CA-2015-105872,OFF-BI-10003684,70.37,4,0.20,26.39,East,Office Supplies
CA-2018-108287-0,CA-2018-108287,OFF-AR-10001315,12.67,9,0.20,1.43,South,Office Supplies
CA-2018-141103-0,CA-2018-141103,TEC-PH-10003589,89.95,5,0.00,43.18,East,Technology
CA-2015-154781-0,CA-2015-154781,OFF-PA-10001609,6.58,2,0.00,3.03,West,Office Supplies
CA-2015-154781-1,CA-2015-154781,TEC-AC-10000474,94.99,1,0.00,28.50,West,Technology
CA-2016-147816-0,CA-2016-147816,TEC-PH-10003095,35.12,2,0.20,13.17,West,Technology
CA-2018-105326-0,CA-2018-105326,OFF-PA-10001639,25.92,4,0.00,12.44,West,Office Supplies
CA-2017-133613-0,CA-2017-133613,OFF-BI-10002003,7.96,2,0.00,3.74,East,Office Supplies
CA-2017-133613-1,CA-2017-133613,TEC-PH-10004539,566.97,3,0.00,153.08,East,Technology
CA-2017-133613-2,CA-2017-133613,OFF-AR-10003829,9.84,3,0.00,2.85,East,Office Supplies
CA-2016-109113-0,CA-2016-109113,TEC-AC-10004761,25.49,2,0.20,4.78,Central,Technology
CA-2016-156153-0,CA-2016-156153,OFF-FA-10003472,7.56,6,0.00,0.30,East,Office Supplies
CA-2016-133242-0,CA-2016-133242,FUR-FU-10003464,60.84,3,0.00,19.47,South,Furniture
CA-2016-133242-1,CA-2016-133242,OFF-ST-10003716,450.04,2,0.00,58.51,South,Office Supplies
CA-2016-133242-2,CA-2016-133242,OFF-BI-10004002,34.60,2,0.00,16.61,South,Office Supplies
CA-2016-133242-3,CA-2016-133242,TEC-PH-10002496,467.97,3,0.00,140.39,South,Technology
CA-2016-133242-4,CA-2016-133242,OFF-BI-10004826,33.02,2,0.00,15.85,South,Office Supplies
CA-2016-158323-0,CA-2016-158323,FUR-FU-10001546,17.09,2,0.20,1.07,South,Furniture
CA-2016-161795-0,CA-2016-161795,OFF-AR-10001919,3.01,2,0.20,0.34,East,Office Supplies
CA-2018-100902-0,CA-2018-100902,OFF-PA-10002558,268.24,7,0.20,93.88,South,Office Supplies
CA-2018-100902-1,CA-2018-100902,TEC-AC-10003174,431.16,5,0.20,107.79,South,Technology
CA-2018-112844-0,CA-2018-112844,TEC-PH-10003988,43.60,4,0.00,12.21,East,Technology
CA-2018-112844-1,CA-2018-112844,FUR-FU-10004845,154.95,3,0.00,30.99,East,Furniture
CA-2017-158925-0,CA-2017-158925,OFF-PA-10003072,15.55,3,0.20,5.44,Central,Office Supplies
CA-2015-155390-0,CA-2015-155390,OFF-PA-10003641,42.21,2,0.20,13.72,South,Office Supplies
CA-2018-123071-0,CA-2018-123071,OFF-PA-10003729,10.37,2,0.20,3.63,Central,Office Supplies
CA-2018-156391-0,CA-2018-156391,OFF-AR-10003251,2.22,1,0.20,0.56,West,Office Supplies
CA-2016-103093-0,CA-2016-103093,OFF-EN-10003286,74.52,9,0.00,35.02,South,Office Supplies
US-2018-118941-0,US-2018-118941,OFF-AR-10004078,17.52,3,0.00,5.26,East,Office Supplies
US-2018-118941-1,US-2018-118941,FUR-CH-10002331,1779.90,5,0.00,373.78,East,Furniture
US-2018-118941-2,US-2018-118941,OFF-AR-10001953,219.90,5,0.00,59.37,East,Office Supplies
CA-2016-169299-0,CA-2016-169299,OFF-AR-10002053,7.15,3,0.20,0.72,West,Office Supplies
CA-2018-154088-0,CA-2018-154088,OFF-PA-10003651,26.72,5,0.20,9.35,South,Office Supplies
CA-2017-155978-0,CA-2017-155978,TEC-PH-10002885,1039.73,2,0.20,90.98,West,Technology
CA-2017-155978-1,CA-2017-155978,OFF-AP-10002892,45.96,2,0.00,13.79,West,Office Supplies
CA-2017-108196-0,CA-2017-108196,OFF-BI-10000545,456.59,2,0.70,-304.39,East,Office Supplies
CA-2017-108196-1,CA-2017-108196,TEC-MA-10000418,4499.98,5,0.70,-6599.98,East,Technology
CA-2017-108196-2,CA-2017-108196,TEC-AC-10000926,59.98,3,0.20,12.00,East,Technology
CA-2017-152800-0,CA-2017-152800,OFF-EN-10001509,6.12,3,0.00,2.88,West,Office Supplies
CA-2015-166961-0,CA-2015-166961,OFF-AP-10001366,10.98,1,0.00,2.96,West,Office Supplies
CA-2015-166961-1,CA-2015-166961,OFF-FA-10003485,7.86,3,0.00,3.62,West,Office Supplies
CA-2015-166961-2,CA-2015-166961,OFF-ST-10004507,51.45,3,0.00,13.89,West,Office Supplies
CA-2015-166961-3,CA-2015-166961,OFF-BI-10002353,37.06,3,0.20,13.90,West,Office Supplies
CA-2017-139381-0,CA-2017-139381,OFF-AP-10001271,203.92,4,0.00,55.06,South,Office Supplies
CA-2017-139381-1,CA-2017-139381,TEC-PH-10004924,29.56,4,0.00,7.98,South,Technology
CA-2016-132136-0,CA-2016-132136,OFF-BI-10002706,8.57,3,0.80,-14.57,Central,Office Supplies
CA-2017-162236-0,CA-2017-162236,OFF-ST-10003442,45.25,2,0.20,3.96,South,Office Supplies
CA-2017-162236-1,CA-2017-162236,FUR-TA-10002533,876.30,10,0.40,-292.10,South,Furniture
CA-2017-162236-2,CA-2017-162236,OFF-SU-10003505,185.38,2,0.20,-34.76,South,Office Supplies
US-2015-111353-0,US-2015-111353,OFF-LA-10002762,25.06,2,0.00,11.78,East,Office Supplies
US-2017-117037-0,US-2017-117037,OFF-BI-10000279,2.89,1,0.80,-4.77,Central,Office Supplies
US-2017-117037-1,US-2017-117037,OFF-FA-10000936,7.90,3,0.20,2.47,Central,Office Supplies
US-2017-117037-2,US-2017-117037,FUR-FU-10004973,22.61,3,0.60,-10.17,Central,Furniture
US-2017-117037-3,US-2017-117037,OFF-PA-10000791,30.53,8,0.20,9.54,Central,Office Supplies
CA-2018-160801-0,CA-2018-160801,OFF-BI-10001132,4.84,3,0.70,-3.39,East,Office Supplies
CA-2017-108364-0,CA-2017-108364,OFF-BI-10002012,1.80,5,0.80,-2.88,Central,Office Supplies
CA-2018-169362-0,CA-2018-169362,TEC-AC-10001383,39.98,2,0.20,-1.50,Central,Technology
CA-2016-127481-0,CA-2016-127481,OFF-PA-10002036,32.40,5,0.00,15.88,West,Office Supplies
CA-2016-127481-1,CA-2016-127481,OFF-PA-10002377,97.88,2,0.00,48.94,West,Office Supplies
CA-2016-112711-0,CA-2016-112711,TEC-PH-10000526,307.17,4,0.20,30.72,Central,Technology
US-2016-145121-0,US-2016-145121,OFF-BI-10001078,26.90,5,0.00,13.18,East,Office Supplies
CA-2018-166184-0,CA-2018-166184,OFF-EN-10004483,47.01,3,0.00,22.09,East,Office Supplies
CA-2018-166184-1,CA-2018-166184,TEC-PH-10002624,469.99,1,0.00,136.30,East,Technology
CA-2018-166184-2,CA-2018-166184,FUR-CH-10003396,207.85,3,0.10,2.31,East,Furniture
CA-2018-157413-0,CA-2018-157413,OFF-ST-10002756,324.74,3,0.20,-77.13,East,Office Supplies
CA-2015-143637-0,CA-2015-143637,FUR-FU-10002813,40.48,2,0.00,14.57,West,Furniture
CA-2016-102260-0,CA-2016-102260,OFF-LA-10003714,12.00,4,0.20,4.20,South,Office Supplies
CA-2016-102260-1,CA-2016-102260,OFF-ST-10003716,720.06,4,0.20,-63.01,South,Office Supplies
CA-2016-102260-2,CA-2016-102260,OFF-ST-10002289,25.42,1,0.20,-4.77,South,Office Supplies
CA-2016-102260-3,CA-2016-102260,OFF-AR-10001315,2.82,2,0.20,0.32,South,Office Supplies
CA-2016-102260-4,CA-2016-102260,OFF-BI-10000042,3.20,2,0.70,-2.56,South,Office Supplies
US-2017-137295-0,US-2017-137295,OFF-BI-10004236,30.83,7,0.70,-24.66,South,Office Supplies
US-2017-137295-1,US-2017-137295,OFF-AR-10001955,47.62,3,0.20,5.95,South,Office Supplies
US-2017-137295-2,US-2017-137295,TEC-PH-10004080,108.78,2,0.20,10.88,South,Technology
CA-2017-134334-0,CA-2017-134334,OFF-PA-10000791,4.77,1,0.00,2.15,East,Office Supplies
CA-2017-134334-1,CA-2017-134334,OFF-AR-10001770,7.98,3,0.00,2.07,East,Office Supplies
CA-2017-134334-2,CA-2017-134334,FUR-TA-10002356,550.43,3,0.30,-47.18,East,Furniture
CA-2017-134334-3,CA-2017-134334,FUR-FU-10003274,10.56,6,0.00,4.65,East,Furniture
US-2018-109316-0,US-2018-109316,FUR-BO-10004834,1497.67,2,0.15,140.96,West,Furniture
US-2018-109316-1,US-2018-109316,TEC-PH-10000307,17.52,2,0.20,-3.50,West,Technology
CA-2017-138478-0,CA-2017-138478,OFF-AR-10002240,113.22,3,0.00,29.44,West,Office Supplies
CA-2017-138478-1,CA-2017-138478,OFF-PA-10001801,35.88,6,0.00,17.58,West,Office Supplies
CA-2017-138478-2,CA-2017-138478,OFF-BI-10001120,4535.98,3,0.20,1644.29,West,Office Supplies
CA-2018-150469-0,CA-2018-150469,OFF-FA-10000611,11.84,8,0.00,5.68,West,Office Supplies
CA-2018-152436-0,CA-2018-152436,OFF-ST-10000036,592.74,6,0.00,160.04,East,Office Supplies
CA-2017-169334-0,CA-2017-169334,OFF-ST-10004950,111.67,9,0.20,6.98,South,Office Supplies
US-2015-115413-0,US-2015-115413,OFF-AR-10003770,8.64,3,0.00,2.51,East,Office Supplies
US-2015-115413-1,US-2015-115413,TEC-AC-10002800,149.97,3,0.00,52.49,East,Technology
CA-2015-125150-0,CA-2015-125150,FUR-CH-10002439,232.88,5,0.20,17.47,West,Furniture
CA-2016-127327-0,CA-2016-127327,FUR-CH-10004218,90.88,1,0.10,15.15,East,Furniture
CA-2018-117114-0,CA-2018-117114,TEC-PH-10004042,508.77,4,0.20,38.16,Central,Technology
CA-2018-117114-1,CA-2018-117114,OFF-EN-10001137,9.91,3,0.20,3.22,Central,Office Supplies
CA-2016-137302-0,CA-2016-137302,FUR-CH-10002017,63.94,3,0.20,6.39,West,Furniture
CA-2016-137302-1,CA-2016-137302,OFF-AR-10000588,59.52,3,0.00,15.48,West,Office Supplies
CA-2016-137302-2,CA-2016-137302,TEC-PH-10003174,311.98,3,0.20,39.00,West,Technology
CA-2016-137302-3,CA-2016-137302,OFF-BI-10001524,50.35,3,0.20,17.62,West,Office Supplies
CA-2017-112382-0,CA-2017-112382,TEC-PH-10001552,19.14,2,0.20,1.91,Central,Technology
CA-2016-128958-0,CA-2016-128958,OFF-AR-10004757,13.12,5,0.20,2.13,South,Office Supplies
CA-2016-106257-0,CA-2016-106257,FUR-TA-10002530,241.57,2,0.20,-15.10,West,Furniture
CA-2016-106257-1,CA-2016-106257,TEC-PH-10001494,479.92,2,0.20,41.99,West,Technology
CA-2016-149083-0,CA-2016-149083,FUR-CH-10004289,307.14,4,0.20,-11.52,West,Furniture
CA-2016-149083-1,CA-2016-149083,OFF-LA-10002945,12.60,2,0.00,5.80,West,Office Supplies
CA-2016-149083-2,CA-2016-149083,TEC-AC-10002567,159.98,2,0.00,57.59,West,Technology
US-2015-137869-0,US-2015-137869,OFF-EN-10001509,6.12,3,0.00,2.88,Central,Office Supplies
US-2015-137869-1,US-2015-137869,FUR-TA-10003954,1184.72,4,0.00,106.62,Central,Furniture
CA-2017-116603-0,CA-2017-116603,OFF-AP-10002892,45.96,2,0.00,13.79,East,Office Supplies
CA-2015-158470-0,CA-2015-158470,OFF-BI-10003638,58.05,3,0.00,26.70,South,Office Supplies
CA-2015-158470-1,CA-2015-158470,OFF-PA-10001569,71.28,11,0.00,34.21,South,Office Supplies
US-2018-123834-0,US-2018-123834,FUR-TA-10001676,124.40,4,0.30,-21.33,Central,Furniture
CA-2016-125976-0,CA-2016-125976,OFF-PA-10001125,154.90,5,0.00,69.70,South,Office Supplies
CA-2016-125976-1,CA-2016-125976,TEC-PH-10002496,1871.88,12,0.00,561.56,South,Technology
CA-2017-128706-0,CA-2017-128706,FUR-FU-10004053,16.19,2,0.60,-6.88,Central,Furniture
CA-2017-104311-0,CA-2017-104311,OFF-ST-10000321,18.94,3,0.20,-3.79,Central,Office Supplies
CA-2017-104311-1,CA-2017-104311,OFF-ST-10002957,12.67,3,0.20,-3.17,Central,Office Supplies
CA-2017-104311-2,CA-2017-104311,OFF-LA-10000973,5.04,2,0.20,1.76,Central,Office Supplies
CA-2015-169649-0,CA-2015-169649,OFF-PA-10000143,8.45,2,0.20,2.96,Central,Office Supplies
CA-2015-169649-1,CA-2015-169649,OFF-AP-10003287,20.39,2,0.80,-53.01,Central,Office Supplies
CA-2016-144890-0,CA-2016-144890,OFF-PA-10001526,9.96,2,0.00,4.88,West,Office Supplies
CA-2018-135587-0,CA-2018-135587,OFF-AP-10004540,320.64,4,0.00,89.78,South,Office Supplies
CA-2018-135587-1,CA-2018-135587,TEC-AC-10001266,52.00,4,0.00,23.40,South,Technology
CA-2015-103429-0,CA-2015-103429,OFF-BI-10004233,25.58,2,0.20,8.95,East,Office Supplies
CA-2015-103429-1,CA-2015-103429,TEC-PH-10003505,464.00,5,0.00,134.56,East,Technology
CA-2015-103429-2,CA-2015-103429,OFF-AP-10001005,235.95,3,0.00,77.86,East,Office Supplies
CA-2015-103429-3,CA-2015-103429,OFF-PA-10001712,39.96,4,0.00,17.98,East,Office Supplies
CA-2018-152261-0,CA-2018-152261,OFF-BI-10002353,18.53,4,0.70,-12.35,East,Office Supplies
CA-2016-142993-0,CA-2016-142993,TEC-AC-10003038,17.90,2,0.00,3.40,West,Technology
CA-2016-142993-1,CA-2016-142993,OFF-ST-10000934,81.96,2,0.00,0.00,West,Office Supplies
CA-2016-143364-0,CA-2016-143364,OFF-ST-10002743,272.74,3,0.20,-64.77,West,Office Supplies
CA-2016-143364-1,CA-2016-143364,OFF-PA-10001846,18.50,4,0.20,6.70,West,Office Supplies
CA-2016-143364-2,CA-2016-143364,FUR-CH-10004287,441.92,2,0.20,49.72,West,Furniture
CA-2016-143364-3,CA-2016-143364,FUR-BO-10001608,127.76,6,0.70,-191.65,West,Furniture
CA-2015-100972-0,CA-2015-100972,OFF-PA-10000357,166.44,3,0.00,79.89,West,Office Supplies
CA-2017-136994-0,CA-2017-136994,OFF-PA-10000575,13.38,2,0.00,6.15,West,Office Supplies
US-2018-166233-0,US-2018-166233,TEC-AC-10002167,24.00,2,0.20,-2.70,South,Technology
CA-2018-122112-0,CA-2018-122112,OFF-EN-10004459,24.45,4,0.20,8.86,East,Office Supplies
CA-2017-101672-0,CA-2017-101672,OFF-LA-10002271,6.16,2,0.00,2.96,West,Office Supplies
CA-2017-101672-1,CA-2017-101672,FUR-CH-10004063,915.14,4,0.20,102.95,West,Furniture
CA-2017-101672-2,CA-2017-101672,OFF-PA-10004610,8.56,2,0.00,3.85,West,Office Supplies
CA-2017-101672-3,CA-2017-101672,OFF-PA-10001878,97.82,2,0.00,45.98,West,Office Supplies
CA-2018-168403-0,CA-2018-168403,OFF-PA-10002036,31.10,6,0.20,11.28,West,Office Supplies
CA-2018-168403-1,CA-2018-168403,OFF-AP-10003278,11.18,1,0.20,0.84,West,Office Supplies
CA-2016-148705-0,CA-2016-148705,OFF-LA-10001641,5.04,2,0.20,1.76,South,Office Supplies
CA-2017-160241-0,CA-2017-160241,FUR-FU-10003806,242.18,4,0.60,-302.72,Central,Furniture
CA-2017-155747-0,CA-2017-155747,FUR-TA-10003392,337.18,2,0.40,-118.01,East,Furniture
CA-2018-118017-0,CA-2018-118017,OFF-AR-10003856,13.34,6,0.20,1.00,West,Office Supplies
CA-2018-118017-1,CA-2018-118017,TEC-AC-10002006,76.75,6,0.20,10.55,West,Technology
CA-2018-118017-2,CA-2018-118017,TEC-AC-10002006,102.34,8,0.20,14.07,West,Technology
CA-2018-118017-3,CA-2018-118017,OFF-PA-10002246,10.32,2,0.20,3.74,West,Office Supplies
CA-2018-118017-4,CA-2018-118017,OFF-SU-10004782,47.32,7,0.20,5.92,West,Office Supplies
CA-2018-118017-5,CA-2018-118017,FUR-FU-10004351,23.38,3,0.20,7.01,West,Furniture
CA-2018-118017-6,CA-2018-118017,FUR-FU-10004270,16.72,5,0.20,3.34,West,Furniture
CA-2018-118017-7,CA-2018-118017,FUR-FU-10004053,16.19,1,0.20,4.66,West,Furniture
CA-2017-113117-0,CA-2017-113117,OFF-PA-10000019,32.40,5,0.00,15.55,West,Office Supplies
CA-2017-148684-0,CA-2017-148684,OFF-AR-10003811,19.89,9,0.00,5.37,South,Office Supplies
CA-2017-148684-1,CA-2017-148684,TEC-AC-10001838,399.98,2,0.00,171.99,South,Technology
CA-2017-148684-2,CA-2017-148684,FUR-FU-10003553,343.85,5,0.00,137.54,South,Furniture
CA-2017-148684-3,CA-2017-148684,OFF-PA-10003302,106.32,3,0.00,49.97,South,Office Supplies
CA-2018-125367-0,CA-2018-125367,OFF-BI-10002412,13.92,3,0.20,4.35,East,Office Supplies
CA-2018-124744-0,CA-2018-124744,OFF-BI-10002852,82.40,5,0.00,40.38,East,Office Supplies
CA-2018-124744-1,CA-2018-124744,OFF-BI-10000145,6.24,2,0.00,3.06,East,Office Supplies
CA-2018-124744-2,CA-2018-124744,OFF-PA-10001970,447.84,8,0.00,219.44,East,Office Supplies
CA-2018-128363-0,CA-2018-128363,OFF-AP-10001563,272.05,7,0.20,30.61,South,Office Supplies
CA-2018-128363-1,CA-2018-128363,OFF-BI-10001359,1614.58,6,0.70,-1237.85,South,Office Supplies
CA-2018-128363-2,CA-2018-128363,OFF-FA-10003495,24.32,5,0.20,9.12,South,Office Supplies
CA-2018-128363-3,CA-2018-128363,TEC-AC-10003709,1.58,2,0.20,0.48,South,Technology
CA-2018-128363-4,CA-2018-128363,FUR-FU-10003268,31.98,1,0.20,0.00,South,Furniture
CA-2018-128363-5,CA-2018-128363,OFF-EN-10003845,14.76,5,0.20,4.80,South,Office Supplies
CA-2018-128363-6,CA-2018-128363,FUR-CH-10002073,423.65,2,0.20,47.66,South,Furniture
CA-2016-126669-0,CA-2016-126669,OFF-PA-10001357,76.64,2,0.20,26.82,Central,Office Supplies
US-2016-118766-0,US-2016-118766,OFF-EN-10001415,4.46,1,0.20,1.67,Central,Office Supplies
US-2016-118766-1,US-2016-118766,OFF-BI-10002813,3.96,10,0.80,-6.93,Central,Office Supplies
CA-2017-112585-0,CA-2017-112585,OFF-AP-10003849,715.64,2,0.00,178.91,West,Office Supplies
CA-2017-149762-0,CA-2017-149762,FUR-TA-10004147,268.70,3,0.20,6.72,West,Furniture
CA-2017-149762-1,CA-2017-149762,OFF-AR-10001662,21.92,8,0.00,5.92,West,Office Supplies
CA-2017-149762-2,CA-2017-149762,OFF-ST-10001558,48.72,3,0.00,7.31,West,Office Supplies
CA-2017-149762-3,CA-2017-149762,FUR-BO-10001337,205.67,2,0.15,-12.10,West,Furniture
CA-2017-167605-0,CA-2017-167605,FUR-FU-10001602,30.34,2,0.60,-31.86,Central,Furniture
US-2018-105697-0,US-2018-105697,OFF-ST-10003996,25.70,2,0.20,1.93,East,Office Supplies
CA-2018-165323-0,CA-2018-165323,TEC-MA-10003673,3404.50,5,0.00,1668.20,East,Technology
CA-2018-165323-1,CA-2018-165323,TEC-AC-10004992,101.34,3,0.00,8.11,East,Technology
CA-2016-110891-0,CA-2016-110891,FUR-CH-10002880,344.37,4,0.30,-93.47,East,Furniture
CA-2018-100783-0,CA-2018-100783,OFF-AR-10000380,30.38,1,0.20,3.80,Central,Office Supplies
CA-2016-152513-0,CA-2016-152513,OFF-BI-10002706,22.85,2,0.20,7.43,West,Office Supplies
CA-2018-139822-0,CA-2018-139822,OFF-ST-10000943,38.62,2,0.00,10.81,East,Office Supplies
CA-2018-139822-1,CA-2018-139822,TEC-AC-10001090,59.98,2,0.00,10.80,East,Technology
CA-2018-107713-0,CA-2018-107713,OFF-BI-10002026,174.30,3,0.00,81.92,East,Office Supplies
CA-2018-134096-0,CA-2018-134096,TEC-PH-10000526,383.96,5,0.20,38.40,South,Technology
CA-2018-134096-1,CA-2018-134096,OFF-BI-10004002,15.57,3,0.70,-11.42,South,Office Supplies
CA-2017-125843-0,CA-2017-125843,OFF-BI-10002309,22.32,4,0.00,10.71,South,Office Supplies
CA-2017-125843-1,CA-2017-125843,OFF-LA-10003923,103.60,7,0.00,51.80,South,Office Supplies
CA-2018-120404-0,CA-2018-120404,TEC-AC-10003433,2.97,3,0.00,1.34,East,Technology
CA-2018-120404-1,CA-2018-120404,TEC-PH-10001363,569.99,1,0.00,171.00,East,Technology
CA-2018-120404-2,CA-2018-120404,FUR-FU-10000820,50.97,3,0.00,9.17,East,Furniture
CA-2018-167549-0,CA-2018-167549,FUR-TA-10004767,298.12,6,0.30,-4.26,Central,Furniture
CA-2017-120082-0,CA-2017-120082,OFF-AR-10001955,59.52,3,0.00,17.86,East,Office Supplies
US-2017-168095-0,US-2017-168095,FUR-CH-10004886,230.28,3,0.20,23.03,West,Furniture
US-2017-168095-1,US-2017-168095,OFF-PA-10003641,105.52,5,0.20,34.29,West,Office Supplies
CA-2018-166093-0,CA-2018-166093,OFF-EN-10003134,23.36,2,0.00,11.68,West,Office Supplies
CA-2018-166093-1,CA-2018-166093,TEC-PH-10002564,71.98,3,0.20,9.00,West,Technology
CA-2018-166093-2,CA-2018-166093,OFF-PA-10003893,8.56,2,0.00,3.85,West,Office Supplies
CA-2018-166093-3,CA-2018-166093,OFF-BI-10000174,13.92,3,0.20,4.87,West,Office Supplies
CA-2018-166093-4,CA-2018-166093,OFF-AP-10001058,2518.29,9,0.00,654.76,West,Office Supplies
CA-2018-166093-5,CA-2018-166093,OFF-ST-10001496,540.57,3,0.00,140.55,West,Office Supplies
CA-2018-166093-6,CA-2018-166093,OFF-BI-10004230,221.06,8,0.20,77.37,West,Office Supplies
CA-2017-146325-0,CA-2017-146325,FUR-CH-10001146,81.42,2,0.20,-9.16,West,Furniture
CA-2017-146325-1,CA-2017-146325,OFF-ST-10001590,134.80,10,0.00,35.05,West,Office Supplies
CA-2018-134194-0,CA-2018-134194,OFF-BI-10003684,39.58,9,0.80,-59.37,Central,Office Supplies
CA-2018-134194-1,CA-2018-134194,OFF-SU-10000946,44.69,7,0.20,5.03,Central,Office Supplies
CA-2018-134194-2,CA-2018-134194,OFF-AR-10001615,31.74,2,0.20,2.38,Central,Office Supplies
CA-2018-134194-3,CA-2018-134194,OFF-BI-10001597,40.98,5,0.80,-65.57,Central,Office Supplies
CA-2018-134194-4,CA-2018-134194,OFF-BI-10001116,3.17,3,0.80,-5.07,Central,Office Supplies
CA-2015-131009-0,CA-2015-131009,OFF-FA-10004395,18.84,5,0.20,-3.53,Central,Office Supplies
CA-2015-131009-1,CA-2015-131009,FUR-CH-10001270,362.25,6,0.30,0.00,Central,Furniture
CA-2015-131009-2,CA-2015-131009,FUR-FU-10001095,63.55,6,0.60,-34.95,Central,Furniture
CA-2015-131009-3,CA-2015-131009,OFF-ST-10001469,129.55,3,0.20,-22.67,Central,Office Supplies
CA-2016-145814-0,CA-2016-145814,OFF-BI-10003196,5.98,2,0.20,2.24,East,Office Supplies
CA-2016-145814-1,CA-2016-145814,TEC-PH-10002200,861.76,4,0.00,249.91,East,Technology
CA-2015-138359-0,CA-2015-138359,OFF-ST-10000636,66.96,4,0.00,2.68,East,Office Supplies
CA-2015-138359-1,CA-2015-138359,OFF-BI-10000145,6.24,2,0.00,3.06,East,Office Supplies
CA-2018-131807-0,CA-2018-131807,FUR-CH-10001190,435.17,4,0.20,-59.84,West,Furniture
CA-2018-131807-1,CA-2018-131807,OFF-FA-10002780,14.90,5,0.00,6.85,West,Office Supplies
CA-2018-131807-2,CA-2018-131807,OFF-AP-10004052,15.80,4,0.00,4.11,West,Office Supplies
CA-2018-131807-3,CA-2018-131807,FUR-FU-10004666,72.90,5,0.00,26.97,West,Furniture
CA-2018-131807-4,CA-2018-131807,FUR-TA-10004086,206.35,3,0.20,5.16,West,Furniture
CA-2018-131807-5,CA-2018-131807,TEC-PH-10000702,7.99,1,0.20,2.70,West,Technology
CA-2018-104864-0,CA-2018-104864,OFF-ST-10002301,81.36,5,0.20,-19.32,South,Office Supplies
CA-2018-104864-1,CA-2018-104864,OFF-BI-10001636,20.23,8,0.70,-16.19,South,Office Supplies
CA-2018-104864-2,CA-2018-104864,OFF-AP-10002684,389.06,4,0.20,48.63,South,Office Supplies
CA-2018-104864-3,CA-2018-104864,OFF-PA-10004609,20.74,4,0.20,7.26,South,Office Supplies
CA-2018-104864-4,CA-2018-104864,OFF-PA-10003309,41.47,8,0.20,14.52,South,Office Supplies
CA-2016-138219-0,CA-2016-138219,OFF-PA-10000380,33.36,4,0.00,16.68,West,Office Supplies
CA-2017-157707-0,CA-2017-157707,FUR-BO-10001567,90.88,3,0.70,-190.85,West,Furniture
CA-2017-157707-1,CA-2017-157707,TEC-PH-10002583,15.99,1,0.20,-3.00,West,Technology
CA-2017-157707-2,CA-2017-157707,FUR-CH-10004853,120.78,1,0.20,13.59,West,Furniture
US-2016-126753-0,US-2016-126753,TEC-PH-10003580,519.79,4,0.40,-112.62,East,Technology
US-2016-126753-1,US-2016-126753,TEC-AC-10004227,31.18,3,0.20,-5.46,East,Technology
US-2016-126753-2,US-2016-126753,OFF-PA-10002787,10.37,2,0.20,3.63,East,Office Supplies
US-2016-126753-3,US-2016-126753,OFF-BI-10003981,2.72,2,0.70,-1.91,East,Office Supplies
US-2016-126753-4,US-2016-126753,FUR-FU-10001488,254.35,3,0.20,0.00,East,Furniture
US-2016-126753-5,US-2016-126753,OFF-BI-10003727,3.76,3,0.70,-2.76,East,Office Supplies
US-2016-126753-6,US-2016-126753,OFF-PA-10000130,10.27,3,0.20,3.21,East,Office Supplies
CA-2015-166051-0,CA-2015-166051,TEC-PH-10002680,659.97,3,0.00,197.99,South,Technology
CA-2015-166051-1,CA-2015-166051,TEC-PH-10002538,113.73,3,0.00,32.98,South,Technology
CA-2016-113040-0,CA-2016-113040,OFF-BI-10001249,5.10,1,0.20,1.66,West,Office Supplies
CA-2015-103800-0,CA-2015-103800,OFF-PA-10000174,16.45,2,0.20,5.55,Central,Office Supplies
CA-2015-113383-0,CA-2015-113383,OFF-AP-10004532,81.92,4,0.00,22.12,East,Office Supplies
CA-2015-113383-1,CA-2015-113383,FUR-FU-10001986,254.90,5,0.00,76.47,East,Furniture
CA-2018-152499-0,CA-2018-152499,OFF-FA-10002975,15.12,5,0.20,4.91,Central,Office Supplies
CA-2018-152499-1,CA-2018-152499,OFF-AR-10003481,7.87,3,0.20,0.89,Central,Office Supplies
CA-2017-151498-0,CA-2017-151498,OFF-BI-10004967,8.32,5,0.20,2.81,West,Office Supplies
CA-2017-137939-0,CA-2017-137939,TEC-PH-10003589,89.95,5,0.00,43.18,East,Technology
US-2017-117793-0,US-2017-117793,OFF-LA-10002945,25.20,4,0.00,11.59,Central,Office Supplies
US-2017-117793-1,US-2017-117793,OFF-LA-10003537,37.59,3,0.00,17.67,Central,Office Supplies
US-2017-117793-2,US-2017-117793,OFF-ST-10002406,14.97,1,0.00,4.19,Central,Office Supplies
US-2017-117793-3,US-2017-117793,TEC-AC-10003433,1.98,2,0.00,0.89,Central,Technology
CA-2017-133872-0,CA-2017-133872,OFF-BI-10002082,39.94,4,0.70,-26.62,South,Office Supplies
CA-2017-133872-1,CA-2017-133872,TEC-AC-10000521,18.46,2,0.20,2.31,South,Technology
US-2016-165743-0,US-2016-165743,OFF-BI-10001982,4.90,3,0.70,-3.43,West,Office Supplies
US-2016-165743-1,US-2016-165743,FUR-BO-10002268,145.76,6,0.70,-247.80,West,Furniture
US-2016-165743-2,US-2016-165743,OFF-BI-10001758,9.61,6,0.70,-7.37,West,Office Supplies
US-2018-105998-0,US-2018-105998,TEC-AC-10004469,199.75,5,0.00,87.89,West,Technology
US-2018-105998-1,US-2018-105998,FUR-TA-10001095,1673.18,12,0.20,20.91,West,Furniture
US-2015-148194-0,US-2015-148194,FUR-FU-10001852,12.18,7,0.00,3.90,West,Furniture
US-2015-148194-1,US-2015-148194,OFF-AP-10000696,57.68,4,0.00,19.03,West,Office Supplies
US-2016-151407-0,US-2016-151407,TEC-PH-10003885,263.96,4,0.00,76.55,Central,Technology
CA-2016-110870-0,CA-2016-110870,TEC-AC-10002926,299.94,6,0.00,128.97,West,Technology
CA-2016-110870-1,CA-2016-110870,OFF-SU-10001225,25.76,7,0.00,0.52,West,Office Supplies
CA-2015-143210-0,CA-2015-143210,TEC-PH-10004434,271.90,2,0.00,78.85,East,Technology
CA-2015-143210-1,CA-2015-143210,FUR-FU-10003878,45.84,3,0.00,15.59,East,Furniture
CA-2015-143210-2,CA-2015-143210,FUR-FU-10002268,9.82,2,0.00,3.24,East,Furniture
CA-2017-139808-0,CA-2017-139808,OFF-FA-10001883,93.36,12,0.00,0.93,West,Office Supplies
CA-2016-110863-0,CA-2016-110863,OFF-ST-10002756,541.24,4,0.00,5.41,Central,Office Supplies
CA-2016-110863-1,CA-2016-110863,OFF-PA-10000474,106.32,3,0.00,49.97,Central,Office Supplies
CA-2016-110863-2,CA-2016-110863,FUR-CH-10002073,1323.90,5,0.00,383.93,Central,Furniture
CA-2015-127859-0,CA-2015-127859,OFF-PA-10003641,126.62,6,0.20,41.15,East,Office Supplies
US-2016-136427-0,US-2016-136427,TEC-PH-10002070,125.94,7,0.20,15.74,West,Technology
CA-2018-120168-0,CA-2018-120168,OFF-BI-10004519,663.92,5,0.20,207.47,East,Office Supplies
CA-2018-120168-1,CA-2018-120168,TEC-AC-10002167,120.00,8,0.00,13.20,East,Technology
CA-2018-120168-2,CA-2018-120168,OFF-FA-10000936,3.29,1,0.00,1.48,East,Office Supplies
CA-2018-120168-3,CA-2018-120168,FUR-FU-10000732,18.84,3,0.00,6.03,East,Furniture
US-2015-131870-0,US-2015-131870,FUR-FU-10002501,60.67,6,0.20,12.89,East,Furniture
US-2015-131870-1,US-2015-131870,OFF-AR-10000634,30.82,9,0.20,2.70,East,Office Supplies
CA-2018-114804-0,CA-2018-114804,TEC-PH-10001700,52.79,1,0.20,4.62,West,Technology
CA-2018-167227-0,CA-2018-167227,OFF-AP-10001962,83.90,10,0.00,20.98,Central,Office Supplies
CA-2018-167227-1,CA-2018-167227,OFF-PA-10001838,11.76,2,0.00,5.76,Central,Office Supplies
CA-2015-129189-0,CA-2015-129189,OFF-AP-10000124,4.99,3,0.80,-12.98,Central,Office Supplies
CA-2015-129189-1,CA-2015-129189,OFF-EN-10003567,87.92,5,0.20,29.67,Central,Office Supplies
CA-2015-129189-2,CA-2015-129189,FUR-CH-10004997,657.93,5,0.30,-93.99,Central,Furniture
CA-2015-129189-3,CA-2015-129189,OFF-BI-10000494,1.04,1,0.80,-1.83,Central,Office Supplies
CA-2016-132465-0,CA-2016-132465,FUR-FU-10000277,210.68,2,0.00,50.56,East,Furniture
CA-2016-132465-1,CA-2016-132465,OFF-ST-10003641,78.80,1,0.00,1.58,East,Office Supplies
CA-2016-132465-2,CA-2016-132465,TEC-AC-10001998,19.99,1,0.00,6.80,East,Technology
CA-2016-132465-3,CA-2016-132465,OFF-ST-10001932,772.68,4,0.00,108.18,East,Office Supplies
CA-2017-166373-0,CA-2017-166373,TEC-AC-10002323,106.08,6,0.20,-9.28,Central,Technology
CA-2017-158806-0,CA-2017-158806,FUR-FU-10004270,23.08,3,0.60,-10.96,Central,Furniture
CA-2017-158806-1,CA-2017-158806,OFF-PA-10004621,25.92,5,0.20,9.07,Central,Office Supplies
CA-2016-119690-0,CA-2016-119690,OFF-PA-10001019,47.95,3,0.20,16.18,Central,Office Supplies
CA-2016-119690-1,CA-2016-119690,OFF-BI-10000201,0.98,2,0.80,-1.48,Central,Office Supplies
CA-2016-119690-2,CA-2016-119690,FUR-FU-10004587,75.38,9,0.60,-20.73,Central,Furniture
CA-2016-119690-3,CA-2016-119690,OFF-LA-10001613,4.61,2,0.20,1.67,Central,Office Supplies
CA-2016-153738-0,CA-2016-153738,OFF-BI-10001308,37.68,6,0.00,16.96,East,Office Supplies
CA-2018-169012-0,CA-2018-169012,OFF-AP-10003278,41.91,3,0.00,10.90,South,Office Supplies
CA-2018-109393-0,CA-2018-109393,FUR-BO-10003966,436.00,3,0.15,5.13,West,Furniture
CA-2018-121489-0,CA-2018-121489,FUR-CH-10004698,388.70,6,0.20,38.87,West,Furniture
CA-2018-121489-1,CA-2018-121489,OFF-ST-10000025,572.58,6,0.00,34.35,West,Office Supplies
CA-2018-121489-2,CA-2018-121489,TEC-AC-10000682,33.18,2,0.00,11.61,West,Technology
US-2018-133081-0,US-2018-133081,TEC-AC-10001772,63.88,4,0.00,24.91,East,Technology
US-2018-133081-1,US-2018-133081,FUR-FU-10001379,26.72,1,0.00,11.76,East,Furniture
CA-2018-165008-0,CA-2018-165008,OFF-BI-10002794,295.06,9,0.20,106.96,West,Office Supplies
CA-2017-145611-0,CA-2017-145611,OFF-AP-10001005,393.25,5,0.00,129.77,East,Office Supplies
CA-2017-113600-0,CA-2017-113600,OFF-BI-10000201,2.21,3,0.70,-1.48,East,Office Supplies
CA-2018-130834-0,CA-2018-130834,OFF-PA-10003673,16.27,3,0.20,5.29,South,Office Supplies
CA-2017-168543-0,CA-2017-168543,OFF-AP-10000938,706.86,7,0.00,197.92,East,Office Supplies
CA-2015-144974-0,CA-2015-144974,OFF-BI-10003274,5.97,5,0.70,-4.58,East,Office Supplies
CA-2015-144974-1,CA-2015-144974,FUR-FU-10001095,21.18,1,0.20,4.77,East,Furniture
CA-2015-144974-2,CA-2015-144974,OFF-AP-10001492,41.38,6,0.20,3.10,East,Office Supplies
CA-2015-109904-0,CA-2015-109904,OFF-AR-10004999,17.94,3,0.00,4.49,East,Office Supplies
CA-2018-152205-0,CA-2018-152205,OFF-BI-10004094,2.65,1,0.70,-1.86,East,Office Supplies
CA-2016-121188-0,CA-2016-121188,OFF-ST-10001490,892.35,5,0.00,267.70,West,Office Supplies
CA-2016-121188-1,CA-2016-121188,FUR-BO-10004695,307.67,2,0.15,28.96,West,Furniture
CA-2016-121188-2,CA-2016-121188,OFF-ST-10000736,728.82,9,0.00,29.15,West,Office Supplies
CA-2016-121188-3,CA-2016-121188,OFF-BI-10001617,41.36,5,0.20,13.96,West,Office Supplies
CA-2016-121188-4,CA-2016-121188,TEC-PH-10003589,43.18,3,0.20,15.11,West,Technology
CA-2016-121188-5,CA-2016-121188,FUR-FU-10003981,4.16,2,0.00,1.75,West,Furniture
CA-2016-156013-0,CA-2016-156013,OFF-PA-10001970,61.40,5,0.00,28.86,East,Office Supplies
CA-2016-156013-1,CA-2016-156013,OFF-BI-10002437,24.45,2,0.20,8.86,East,Office Supplies
CA-2017-132997-0,CA-2017-132997,TEC-PH-10000586,263.96,4,0.00,71.27,East,Technology
CA-2017-132997-1,CA-2017-132997,TEC-PH-10003811,359.97,3,0.00,100.79,East,Technology
CA-2017-132997-2,CA-2017-132997,OFF-PA-10004983,12.96,2,0.00,6.22,East,Office Supplies
CA-2017-132997-3,CA-2017-132997,OFF-ST-10003479,116.82,3,0.00,5.84,East,Office Supplies
CA-2017-132997-4,CA-2017-132997,OFF-BI-10004318,276.78,2,0.20,89.95,East,Office Supplies
US-2016-160563-0,US-2016-160563,TEC-AC-10002567,239.97,3,0.00,86.39,West,Technology
US-2016-160563-1,US-2016-160563,FUR-FU-10001731,16.02,6,0.00,6.09,West,Furniture
CA-2018-151750-0,CA-2018-151750,OFF-ST-10002743,454.56,5,0.20,-107.96,Central,Office Supplies
CA-2018-151750-1,CA-2018-151750,FUR-FU-10002116,141.42,5,0.60,-187.38,Central,Furniture
CA-2018-151750-2,CA-2018-151750,FUR-CH-10003199,310.74,4,0.30,-26.64,Central,Furniture
CA-2018-151750-3,CA-2018-151750,OFF-AR-10003158,12.74,4,0.20,2.23,Central,Office Supplies
CA-2018-151750-4,CA-2018-151750,OFF-BI-10000301,6.47,5,0.80,-9.71,Central,Office Supplies
CA-2018-151750-5,CA-2018-151750,OFF-BI-10000343,13.75,14,0.80,-22.68,Central,Office Supplies
CA-2018-151750-6,CA-2018-151750,OFF-AP-10004708,15.22,2,0.80,-38.82,Central,Office Supplies
CA-2016-106187-0,CA-2016-106187,FUR-FU-10000794,27.42,3,0.00,9.32,South,Furniture
CA-2016-106187-1,CA-2016-106187,OFF-BI-10004519,165.98,1,0.00,74.69,South,Office Supplies
CA-2016-106187-2,CA-2016-106187,TEC-AC-10001590,75.00,3,0.00,18.00,South,Technology
US-2017-164945-0,US-2017-164945,OFF-BI-10001524,134.27,8,0.20,47.00,East,Office Supplies
CA-2016-150714-0,CA-2016-150714,OFF-LA-10001474,146.54,6,0.20,47.63,West,Office Supplies
CA-2016-150714-1,CA-2016-150714,OFF-PA-10001497,131.90,3,0.20,47.82,West,Office Supplies
CA-2016-150714-2,CA-2016-150714,OFF-AP-10003287,203.88,5,0.20,20.39,West,Office Supplies
CA-2016-150714-3,CA-2016-150714,OFF-BI-10002982,14.30,7,0.70,-10.49,West,Office Supplies
CA-2016-150714-4,CA-2016-150714,OFF-ST-10001809,718.64,10,0.20,-161.69,West,Office Supplies
CA-2017-105753-0,CA-2017-105753,FUR-FU-10000246,61.10,5,0.00,18.33,South,Furniture
CA-2018-120894-0,CA-2018-120894,OFF-AP-10000252,28.08,3,0.20,5.26,South,Office Supplies
CA-2017-106621-0,CA-2017-106621,OFF-AR-10002375,10.50,4,0.20,1.18,West,Office Supplies
CA-2016-107020-0,CA-2016-107020,OFF-BI-10003719,39.92,2,0.20,12.97,West,Office Supplies
US-2016-117492-0,US-2016-117492,OFF-AP-10001492,77.58,9,0.00,20.17,East,Office Supplies
CA-2015-101392-0,CA-2015-101392,OFF-ST-10000532,269.36,7,0.00,70.03,West,Office Supplies
CA-2016-127502-0,CA-2016-127502,OFF-LA-10001613,5.76,2,0.00,2.82,West,Office Supplies
CA-2018-143658-0,CA-2018-143658,OFF-AR-10002818,109.90,5,0.00,32.97,East,Office Supplies
CA-2018-133046-0,CA-2018-133046,FUR-FU-10001940,23.88,3,0.00,10.51,West,Furniture
CA-2018-133046-1,CA-2018-133046,OFF-PA-10003883,26.20,4,0.00,12.05,West,Office Supplies
CA-2018-133046-2,CA-2018-133046,OFF-PA-10002787,12.96,2,0.00,6.22,West,Office Supplies
CA-2018-133046-3,CA-2018-133046,TEC-AC-10000991,234.95,5,0.00,32.89,West,Technology
CA-2018-122798-0,CA-2018-122798,OFF-ST-10003058,118.25,5,0.00,34.29,West,Office Supplies
CA-2018-122798-1,CA-2018-122798,OFF-PA-10004239,4.28,1,0.00,1.93,West,Office Supplies
CA-2017-169663-0,CA-2017-169663,TEC-AC-10003038,26.85,3,0.00,5.10,West,Technology
CA-2017-169663-1,CA-2017-169663,TEC-MA-10000984,3357.60,3,0.20,377.73,West,Technology
CA-2016-149846-0,CA-2016-149846,OFF-LA-10004484,8.26,2,0.00,3.80,West,Office Supplies
CA-2016-149846-1,CA-2016-149846,TEC-MA-10004002,2973.32,7,0.20,334.50,West,Technology
CA-2016-149846-2,CA-2016-149846,OFF-ST-10002406,104.79,7,0.00,29.34,West,Office Supplies
CA-2016-149846-3,CA-2016-149846,TEC-PH-10003645,775.73,6,0.20,58.18,West,Technology
CA-2018-159149-0,CA-2018-159149,FUR-BO-10001601,89.07,1,0.32,-17.03,Central,Furniture
CA-2018-159149-1,CA-2018-159149,OFF-AR-10000937,175.44,6,0.20,52.63,Central,Office Supplies
CA-2018-159149-2,CA-2018-159149,TEC-PH-10000038,438.34,4,0.20,-87.67,Central,Technology
US-2018-167570-0,US-2018-167570,FUR-CH-10003396,215.54,4,0.30,-58.50,East,Furniture
CA-2018-160122-0,CA-2018-160122,OFF-EN-10002592,55.58,6,0.20,20.84,Central,Office Supplies
CA-2018-160122-1,CA-2018-160122,FUR-CH-10000422,127.39,2,0.30,-25.48,Central,Furniture
CA-2017-130393-0,CA-2017-130393,FUR-CH-10002647,248.43,5,0.30,-17.75,Central,Furniture
CA-2017-130393-1,CA-2017-130393,OFF-AP-10004859,11.65,4,0.80,-30.87,Central,Office Supplies
CA-2017-130393-2,CA-2017-130393,FUR-CH-10004477,85.25,2,0.30,-1.22,Central,Furniture
CA-2018-144820-0,CA-2018-144820,OFF-AR-10004817,20.64,5,0.20,2.32,Central,Office Supplies
CA-2018-101014-0,CA-2018-101014,FUR-FU-10003374,148.02,3,0.00,41.45,West,Furniture
CA-2018-105543-0,CA-2018-105543,OFF-ST-10003123,33.29,1,0.00,7.99,Central,Office Supplies
US-2018-113201-0,US-2018-113201,OFF-PA-10000675,204.95,5,0.00,100.43,West,Office Supplies
US-2018-106551-0,US-2018-106551,FUR-CH-10004997,526.34,4,0.30,-75.19,Central,Furniture
CA-2017-116722-0,CA-2017-116722,FUR-FU-10001934,41.96,2,0.00,10.91,West,Furniture
CA-2017-116722-1,CA-2017-116722,FUR-CH-10004997,451.15,3,0.20,0.00,West,Furniture
CA-2017-116722-2,CA-2017-116722,OFF-BI-10001890,31.50,11,0.20,11.03,West,Office Supplies
CA-2015-138128-0,CA-2015-138128,OFF-EN-10002500,30.67,3,0.20,9.59,East,Office Supplies
CA-2015-138128-1,CA-2015-138128,TEC-CO-10001766,1079.98,4,0.40,126.00,East,Technology
US-2018-150070-0,US-2018-150070,FUR-CH-10004860,161.57,2,0.20,-28.27,West,Furniture
CA-2016-137064-0,CA-2016-137064,OFF-BI-10002049,2.93,3,0.80,-4.99,Central,Office Supplies
CA-2016-137064-1,CA-2016-137064,TEC-AC-10003499,18.53,2,0.20,4.40,Central,Technology
CA-2016-137064-2,CA-2016-137064,OFF-ST-10003470,670.75,3,0.20,-125.77,Central,Office Supplies
CA-2018-157350-0,CA-2018-157350,FUR-FU-10000222,64.96,5,0.60,-43.85,Central,Furniture
CA-2015-127866-0,CA-2015-127866,TEC-AC-10000023,41.94,2,0.00,15.10,West,Technology
CA-2015-127866-1,CA-2015-127866,OFF-PA-10003971,11.96,2,0.00,5.86,West,Office Supplies
CA-2015-127866-2,CA-2015-127866,OFF-AR-10003481,13.12,4,0.00,3.80,West,Office Supplies
CA-2015-127866-3,CA-2015-127866,OFF-ST-10001490,535.41,3,0.00,160.62,West,Office Supplies
CA-2016-131352-0,CA-2016-131352,FUR-FU-10003708,72.78,3,0.60,-70.96,Central,Furniture
CA-2016-121776-0,CA-2016-121776,OFF-PA-10001970,36.84,3,0.00,17.31,West,Office Supplies
CA-2016-121776-1,CA-2016-121776,OFF-LA-10002762,87.71,7,0.00,41.22,West,Office Supplies
CA-2017-118073-0,CA-2017-118073,FUR-TA-10002533,562.29,7,0.45,-255.59,South,Furniture
CA-2015-103219-0,CA-2015-103219,FUR-FU-10004091,56.52,9,0.00,21.48,East,Furniture
CA-2017-102561-0,CA-2017-102561,OFF-AR-10001545,11.26,8,0.20,1.27,East,Office Supplies
CA-2017-102561-1,CA-2017-102561,OFF-ST-10001476,284.08,10,0.20,24.86,East,Office Supplies
CA-2017-102561-2,CA-2017-102561,OFF-PA-10004971,18.50,4,0.20,6.70,East,Office Supplies
CA-2017-100993-0,CA-2017-100993,OFF-LA-10003223,14.73,3,0.00,7.22,West,Office Supplies
CA-2017-100993-1,CA-2017-100993,OFF-ST-10004340,186.54,3,0.00,50.37,West,Office Supplies
CA-2017-100993-2,CA-2017-100993,FUR-TA-10001095,557.73,4,0.20,6.97,West,Furniture
CA-2017-100993-3,CA-2017-100993,TEC-PH-10001448,159.97,4,0.20,-31.99,West,Technology
US-2015-112949-0,US-2015-112949,OFF-AP-10001005,471.90,6,0.00,155.73,Central,Office Supplies
US-2015-112949-1,US-2015-112949,OFF-AR-10003469,3.52,2,0.00,1.69,Central,Office Supplies
US-2018-146822-0,US-2018-146822,OFF-PA-10000249,49.12,4,0.00,23.09,South,Office Supplies
US-2017-131058-0,US-2017-131058,OFF-LA-10001613,20.16,7,0.00,9.88,West,Office Supplies
CA-2015-167997-0,CA-2015-167997,OFF-BI-10001758,10.68,2,0.00,5.02,Central,Office Supplies
CA-2015-167997-1,CA-2015-167997,FUR-BO-10004409,141.96,2,0.00,39.75,Central,Furniture
CA-2018-140151-0,CA-2018-140151,OFF-ST-10001558,32.48,2,0.00,4.87,West,Office Supplies
CA-2018-140151-1,CA-2018-140151,OFF-PA-10002986,20.04,3,0.00,9.62,West,Office Supplies
CA-2018-140151-2,CA-2018-140151,TEC-CO-10004722,13999.96,4,0.00,6719.98,West,Technology
US-2018-143770-0,US-2018-143770,TEC-AC-10002842,238.00,2,0.00,38.08,East,Technology
US-2018-143770-1,US-2018-143770,OFF-PA-10001125,61.96,2,0.00,27.88,East,Office Supplies
CA-2017-131296-0,CA-2017-131296,FUR-TA-10002622,239.37,2,0.30,-23.94,East,Furniture
CA-2017-103464-0,CA-2017-103464,TEC-AC-10002842,595.00,5,0.00,95.20,West,Technology
CA-2018-136238-0,CA-2018-136238,OFF-PA-10004285,16.03,3,0.20,5.61,Central,Office Supplies
CA-2017-120803-0,CA-2017-120803,TEC-AC-10004469,199.75,5,0.00,87.89,East,Technology
CA-2017-134138-0,CA-2017-134138,FUR-CH-10001545,227.96,2,0.00,36.47,East,Furniture
CA-2016-120915-0,CA-2016-120915,OFF-AP-10002578,293.52,6,0.00,76.32,East,Office Supplies
CA-2016-120915-1,CA-2016-120915,TEC-PH-10003012,307.98,2,0.00,89.31,East,Technology
CA-2016-168207-0,CA-2016-168207,FUR-FU-10004909,96.96,6,0.00,33.94,West,Furniture
CA-2016-168207-1,CA-2016-168207,OFF-BI-10001524,117.49,7,0.20,41.12,West,Office Supplies
CA-2016-168207-2,CA-2016-168207,OFF-BI-10003355,11.95,3,0.20,4.18,West,Office Supplies
CA-2016-168207-3,CA-2016-168207,FUR-BO-10004357,512.50,3,0.15,-30.15,West,Furniture
CA-2017-144148-0,CA-2017-144148,FUR-TA-10002774,863.13,7,0.20,-32.37,West,Furniture
CA-2018-107174-0,CA-2018-107174,FUR-TA-10004575,2036.86,7,0.00,366.63,West,Furniture
CA-2018-107174-1,CA-2018-107174,FUR-CH-10003312,449.57,2,0.20,-73.05,West,Furniture
CA-2018-107174-2,CA-2018-107174,TEC-AC-10001465,108.96,3,0.00,32.69,West,Technology
CA-2017-146150-0,CA-2017-146150,OFF-AR-10002240,264.18,7,0.00,68.69,South,Office Supplies
CA-2015-114125-0,CA-2015-114125,OFF-LA-10004559,2.88,1,0.00,1.41,West,Office Supplies
CA-2015-114125-1,CA-2015-114125,OFF-BI-10003291,41.90,6,0.20,14.14,West,Office Supplies
CA-2015-114125-2,CA-2015-114125,OFF-ST-10001505,23.92,4,0.00,4.07,West,Office Supplies
CA-2017-114944-0,CA-2017-114944,OFF-PA-10003892,156.51,4,0.20,52.82,Central,Office Supplies
CA-2017-135965-0,CA-2017-135965,OFF-ST-10002370,128.34,6,0.00,37.22,East,Office Supplies
CA-2018-149699-0,CA-2018-149699,TEC-AC-10000474,474.95,5,0.00,142.49,West,Technology
CA-2017-166429-0,CA-2017-166429,TEC-CO-10002095,999.98,2,0.00,449.99,West,Technology
CA-2016-112767-0,CA-2016-112767,FUR-TA-10003469,277.50,4,0.50,-188.70,West,Furniture
CA-2016-119879-0,CA-2016-119879,FUR-TA-10002958,1252.70,8,0.40,-480.20,East,Furniture
CA-2016-119879-1,CA-2016-119879,TEC-PH-10002923,110.97,5,0.40,-24.04,East,Technology
CA-2018-155642-0,CA-2018-155642,FUR-FU-10004973,22.61,3,0.60,-10.17,Central,Furniture
CA-2018-155642-1,CA-2018-155642,FUR-FU-10001918,1.89,1,0.60,-0.99,Central,Furniture
US-2018-101721-0,US-2018-101721,OFF-PA-10003641,63.31,3,0.20,20.58,Central,Office Supplies
CA-2016-136728-0,CA-2016-136728,OFF-EN-10002621,7.82,1,0.20,2.93,Central,Office Supplies
CA-2016-136728-1,CA-2016-136728,FUR-CH-10003817,170.07,4,0.30,-12.15,Central,Furniture
CA-2017-127194-0,CA-2017-127194,OFF-PA-10000659,62.82,9,0.00,29.53,East,Office Supplies
CA-2016-140375-0,CA-2016-140375,OFF-PA-10001870,19.44,3,0.00,9.33,East,Office Supplies
CA-2016-140375-1,CA-2016-140375,OFF-BI-10000320,7.38,1,0.00,3.62,East,Office Supplies
US-2018-155866-0,US-2018-155866,OFF-PA-10004735,38.88,6,0.00,18.66,East,Office Supplies
US-2018-155866-1,US-2018-155866,FUR-FU-10004091,187.76,4,0.00,76.98,East,Furniture
CA-2016-141327-0,CA-2016-141327,OFF-BI-10000546,6.05,7,0.70,-4.23,South,Office Supplies
CA-2016-141327-1,CA-2016-141327,OFF-AP-10001293,98.35,3,0.20,9.84,South,Office Supplies
CA-2016-141327-2,CA-2016-141327,FUR-FU-10000576,335.74,2,0.20,25.18,South,Furniture
CA-2016-136700-0,CA-2016-136700,OFF-PA-10004519,8.96,2,0.00,4.39,West,Office Supplies
CA-2018-102736-0,CA-2018-102736,TEC-AC-10004568,89.57,4,0.20,-1.12,South,Technology
CA-2018-102736-1,CA-2018-102736,OFF-AR-10001897,71.96,5,0.20,7.20,South,Office Supplies
CA-2018-102736-2,CA-2018-102736,OFF-PA-10001800,15.55,3,0.20,5.44,South,Office Supplies
CA-2018-125269-0,CA-2018-125269,OFF-BI-10001628,10.43,5,0.80,-18.25,Central,Office Supplies
CA-2018-125269-1,CA-2018-125269,OFF-ST-10004123,72.78,1,0.20,-18.20,Central,Office Supplies
CA-2016-114811-0,CA-2016-114811,OFF-ST-10000885,67.15,5,0.00,16.79,East,Office Supplies
CA-2016-114811-1,CA-2016-114811,TEC-PH-10004165,549.98,2,0.00,142.99,East,Technology
CA-2016-114811-2,CA-2016-114811,FUR-FU-10002240,11.82,3,0.00,4.73,East,Furniture
CA-2016-114811-3,CA-2016-114811,TEC-MA-10000045,4643.80,4,0.00,2229.02,East,Technology
CA-2016-114811-4,CA-2016-114811,FUR-CH-10003746,577.76,2,0.10,115.55,East,Furniture
CA-2016-122266-0,CA-2016-122266,FUR-TA-10000577,191.52,1,0.45,-76.61,South,Furniture
CA-2016-122266-1,CA-2016-122266,OFF-AR-10004757,2.62,1,0.20,0.43,South,Office Supplies
CA-2016-141565-0,CA-2016-141565,OFF-BI-10000545,1369.76,6,0.70,-913.18,South,Office Supplies
CA-2016-141565-1,CA-2016-141565,OFF-ST-10001522,294.37,4,0.20,-58.87,South,Office Supplies
CA-2018-128769-0,CA-2018-128769,OFF-AP-10001271,81.57,2,0.20,7.14,South,Office Supplies
CA-2017-116337-0,CA-2017-116337,FUR-FU-10002030,44.46,5,0.60,-17.78,Central,Furniture
CA-2017-116337-1,CA-2017-116337,OFF-ST-10001272,314.09,3,0.20,19.63,Central,Office Supplies
CA-2016-120845-0,CA-2016-120845,OFF-BI-10001116,6.34,4,0.70,-4.65,South,Office Supplies
CA-2016-120845-1,CA-2016-120845,OFF-PA-10004665,10.48,1,0.20,3.80,South,Office Supplies
CA-2016-120845-2,CA-2016-120845,OFF-BI-10004506,2.47,1,0.70,-1.81,South,Office Supplies
CA-2016-120845-3,CA-2016-120845,OFF-BI-10001982,3.26,2,0.70,-2.28,South,Office Supplies
CA-2015-120775-0,CA-2015-120775,OFF-FA-10002676,4.34,3,0.20,0.87,Central,Office Supplies
CA-2015-120775-1,CA-2015-120775,FUR-FU-10000758,31.78,3,0.60,-19.07,Central,Furniture
CA-2015-120775-2,CA-2015-120775,OFF-LA-10002271,4.93,2,0.20,1.72,Central,Office Supplies
CA-2015-120775-3,CA-2015-120775,OFF-BI-10002609,1.79,3,0.80,-3.04,Central,Office Supplies
CA-2015-120775-4,CA-2015-120775,OFF-FA-10000254,15.07,4,0.20,-3.77,Central,Office Supplies
CA-2015-152905-0,CA-2015-152905,OFF-ST-10000321,12.62,2,0.20,-2.52,Central,Office Supplies
CA-2017-104633-0,CA-2017-104633,OFF-PA-10000241,185.88,6,0.00,83.65,West,Office Supplies
CA-2017-104633-1,CA-2017-104633,OFF-PA-10004782,12.96,2,0.00,6.22,West,Office Supplies
CA-2018-104136-0,CA-2018-104136,OFF-PA-10004243,189.70,10,0.00,91.06,East,Office Supplies
CA-2018-104136-1,CA-2018-104136,OFF-PA-10001033,40.99,1,0.00,20.09,East,Office Supplies
CA-2017-123050-0,CA-2017-123050,FUR-FU-10000723,82.64,2,0.00,7.44,East,Furniture
CA-2017-123050-1,CA-2017-123050,OFF-ST-10003455,31.02,2,0.00,8.07,East,Office Supplies
CA-2017-123050-2,CA-2017-123050,TEC-AC-10001109,89.97,3,0.00,37.79,East,Technology
CA-2017-162355-0,CA-2017-162355,OFF-AR-10004344,35.97,3,0.00,9.71,South,Office Supplies
CA-2017-162355-1,CA-2017-162355,FUR-BO-10004695,1266.86,7,0.00,291.38,South,Furniture
CA-2015-158225-0,CA-2015-158225,OFF-ST-10000675,169.45,5,0.00,42.36,West,Office Supplies
CA-2015-158225-1,CA-2015-158225,OFF-ST-10002301,40.68,2,0.00,0.41,West,Office Supplies
CA-2018-102204-0,CA-2018-102204,OFF-SU-10001212,3.33,2,0.20,0.42,South,Office Supplies
CA-2018-102204-1,CA-2018-102204,FUR-TA-10001889,933.26,4,0.45,-458.15,South,Furniture
CA-2018-102204-2,CA-2018-102204,FUR-CH-10002024,2803.92,5,0.20,0.00,South,Furniture
CA-2018-103065-0,CA-2018-103065,OFF-ST-10000617,4.77,2,0.20,-0.77,South,Office Supplies
CA-2018-103065-1,CA-2018-103065,OFF-PA-10000380,6.67,1,0.20,2.50,South,Office Supplies
CA-2018-103065-2,CA-2018-103065,OFF-AR-10003251,4.45,2,0.20,1.11,South,Office Supplies
CA-2018-103065-3,CA-2018-103065,FUR-FU-10000175,43.94,4,0.20,6.04,South,Furniture
CA-2015-109855-0,CA-2015-109855,OFF-BI-10004716,23.74,2,0.20,8.31,East,Office Supplies
CA-2015-109855-1,CA-2015-109855,TEC-AC-10002842,357.00,3,0.00,57.12,East,Technology
CA-2015-109897-0,CA-2015-109897,TEC-PH-10003691,806.34,8,0.20,50.40,West,Technology
CA-2015-109897-1,CA-2015-109897,FUR-FU-10002878,85.44,3,0.00,31.61,West,Furniture
US-2015-143581-0,US-2015-143581,OFF-ST-10000991,344.91,3,0.00,10.35,South,Office Supplies
CA-2016-129217-0,CA-2016-129217,OFF-AP-10002439,70.97,5,0.80,-191.62,Central,Office Supplies
CA-2016-129217-1,CA-2016-129217,OFF-AR-10004602,36.78,2,0.20,3.68,Central,Office Supplies
CA-2017-133816-0,CA-2017-133816,TEC-PH-10001795,743.99,2,0.40,-124.00,East,Technology
CA-2016-140221-0,CA-2016-140221,OFF-BI-10002854,11.21,2,0.80,-16.82,Central,Office Supplies
CA-2016-140221-1,CA-2016-140221,FUR-FU-10000023,4.71,2,0.60,-1.88,Central,Furniture
CA-2016-140221-2,CA-2016-140221,OFF-AP-10000828,180.98,5,0.80,-470.55,Central,Office Supplies
CA-2016-140221-3,CA-2016-140221,OFF-ST-10000777,60.42,2,0.20,6.04,Central,Office Supplies
CA-2018-152310-0,CA-2018-152310,TEC-CO-10000971,299.99,1,0.00,90.00,West,Technology
CA-2018-152310-1,CA-2018-152310,OFF-PA-10003134,192.16,4,0.00,92.24,West,Office Supplies
CA-2018-152310-2,CA-2018-152310,TEC-PH-10002538,242.62,8,0.20,27.30,West,Technology
CA-2018-152310-3,CA-2018-152310,OFF-ST-10001228,46.74,3,0.00,11.69,West,Office Supplies
CA-2018-152310-4,CA-2018-152310,TEC-AC-10000397,174.95,5,0.00,12.25,West,Technology
CA-2018-152310-5,CA-2018-152310,OFF-BI-10004308,100.70,6,0.20,37.76,West,Office Supplies
CA-2017-118101-0,CA-2017-118101,OFF-PA-10000357,368.91,9,0.00,180.77,Central,Office Supplies
CA-2017-118101-1,CA-2017-118101,OFF-BI-10000773,8.02,1,0.00,3.77,Central,Office Supplies
CA-2017-118101-2,CA-2017-118101,OFF-ST-10001837,171.04,4,0.00,44.47,Central,Office Supplies
CA-2017-100307-0,CA-2017-100307,OFF-PA-10002552,19.44,3,0.00,9.33,South,Office Supplies
CA-2016-138457-0,CA-2016-138457,OFF-BI-10000014,13.09,4,0.70,-10.04,South,Office Supplies
CA-2015-131800-0,CA-2015-131800,OFF-AP-10004136,122.94,3,0.00,30.73,East,Office Supplies
CA-2015-131800-1,CA-2015-131800,OFF-BI-10003429,35.45,7,0.20,12.85,East,Office Supplies
CA-2015-118304-0,CA-2015-118304,TEC-PH-10000376,19.98,2,0.00,5.19,East,Technology
CA-2018-121790-0,CA-2018-121790,FUR-TA-10003469,69.38,1,0.50,-47.17,Central,Furniture
CA-2018-121790-1,CA-2018-121790,OFF-SU-10004231,31.68,4,0.20,2.77,Central,Office Supplies
CA-2018-121790-2,CA-2018-121790,TEC-PH-10002584,2003.17,4,0.20,250.40,Central,Technology
CA-2018-121790-3,CA-2018-121790,OFF-AR-10003602,9.34,2,0.20,3.15,Central,Office Supplies
CA-2017-169670-0,CA-2017-169670,FUR-CH-10002331,2563.06,8,0.10,313.26,East,Furniture
CA-2017-139549-0,CA-2017-139549,FUR-CH-10001802,387.14,4,0.20,4.84,West,Furniture
CA-2016-104059-0,CA-2016-104059,OFF-AR-10000634,3.42,1,0.20,0.30,East,Office Supplies
CA-2018-164112-0,CA-2018-164112,OFF-ST-10002615,1085.42,7,0.00,282.21,East,Office Supplies
CA-2016-143882-0,CA-2016-143882,OFF-PA-10004040,43.06,9,0.20,15.61,East,Office Supplies
US-2017-139262-0,US-2017-139262,OFF-BI-10003727,3.76,3,0.70,-2.76,South,Office Supplies
US-2017-139262-1,US-2017-139262,OFF-BI-10002026,34.86,2,0.70,-26.73,South,Office Supplies
US-2017-139262-2,US-2017-139262,OFF-ST-10001496,432.46,3,0.20,32.43,South,Office Supplies
CA-2018-146192-0,CA-2018-146192,OFF-ST-10003716,675.06,3,0.00,87.76,South,Office Supplies
CA-2018-134810-0,CA-2018-134810,OFF-EN-10002504,65.23,3,0.20,22.02,South,Office Supplies
CA-2018-134810-1,CA-2018-134810,FUR-CH-10001270,207.00,3,0.20,25.88,South,Furniture
CA-2016-154284-0,CA-2016-154284,TEC-MA-10004241,600.53,2,0.30,137.26,Central,Technology
CA-2016-154284-1,CA-2016-154284,OFF-AR-10001468,59.90,2,0.20,14.23,Central,Office Supplies
CA-2016-154284-2,CA-2016-154284,TEC-AC-10003198,637.44,8,0.20,135.46,Central,Technology
CA-2016-154284-3,CA-2016-154284,FUR-FU-10003039,51.76,3,0.60,-33.64,Central,Furniture
CA-2015-156244-0,CA-2015-156244,OFF-PA-10000295,31.10,6,0.20,10.89,South,Office Supplies
CA-2015-156244-1,CA-2015-156244,OFF-AR-10004344,47.96,5,0.20,4.20,South,Office Supplies
CA-2015-156244-2,CA-2015-156244,TEC-AC-10002473,158.93,7,0.20,41.72,South,Technology
CA-2015-156244-3,CA-2015-156244,OFF-AP-10002403,211.25,6,0.20,15.84,South,Office Supplies
CA-2015-156244-4,CA-2015-156244,OFF-SU-10000432,5.55,2,0.20,-1.04,South,Office Supplies
CA-2015-156244-5,CA-2015-156244,OFF-LA-10000443,2.95,1,0.20,1.00,South,Office Supplies
CA-2016-106362-0,CA-2016-106362,OFF-BI-10003166,10.33,3,0.70,-7.58,East,Office Supplies
US-2018-168802-0,US-2018-168802,OFF-BI-10002393,18.37,4,0.20,5.97,West,Office Supplies
US-2018-146906-0,US-2018-146906,TEC-PH-10001809,299.90,2,0.00,74.97,East,Technology
CA-2017-166380-0,CA-2017-166380,OFF-EN-10002600,26.55,9,0.00,12.74,South,Office Supplies
CA-2017-166380-1,CA-2017-166380,TEC-AC-10000109,111.98,2,0.00,26.88,South,Technology
US-2016-158911-0,US-2016-158911,FUR-FU-10003829,4.93,2,0.20,0.74,South,Furniture
US-2016-158911-1,US-2016-158911,OFF-LA-10003223,11.78,3,0.20,4.27,South,Office Supplies
US-2015-103338-0,US-2015-103338,OFF-AR-10001770,7.98,3,0.00,2.07,West,Office Supplies
CA-2016-109169-0,CA-2016-109169,OFF-EN-10003296,180.96,2,0.00,81.43,Central,Office Supplies
US-2018-167318-0,US-2018-167318,TEC-AC-10003870,1649.95,5,0.00,659.98,West,Technology
US-2018-167318-1,US-2018-167318,FUR-CH-10000665,362.35,3,0.20,45.29,West,Furniture
US-2015-120313-0,US-2015-120313,TEC-PH-10003092,73.58,2,0.20,8.28,West,Technology
CA-2018-135419-0,CA-2018-135419,FUR-TA-10001086,486.37,4,0.20,36.48,West,Furniture
CA-2017-128671-0,CA-2017-128671,OFF-PA-10001870,32.40,5,0.00,15.55,Central,Office Supplies
CA-2017-128671-1,CA-2017-128671,OFF-BI-10003305,41.86,7,0.00,19.26,Central,Office Supplies
CA-2017-128671-2,CA-2017-128671,OFF-BI-10003007,77.56,2,0.00,35.68,Central,Office Supplies
CA-2017-149335-0,CA-2017-149335,OFF-AR-10001419,37.17,9,0.00,11.15,West,Office Supplies
CA-2015-168312-0,CA-2015-168312,OFF-ST-10003692,137.35,3,0.20,8.58,Central,Office Supplies
CA-2015-168312-1,CA-2015-168312,FUR-TA-10001866,376.51,3,0.30,-43.03,Central,Furniture
US-2018-105935-0,US-2018-105935,FUR-FU-10002157,62.72,4,0.00,24.46,South,Furniture
US-2018-105935-1,US-2018-105935,TEC-PH-10001459,2939.93,7,0.00,764.38,South,Technology
CA-2015-161508-0,CA-2015-161508,FUR-CH-10002126,512.36,3,0.30,-14.64,Central,Furniture
CA-2015-161508-1,CA-2015-161508,OFF-FA-10001561,3.49,2,0.20,0.57,Central,Office Supplies
CA-2015-161508-2,CA-2015-161508,OFF-AR-10003158,22.29,7,0.20,3.90,Central,Office Supplies
CA-2015-161508-3,CA-2015-161508,OFF-PA-10001804,16.03,3,0.20,5.61,Central,Office Supplies
CA-2018-130904-0,CA-2018-130904,OFF-AR-10000422,1.75,1,0.20,0.15,South,Office Supplies
CA-2018-130904-1,CA-2018-130904,OFF-AR-10000127,20.99,8,0.20,2.36,South,Office Supplies
CA-2018-133620-0,CA-2018-133620,OFF-ST-10004634,11.21,1,0.00,3.36,East,Office Supplies
CA-2016-142937-0,CA-2016-142937,OFF-AR-10003582,45.04,2,0.20,4.50,Central,Office Supplies
US-2017-149790-0,US-2017-149790,OFF-BI-10002026,15.62,2,0.80,-25.00,Central,Office Supplies
CA-2017-130778-0,CA-2017-130778,OFF-AP-10000595,8.74,2,0.00,2.27,East,Office Supplies
CA-2017-130778-1,CA-2017-130778,OFF-PA-10001509,44.75,5,0.00,20.59,East,Office Supplies
CA-2018-144456-0,CA-2018-144456,OFF-ST-10001321,61.68,5,0.20,5.40,South,Office Supplies
CA-2018-144456-1,CA-2018-144456,TEC-PH-10001750,158.38,3,0.20,13.86,South,Technology
CA-2018-103478-0,CA-2018-103478,OFF-BI-10001890,2.86,4,0.80,-4.58,Central,Office Supplies
CA-2018-103478-1,CA-2018-103478,OFF-BI-10004224,94.19,7,0.80,-164.84,Central,Office Supplies
CA-2018-118577-0,CA-2018-118577,OFF-PA-10001357,143.70,3,0.00,68.98,East,Office Supplies
CA-2018-118577-1,CA-2018-118577,OFF-PA-10004888,6.48,1,0.00,3.11,East,Office Supplies
CA-2018-113572-0,CA-2018-113572,TEC-AC-10002370,7.88,4,0.00,2.52,East,Technology
CA-2017-153269-0,CA-2017-153269,OFF-ST-10004634,11.21,1,0.00,3.36,East,Office Supplies
CA-2017-153269-1,CA-2017-153269,FUR-CH-10002647,354.90,5,0.00,88.72,East,Furniture
CA-2017-153269-2,CA-2017-153269,OFF-PA-10001801,17.94,3,0.00,8.79,East,Office Supplies
CA-2017-153269-3,CA-2017-153269,OFF-BI-10004632,51.80,4,0.00,23.31,East,Office Supplies
CA-2018-161655-0,CA-2018-161655,OFF-BI-10002082,299.52,9,0.00,149.76,East,Office Supplies
CA-2017-101469-0,CA-2017-101469,OFF-AR-10003986,7.70,2,0.00,3.16,South,Office Supplies
CA-2015-153087-0,CA-2015-153087,OFF-PA-10001243,23.92,4,0.00,11.72,South,Office Supplies
CA-2015-153087-1,CA-2015-153087,TEC-AC-10003198,498.00,5,0.00,184.26,South,Technology
CA-2018-135076-0,CA-2018-135076,FUR-CH-10003774,436.70,6,0.20,-38.21,West,Furniture
CA-2015-161634-0,CA-2015-161634,OFF-PA-10002262,32.40,5,0.00,15.55,South,Office Supplies
CA-2018-141481-0,CA-2018-141481,OFF-AP-10004532,61.44,3,0.00,16.59,West,Office Supplies
CA-2017-132549-0,CA-2017-132549,OFF-ST-10001325,73.36,7,0.00,19.81,South,Office Supplies
US-2015-155544-0,US-2015-155544,OFF-LA-10004544,59.20,5,0.20,22.20,South,Office Supplies
US-2015-155544-1,US-2015-155544,FUR-FU-10001473,32.95,3,0.20,6.59,South,Furniture
US-2015-155544-2,US-2015-155544,FUR-CH-10000422,218.38,3,0.20,-10.92,South,Furniture
US-2016-115238-0,US-2016-115238,FUR-FU-10002960,31.40,5,0.00,13.19,East,Furniture
US-2016-115238-1,US-2016-115238,FUR-FU-10002445,9.48,1,0.00,3.79,East,Furniture
US-2016-115238-2,US-2016-115238,TEC-PH-10001300,209.50,10,0.00,58.66,East,Technology
US-2016-115238-3,US-2016-115238,FUR-FU-10001025,24.30,5,0.00,10.45,East,Furniture
US-2016-115238-4,US-2016-115238,OFF-PA-10002689,6.48,1,0.00,3.11,East,Office Supplies
CA-2018-132199-0,CA-2018-132199,FUR-FU-10004245,32.45,2,0.20,7.30,East,Furniture
CA-2018-132199-1,CA-2018-132199,OFF-BI-10003684,26.39,4,0.70,-17.59,East,Office Supplies
CA-2018-132199-2,CA-2018-132199,FUR-TA-10003748,373.47,5,0.40,-112.04,East,Furniture
CA-2018-132199-3,CA-2018-132199,OFF-BI-10002133,64.20,5,0.70,-44.94,East,Office Supplies
CA-2018-132199-4,CA-2018-132199,OFF-FA-10002280,8.00,2,0.20,2.80,East,Office Supplies
CA-2017-163174-0,CA-2017-163174,FUR-FU-10000308,186.54,3,0.00,41.04,South,Furniture
CA-2015-110555-0,CA-2015-110555,OFF-ST-10000876,87.08,7,0.00,24.38,West,Office Supplies
CA-2015-110555-1,CA-2015-110555,TEC-PH-10000586,105.58,2,0.20,9.24,West,Technology
CA-2015-110555-2,CA-2015-110555,TEC-AC-10003399,217.44,6,0.00,91.32,West,Technology
CA-2018-147207-0,CA-2018-147207,OFF-AR-10001955,31.74,2,0.20,3.97,Central,Office Supplies
CA-2018-147207-1,CA-2018-147207,OFF-AP-10000027,5.43,2,0.80,-13.58,Central,Office Supplies
CA-2018-147207-2,CA-2018-147207,FUR-TA-10002958,913.43,5,0.30,-169.64,Central,Furniture
CA-2018-147207-3,CA-2018-147207,OFF-ST-10002615,372.14,3,0.20,27.91,Central,Office Supplies
CA-2018-137631-0,CA-2018-137631,TEC-PH-10002624,751.98,2,0.20,84.60,South,Technology
CA-2018-157273-0,CA-2018-157273,TEC-PH-10002275,604.77,4,0.20,60.48,West,Technology
CA-2015-109918-0,CA-2015-109918,OFF-SU-10004290,27.36,4,0.00,7.39,West,Office Supplies
CA-2015-109918-1,CA-2015-109918,OFF-PA-10000174,20.56,2,0.00,9.66,West,Office Supplies
CA-2015-109918-2,CA-2015-109918,OFF-BI-10004308,83.92,5,0.20,31.47,West,Office Supplies
CA-2017-118745-0,CA-2017-118745,FUR-TA-10003473,902.71,3,0.20,33.85,West,Furniture
CA-2017-163972-0,CA-2017-163972,FUR-BO-10003894,120.67,2,0.15,21.29,West,Furniture
CA-2015-165393-0,CA-2015-165393,OFF-BI-10001658,4.98,1,0.80,-8.47,Central,Office Supplies
CA-2017-113726-0,CA-2017-113726,FUR-FU-10003535,82.26,3,0.00,33.73,West,Furniture
CA-2017-152940-0,CA-2017-152940,OFF-ST-10000352,29.74,1,0.00,4.46,West,Office Supplies
CA-2016-158701-0,CA-2016-158701,OFF-AP-10004859,87.36,6,0.00,23.59,West,Office Supplies
CA-2016-158701-1,CA-2016-158701,OFF-BI-10001294,56.16,6,0.20,17.55,West,Office Supplies
CA-2018-156272-0,CA-2018-156272,OFF-AP-10001242,64.38,1,0.20,8.05,South,Office Supplies
CA-2016-162964-0,CA-2016-162964,OFF-ST-10002344,64.78,1,0.20,-14.58,Central,Office Supplies
CA-2016-162964-1,CA-2016-162964,OFF-PA-10003349,15.55,3,0.20,5.64,Central,Office Supplies
CA-2016-162964-2,CA-2016-162964,OFF-EN-10003055,223.89,7,0.20,69.97,Central,Office Supplies
CA-2015-103527-0,CA-2015-103527,OFF-PA-10001622,10.90,3,0.20,3.40,Central,Office Supplies
CA-2017-134544-0,CA-2017-134544,TEC-PH-10003800,84.78,2,0.20,-20.14,West,Technology
CA-2017-163048-0,CA-2017-163048,FUR-CH-10001270,241.50,4,0.30,0.00,Central,Furniture
CA-2017-145135-0,CA-2017-145135,TEC-AC-10003447,59.97,3,0.00,14.99,East,Technology
CA-2017-145135-1,CA-2017-145135,OFF-PA-10004285,13.36,2,0.00,6.41,East,Office Supplies
CA-2018-137582-0,CA-2018-137582,OFF-BI-10001757,11.81,3,0.20,4.13,West,Office Supplies
CA-2016-149601-0,CA-2016-149601,OFF-ST-10001558,16.24,1,0.00,2.44,East,Office Supplies
CA-2016-149601-1,CA-2016-149601,OFF-ST-10001328,77.55,5,0.00,21.71,East,Office Supplies
CA-2015-139423-0,CA-2015-139423,OFF-AP-10004708,76.12,2,0.00,22.07,East,Office Supplies
CA-2017-102596-0,CA-2017-102596,OFF-FA-10000621,17.18,6,0.20,6.23,East,Office Supplies
CA-2018-153227-0,CA-2018-153227,OFF-PA-10001838,11.76,2,0.00,5.76,West,Office Supplies
CA-2018-110625-0,CA-2018-110625,FUR-FU-10001473,27.46,2,0.00,9.89,East,Furniture
CA-2017-142594-0,CA-2017-142594,TEC-PH-10000193,137.94,3,0.00,35.86,East,Technology
CA-2017-142594-1,CA-2017-142594,FUR-FU-10002045,111.15,5,0.00,48.91,East,Furniture
CA-2017-142594-2,CA-2017-142594,OFF-AP-10002945,901.95,3,0.00,297.64,East,Office Supplies
CA-2017-142594-3,CA-2017-142594,FUR-TA-10001095,366.01,3,0.30,-47.06,East,Furniture
CA-2015-152254-0,CA-2015-152254,OFF-PA-10001144,310.69,7,0.20,108.74,South,Office Supplies
US-2015-120236-0,US-2015-120236,OFF-BI-10004099,7.68,5,0.80,-11.52,Central,Office Supplies
CA-2018-120061-0,CA-2018-120061,FUR-CH-10001973,155.37,2,0.30,-35.51,East,Furniture
CA-2016-133837-0,CA-2016-133837,OFF-ST-10000344,10.74,1,0.20,0.81,West,Office Supplies
CA-2016-110814-0,CA-2016-110814,OFF-BI-10002026,232.40,5,0.20,78.44,East,Office Supplies
CA-2016-110814-1,CA-2016-110814,FUR-CH-10003535,164.65,3,0.10,12.81,East,Furniture
CA-2016-110814-2,CA-2016-110814,OFF-PA-10004156,22.68,2,0.00,11.11,East,Office Supplies
CA-2017-154067-0,CA-2017-154067,OFF-PA-10002254,105.52,4,0.00,48.54,West,Office Supplies
CA-2018-140480-0,CA-2018-140480,FUR-FU-10003247,83.92,4,0.00,5.87,East,Furniture
CA-2018-140480-1,CA-2018-140480,TEC-AC-10002473,141.90,5,0.00,58.18,East,Technology
CA-2018-140480-2,CA-2018-140480,FUR-FU-10001057,39.98,2,0.00,9.20,East,Furniture
CA-2018-140480-3,CA-2018-140480,OFF-AR-10001419,28.91,7,0.00,8.67,East,Office Supplies
CA-2018-140480-4,CA-2018-140480,OFF-AR-10004010,174.95,5,0.00,45.49,East,Office Supplies
CA-2016-134082-0,CA-2016-134082,OFF-BI-10004230,110.53,4,0.20,38.68,West,Office Supplies
CA-2017-130820-0,CA-2017-130820,FUR-TA-10001768,630.02,4,0.40,-199.51,South,Furniture
CA-2017-159765-0,CA-2017-159765,OFF-AR-10003514,27.86,7,0.00,9.19,South,Office Supplies
CA-2018-132290-0,CA-2018-132290,FUR-TA-10002228,933.41,4,0.30,-173.35,Central,Furniture
CA-2017-147109-0,CA-2017-147109,OFF-PA-10001972,51.84,10,0.20,18.14,Central,Office Supplies
CA-2017-147109-1,CA-2017-147109,TEC-AC-10002942,165.60,3,0.20,-6.21,Central,Technology
CA-2018-107265-0,CA-2018-107265,OFF-PA-10000474,106.32,3,0.00,49.97,Central,Office Supplies
CA-2018-118199-0,CA-2018-118199,OFF-BI-10004330,147.92,5,0.20,46.23,West,Office Supplies
CA-2018-118199-1,CA-2018-118199,OFF-ST-10000604,104.28,3,0.00,26.07,West,Office Supplies
CA-2018-118199-2,CA-2018-118199,FUR-TA-10004154,286.85,1,0.00,63.11,West,Furniture
CA-2018-118199-3,CA-2018-118199,OFF-ST-10000636,66.96,4,0.00,2.68,West,Office Supplies
CA-2018-118199-4,CA-2018-118199,TEC-AC-10004171,199.98,2,0.00,87.99,West,Technology
CA-2018-150091-0,CA-2018-150091,TEC-AC-10002167,45.00,3,0.00,4.95,East,Technology
CA-2018-150091-1,CA-2018-150091,OFF-FA-10000621,17.90,5,0.00,8.77,East,Office Supplies
CA-2018-150091-2,CA-2018-150091,FUR-FU-10004053,40.48,2,0.00,17.41,East,Furniture
CA-2018-150091-3,CA-2018-150091,FUR-BO-10003404,2154.90,5,0.00,129.29,East,Furniture
CA-2017-137652-0,CA-2017-137652,OFF-BI-10004099,18.43,8,0.70,-12.29,East,Office Supplies
CA-2016-128356-0,CA-2016-128356,OFF-SU-10004290,10.94,2,0.20,0.96,West,Office Supplies
CA-2018-167017-0,CA-2018-167017,OFF-SU-10001935,4.36,2,0.00,0.17,Central,Office Supplies
US-2018-132220-0,US-2018-132220,TEC-AC-10004227,62.35,6,0.20,-10.91,West,Technology
CA-2017-118129-0,CA-2017-118129,FUR-FU-10004904,303.92,5,0.20,-30.39,East,Furniture
US-2015-113124-0,US-2015-113124,OFF-ST-10001511,129.30,2,0.00,6.46,Central,Office Supplies
CA-2018-155621-0,CA-2018-155621,FUR-FU-10003535,274.20,10,0.00,112.42,East,Furniture
US-2015-127635-0,US-2015-127635,OFF-FA-10000053,6.05,4,0.20,-1.36,Central,Office Supplies
US-2015-127635-1,US-2015-127635,OFF-PA-10004610,6.85,2,0.20,2.14,Central,Office Supplies
US-2015-127635-2,US-2015-127635,FUR-FU-10000550,9.96,5,0.60,-6.72,Central,Furniture
US-2015-127635-3,US-2015-127635,OFF-BI-10001721,8.55,2,0.80,-13.68,Central,Office Supplies
CA-2016-151470-0,CA-2016-151470,OFF-BI-10004040,45.58,11,0.20,16.52,West,Office Supplies
CA-2016-112823-0,CA-2016-112823,TEC-AC-10002550,25.49,2,0.20,4.46,East,Technology
CA-2015-108861-0,CA-2015-108861,OFF-BI-10003876,136.96,4,0.20,51.36,West,Office Supplies
CA-2018-114370-0,CA-2018-114370,TEC-PH-10000213,49.62,2,0.20,4.96,Central,Technology
CA-2017-158302-0,CA-2017-158302,OFF-PA-10002615,10.58,3,0.20,3.44,East,Office Supplies
CA-2018-145779-0,CA-2018-145779,OFF-PA-10002254,84.42,4,0.20,27.44,West,Office Supplies
US-2017-155173-0,US-2017-155173,TEC-PH-10004586,431.94,2,0.40,-71.99,East,Technology
US-2017-155173-1,US-2017-155173,OFF-BI-10002982,2.04,1,0.70,-1.50,East,Office Supplies
US-2017-155173-2,US-2017-155173,TEC-PH-10002538,68.24,3,0.40,-12.51,East,Technology
CA-2018-125451-0,CA-2018-125451,FUR-TA-10001039,240.74,4,0.30,-13.76,East,Furniture
CA-2018-125451-1,CA-2018-125451,FUR-FU-10004963,35.00,4,0.00,14.70,East,Furniture
CA-2018-125451-2,CA-2018-125451,FUR-FU-10000277,210.68,2,0.00,50.56,East,Furniture
CA-2018-125451-3,CA-2018-125451,FUR-TA-10004915,637.90,3,0.30,-127.58,East,Furniture
CA-2018-125451-4,CA-2018-125451,OFF-PA-10003724,43.44,8,0.00,21.29,East,Office Supplies
CA-2018-125451-5,CA-2018-125451,OFF-AP-10002906,2.22,1,0.00,0.67,East,Office Supplies
CA-2015-131387-0,CA-2015-131387,TEC-PH-10001459,1679.96,5,0.20,126.00,West,Technology
CA-2017-125087-0,CA-2017-125087,FUR-CH-10002880,344.37,4,0.30,-93.47,Central,Furniture
CA-2017-125087-1,CA-2017-125087,OFF-ST-10001780,1554.94,3,0.20,77.75,Central,Office Supplies
CA-2017-125087-2,CA-2017-125087,FUR-FU-10004748,127.88,5,0.60,-67.14,Central,Furniture
CA-2017-154081-0,CA-2017-154081,TEC-PH-10001918,222.38,2,0.20,22.24,West,Technology
US-2018-118556-0,US-2018-118556,FUR-CH-10001146,106.87,3,0.30,-29.01,Central,Furniture
US-2018-118556-1,US-2018-118556,OFF-BI-10004364,3.56,3,0.80,-6.24,Central,Office Supplies
CA-2015-126200-0,CA-2015-126200,OFF-BI-10002133,25.68,3,0.80,-39.80,Central,Office Supplies
CA-2015-126200-1,CA-2015-126200,OFF-BI-10002225,12.38,3,0.80,-19.81,Central,Office Supplies
CA-2015-146500-0,CA-2015-146500,OFF-BI-10002432,25.30,5,0.00,11.89,East,Office Supplies
CA-2015-146500-1,CA-2015-146500,OFF-ST-10000563,95.94,3,0.00,9.59,East,Office Supplies
CA-2016-169537-0,CA-2016-169537,OFF-LA-10001982,7.50,2,0.00,3.60,Central,Office Supplies
CA-2015-100881-0,CA-2015-100881,TEC-PH-10003273,302.38,3,0.20,22.68,West,Technology
CA-2016-144043-0,CA-2016-144043,TEC-AC-10002718,46.69,4,0.20,-2.92,West,Technology
CA-2016-116512-0,CA-2016-116512,OFF-ST-10001505,17.94,3,0.00,3.05,East,Office Supplies
CA-2016-101000-0,CA-2016-101000,OFF-AP-10000179,370.14,3,0.00,144.35,East,Office Supplies
CA-2017-168557-0,CA-2017-168557,OFF-BI-10002309,8.93,2,0.20,3.12,West,Office Supplies
US-2017-164196-0,US-2017-164196,FUR-TA-10001950,2678.94,6,0.00,241.10,Central,Furniture
US-2018-132031-0,US-2018-132031,FUR-BO-10001972,387.14,4,0.20,-14.52,South,Furniture
US-2018-132031-1,US-2018-132031,TEC-AC-10002473,45.41,2,0.20,11.92,South,Technology
US-2018-132031-2,US-2018-132031,FUR-FU-10000193,77.95,3,0.20,-11.69,South,Furniture
US-2018-132031-3,US-2018-132031,OFF-LA-10000081,3.00,1,0.20,1.05,South,Office Supplies
CA-2016-169733-0,CA-2016-169733,OFF-ST-10000876,9.95,1,0.20,1.00,South,Office Supplies
CA-2018-169404-0,CA-2018-169404,OFF-BI-10004492,37.90,4,0.70,-29.05,East,Office Supplies
CA-2018-169404-1,CA-2018-169404,OFF-PA-10001033,65.58,2,0.20,23.77,East,Office Supplies
CA-2018-134880-0,CA-2018-134880,OFF-PA-10004039,44.78,1,0.20,16.23,West,Office Supplies
CA-2016-145758-0,CA-2016-145758,TEC-MA-10004552,1035.80,4,0.00,269.31,East,Technology
CA-2018-158736-0,CA-2018-158736,OFF-AR-10002578,5.76,2,0.00,1.67,West,Office Supplies
US-2017-119270-0,US-2017-119270,OFF-PA-10004022,19.98,2,0.00,8.99,West,Office Supplies
CA-2015-109890-0,CA-2015-109890,TEC-PH-10004100,35.98,2,0.00,10.07,Central,Technology
CA-2017-138583-0,CA-2017-138583,OFF-AR-10001860,16.66,3,0.20,3.33,East,Office Supplies
US-2018-118535-0,US-2018-118535,OFF-LA-10001297,20.70,2,0.00,9.94,East,Office Supplies
CA-2017-126284-0,CA-2017-126284,OFF-BI-10004828,83.70,5,0.00,41.01,Central,Office Supplies
CA-2018-142391-0,CA-2018-142391,FUR-FU-10002759,199.80,10,0.00,71.93,West,Furniture
CA-2018-124716-0,CA-2018-124716,OFF-PA-10000740,45.68,2,0.00,21.01,West,Office Supplies
CA-2018-124716-1,CA-2018-124716,OFF-PA-10001144,110.96,2,0.00,53.26,West,Office Supplies
CA-2018-124716-2,CA-2018-124716,OFF-PA-10000859,11.94,3,0.00,5.97,West,Office Supplies
CA-2017-158841-0,CA-2017-158841,TEC-MA-10001127,8749.95,5,0.00,2799.98,South,Technology
CA-2017-158841-1,CA-2017-158841,OFF-BI-10002557,36.40,8,0.00,18.20,South,Office Supplies
CA-2017-158841-2,CA-2017-158841,FUR-FU-10001731,18.69,7,0.00,7.10,South,Furniture
CA-2018-106824-0,CA-2018-106824,OFF-FA-10001135,5.94,3,0.00,0.12,West,Office Supplies
CA-2016-109190-0,CA-2016-109190,OFF-PA-10000069,60.74,8,0.20,20.50,Central,Office Supplies
CA-2016-109190-1,CA-2016-109190,TEC-CO-10001943,479.98,3,0.20,161.99,Central,Technology
CA-2016-109190-2,CA-2016-109190,OFF-BI-10000977,6.08,1,0.80,-10.34,Central,Office Supplies
CA-2017-143154-0,CA-2017-143154,TEC-AC-10002942,165.60,3,0.20,-6.21,West,Technology
CA-2015-169061-0,CA-2015-169061,OFF-AR-10000588,59.52,3,0.00,15.48,East,Office Supplies
CA-2015-169061-1,CA-2015-169061,TEC-AC-10002001,479.97,3,0.00,177.59,East,Technology
CA-2015-169061-2,CA-2015-169061,OFF-SU-10000381,18.62,2,0.00,5.40,East,Office Supplies
CA-2015-169061-3,CA-2015-169061,OFF-BI-10001617,49.63,6,0.20,16.75,East,Office Supplies
CA-2015-169061-4,CA-2015-169061,OFF-PA-10001878,97.82,2,0.00,45.98,East,Office Supplies
CA-2016-102316-0,CA-2016-102316,TEC-PH-10000376,15.98,2,0.20,1.20,West,Technology
CA-2016-102316-1,CA-2016-102316,FUR-CH-10003396,184.75,3,0.20,-20.78,West,Furniture
CA-2015-164903-0,CA-2015-164903,OFF-PA-10003363,12.96,2,0.00,6.22,West,Office Supplies
CA-2017-109400-0,CA-2017-109400,FUR-CH-10003298,366.74,4,0.30,-110.02,Central,Furniture
CA-2017-130400-0,CA-2017-130400,OFF-BI-10001757,8.86,9,0.80,-14.17,Central,Office Supplies
CA-2017-130400-1,CA-2017-130400,TEC-AC-10004633,27.96,5,0.20,8.39,Central,Technology
CA-2017-130400-2,CA-2017-130400,OFF-EN-10001453,146.35,3,0.20,49.39,Central,Office Supplies
CA-2016-135853-0,CA-2016-135853,TEC-AC-10004761,175.23,11,0.00,61.33,Central,Technology
CA-2016-135853-1,CA-2016-135853,TEC-PH-10003691,125.99,1,0.00,31.50,Central,Technology
CA-2016-135853-2,CA-2016-135853,OFF-BI-10004965,23.00,2,0.00,10.35,Central,Office Supplies
CA-2017-103359-0,CA-2017-103359,OFF-BI-10004233,25.58,2,0.20,8.95,East,Office Supplies
CA-2017-144645-0,CA-2017-144645,FUR-FU-10003601,73.78,2,0.60,-77.47,Central,Furniture
CA-2018-141614-0,CA-2018-141614,OFF-PA-10002787,20.74,4,0.20,7.26,South,Office Supplies
CA-2016-122168-0,CA-2016-122168,OFF-AR-10003602,17.52,3,0.00,8.23,South,Office Supplies
CA-2016-122168-1,CA-2016-122168,OFF-AR-10002053,35.76,12,0.00,10.01,South,Office Supplies
CA-2017-132899-0,CA-2017-132899,OFF-AR-10002833,3.64,2,0.00,0.98,East,Office Supplies
CA-2018-149720-0,CA-2018-149720,FUR-FU-10002501,30.34,6,0.60,-17.44,Central,Furniture
CA-2018-118003-0,CA-2018-118003,FUR-FU-10002506,12.99,1,0.00,1.56,East,Furniture
CA-2018-118003-1,CA-2018-118003,FUR-CH-10003817,182.22,3,0.00,45.55,East,Furniture
CA-2018-118003-2,CA-2018-118003,FUR-CH-10004860,302.94,3,0.00,18.18,East,Furniture
CA-2017-141887-0,CA-2017-141887,FUR-FU-10002268,54.99,14,0.20,8.94,East,Furniture
US-2017-160206-0,US-2017-160206,TEC-PH-10000148,12.99,1,0.00,0.26,Central,Technology
CA-2018-133074-0,CA-2018-133074,OFF-PA-10004082,55.86,7,0.00,27.93,West,Office Supplies
CA-2018-161172-0,CA-2018-161172,TEC-PH-10004348,44.38,2,0.40,-7.40,East,Technology
CA-2018-161172-1,CA-2018-161172,FUR-FU-10003424,51.26,6,0.20,7.69,East,Furniture
CA-2018-161172-2,CA-2018-161172,OFF-BI-10004654,5.19,3,0.70,-3.46,East,Office Supplies
CA-2018-161172-3,CA-2018-161172,TEC-AC-10004571,159.98,2,0.20,44.00,East,Technology
CA-2018-161172-4,CA-2018-161172,OFF-ST-10000675,54.22,2,0.20,3.39,East,Office Supplies
CA-2018-137624-0,CA-2018-137624,FUR-CH-10001714,241.42,2,0.20,-36.21,West,Furniture
CA-2017-156748-0,CA-2017-156748,OFF-PA-10000380,33.36,4,0.00,16.68,Central,Office Supplies
CA-2017-156748-1,CA-2017-156748,OFF-PA-10002713,13.76,2,0.00,6.33,Central,Office Supplies
CA-2017-156748-2,CA-2017-156748,OFF-ST-10001370,496.86,7,0.00,24.84,Central,Office Supplies
CA-2017-156748-3,CA-2017-156748,FUR-CH-10000513,389.97,3,0.00,35.10,Central,Furniture
CA-2016-169677-0,CA-2016-169677,OFF-LA-10003223,9.82,2,0.00,4.81,South,Office Supplies
US-2015-163146-0,US-2015-163146,TEC-AC-10002217,56.40,3,0.00,3.38,West,Technology
CA-2016-157343-0,CA-2016-157343,OFF-BI-10003707,18.31,4,0.70,-12.21,East,Office Supplies
CA-2016-157343-1,CA-2016-157343,OFF-PA-10000552,25.92,5,0.20,9.07,East,Office Supplies
CA-2016-157343-2,CA-2016-157343,OFF-AR-10003183,8.02,3,0.20,1.00,East,Office Supplies
CA-2018-147354-0,CA-2018-147354,TEC-CO-10000971,479.98,2,0.20,60.00,West,Technology
CA-2018-147354-1,CA-2018-147354,OFF-BI-10003910,30.84,5,0.20,9.64,West,Office Supplies
CA-2016-157287-0,CA-2016-157287,OFF-ST-10001172,33.57,2,0.20,1.68,East,Office Supplies
CA-2016-157287-1,CA-2016-157287,FUR-CH-10001270,422.63,7,0.30,0.00,East,Furniture
CA-2015-137575-0,CA-2015-137575,TEC-AC-10004571,199.98,2,0.00,83.99,East,Technology
CA-2017-119074-0,CA-2017-119074,FUR-FU-10004053,20.24,1,0.00,8.70,South,Furniture
CA-2017-119074-1,CA-2017-119074,FUR-FU-10003731,39.92,4,0.00,11.18,South,Furniture
CA-2017-119074-2,CA-2017-119074,OFF-BI-10000962,32.54,2,0.00,15.94,South,Office Supplies
CA-2016-149566-0,CA-2016-149566,TEC-AC-10001266,39.00,3,0.00,17.55,West,Technology
CA-2016-149566-1,CA-2016-149566,OFF-LA-10000452,12.60,4,0.00,6.05,West,Office Supplies
CA-2016-126186-0,CA-2016-126186,FUR-FU-10000073,24.64,4,0.20,4.00,West,Furniture
CA-2016-121132-0,CA-2016-121132,OFF-LA-10002368,6.26,3,0.20,2.04,Central,Office Supplies
CA-2016-121132-1,CA-2016-121132,OFF-FA-10004248,14.43,4,0.20,3.43,Central,Office Supplies
CA-2015-140473-0,CA-2015-140473,TEC-CO-10004202,719.98,3,0.20,135.00,Central,Technology
US-2018-102904-0,US-2018-102904,TEC-AC-10000927,239.92,8,0.00,23.99,South,Technology
CA-2017-102092-0,CA-2017-102092,FUR-TA-10002530,1056.86,7,0.00,158.53,South,Furniture
CA-2016-117884-0,CA-2016-117884,TEC-AC-10002567,447.94,7,0.20,89.59,South,Technology
CA-2016-117884-1,CA-2016-117884,OFF-ST-10002182,150.41,9,0.20,-33.84,South,Office Supplies
CA-2017-132829-0,CA-2017-132829,TEC-PH-10004539,453.58,3,0.20,39.69,Central,Technology
CA-2017-132829-1,CA-2017-132829,OFF-LA-10002945,45.36,9,0.20,14.74,Central,Office Supplies
CA-2017-132829-2,CA-2017-132829,TEC-PH-10004345,287.88,3,0.20,35.98,Central,Technology
CA-2017-132829-3,CA-2017-132829,TEC-PH-10004912,131.88,3,0.20,14.84,Central,Technology
CA-2017-132829-4,CA-2017-132829,FUR-FU-10000206,2.33,2,0.60,-0.76,Central,Furniture
CA-2017-123540-0,CA-2017-123540,FUR-CH-10000847,1454.90,5,0.00,378.27,Central,Furniture
US-2018-108315-0,US-2018-108315,OFF-BI-10000822,4.84,3,0.70,-3.55,South,Office Supplies
US-2018-108315-1,US-2018-108315,FUR-FU-10000747,220.70,6,0.20,-8.28,South,Furniture
CA-2017-134110-0,CA-2017-134110,TEC-PH-10002350,67.18,3,0.20,6.72,Central,Technology
CA-2017-134110-1,CA-2017-134110,OFF-PA-10000697,15.23,4,0.20,5.52,Central,Office Supplies
US-2017-136581-0,US-2017-136581,OFF-PA-10002787,31.10,6,0.20,10.89,East,Office Supplies
CA-2017-162390-0,CA-2017-162390,OFF-BI-10004318,968.74,7,0.20,314.84,East,Office Supplies
CA-2017-162390-1,CA-2017-162390,OFF-BI-10001721,222.35,13,0.20,77.82,East,Office Supplies
CA-2017-162390-2,CA-2017-162390,TEC-CO-10004202,479.98,2,0.20,90.00,East,Technology
CA-2017-162222-0,CA-2017-162222,OFF-PA-10003893,10.27,3,0.20,3.21,Central,Office Supplies
CA-2015-121629-0,CA-2015-121629,TEC-MA-10004679,998.85,5,0.40,-199.77,Central,Technology
CA-2016-164623-0,CA-2016-164623,OFF-PA-10000249,24.56,2,0.00,11.54,East,Office Supplies
CA-2015-159849-0,CA-2015-159849,OFF-FA-10000053,5.67,3,0.00,0.11,West,Office Supplies
CA-2018-101273-0,CA-2018-101273,OFF-AP-10000804,14.34,4,0.20,0.90,South,Office Supplies
CA-2018-106747-0,CA-2018-106747,FUR-FU-10004188,102.30,1,0.00,26.60,East,Furniture
CA-2018-146164-0,CA-2018-146164,FUR-TA-10004915,607.52,2,0.00,97.20,Central,Furniture
CA-2018-146164-1,CA-2018-146164,OFF-ST-10001228,31.16,2,0.00,7.79,Central,Office Supplies
CA-2017-111605-0,CA-2017-111605,OFF-LA-10002368,2.61,1,0.00,1.20,South,Office Supplies
CA-2015-130673-0,CA-2015-130673,FUR-FU-10003489,10.33,3,0.60,-5.94,Central,Furniture
CA-2015-130673-1,CA-2015-130673,OFF-PA-10000289,10.37,2,0.20,3.63,Central,Office Supplies
CA-2015-130673-2,CA-2015-130673,TEC-AC-10004227,20.78,2,0.20,-3.64,Central,Technology
CA-2015-130673-3,CA-2015-130673,OFF-ST-10000636,66.96,5,0.20,-13.39,Central,Office Supplies
CA-2015-104808-0,CA-2015-104808,OFF-BI-10003676,17.25,2,0.20,6.04,West,Office Supplies
US-2018-132927-0,US-2018-132927,OFF-BI-10001116,11.09,7,0.70,-8.13,East,Office Supplies
CA-2018-162015-0,CA-2018-162015,TEC-AC-10003832,1287.45,5,0.00,244.62,West,Technology
CA-2018-162015-1,CA-2018-162015,OFF-AP-10003040,168.10,5,0.00,43.71,West,Office Supplies
CA-2016-138492-0,CA-2016-138492,OFF-ST-10002583,51.97,2,0.20,-10.39,East,Office Supplies
CA-2018-145338-0,CA-2018-145338,OFF-AR-10002053,4.77,2,0.20,0.48,East,Office Supplies
CA-2018-126676-0,CA-2018-126676,OFF-EN-10004846,7.98,3,0.00,3.91,East,Office Supplies
CA-2018-101700-0,CA-2018-101700,OFF-EN-10003134,18.69,2,0.20,7.01,West,Office Supplies
CA-2018-101700-1,CA-2018-101700,FUR-FU-10001025,11.66,3,0.20,3.35,West,Furniture
CA-2018-159667-0,CA-2018-159667,TEC-AC-10002567,191.98,3,0.20,38.40,South,Technology
CA-2018-159667-1,CA-2018-159667,TEC-PH-10004094,499.17,4,0.20,31.20,South,Technology
CA-2015-111934-0,CA-2015-111934,OFF-BI-10004364,11.88,2,0.00,5.35,South,Office Supplies
CA-2015-111934-1,CA-2015-111934,OFF-PA-10000474,35.44,1,0.00,16.66,South,Office Supplies
US-2017-117387-0,US-2017-117387,OFF-BI-10004308,67.14,4,0.20,25.18,West,Office Supplies
CA-2015-141110-0,CA-2015-141110,OFF-BI-10002012,4.32,3,0.20,1.51,West,Office Supplies
CA-2015-141110-1,CA-2015-141110,OFF-PA-10002586,14.94,3,0.00,7.02,West,Office Supplies
CA-2015-141110-2,CA-2015-141110,OFF-AP-10000692,40.54,2,0.00,11.35,West,Office Supplies
CA-2015-141110-3,CA-2015-141110,OFF-BI-10001553,7.31,1,0.20,2.56,West,Office Supplies
US-2015-133949-0,US-2015-133949,TEC-PH-10004908,475.94,7,0.20,59.49,West,Technology
US-2017-116365-0,US-2017-116365,TEC-AC-10002217,30.08,2,0.20,-5.26,Central,Technology
US-2017-116365-1,US-2017-116365,TEC-AC-10002942,165.60,3,0.20,-6.21,Central,Technology
US-2017-116365-2,US-2017-116365,TEC-PH-10002890,180.96,5,0.20,13.57,Central,Technology
CA-2018-162936-0,CA-2018-162936,TEC-AC-10003614,23.18,2,0.00,7.65,East,Technology
CA-2015-151946-0,CA-2015-151946,FUR-FU-10002878,56.96,2,0.00,21.08,East,Furniture
CA-2015-151946-1,CA-2015-151946,OFF-AP-10001626,15.56,4,0.00,4.05,East,Office Supplies
CA-2015-151946-2,CA-2015-151946,FUR-BO-10003272,353.57,2,0.20,-44.20,East,Furniture
CA-2015-151946-3,CA-2015-151946,FUR-FU-10002191,13.96,2,0.00,6.70,East,Furniture
CA-2018-123624-0,CA-2018-123624,TEC-AC-10000682,82.95,5,0.00,29.03,West,Technology
CA-2017-146437-0,CA-2017-146437,OFF-AR-10000588,39.68,2,0.00,10.32,West,Office Supplies
CA-2017-138233-0,CA-2017-138233,TEC-AC-10002001,479.97,3,0.00,177.59,West,Technology
CA-2017-165918-0,CA-2017-165918,OFF-LA-10003720,7.38,2,0.00,3.47,West,Office Supplies
CA-2017-165918-1,CA-2017-165918,OFF-BI-10004364,14.26,3,0.20,4.46,West,Office Supplies
CA-2017-165918-2,CA-2017-165918,OFF-PA-10000100,81.98,2,0.00,40.17,West,Office Supplies
CA-2017-165918-3,CA-2017-165918,OFF-BI-10004826,39.62,3,0.20,13.87,West,Office Supplies
CA-2018-117513-0,CA-2018-117513,FUR-TA-10001520,399.67,7,0.20,-14.99,West,Furniture
CA-2018-132437-0,CA-2018-132437,OFF-ST-10001031,65.12,4,0.00,16.93,East,Office Supplies
US-2018-119319-0,US-2018-119319,FUR-FU-10003878,30.56,5,0.60,-19.86,Central,Furniture
CA-2018-104318-0,CA-2018-104318,OFF-AP-10000358,20.77,2,0.20,2.34,South,Office Supplies
US-2017-114230-0,US-2017-114230,OFF-ST-10000876,39.81,4,0.20,3.98,West,Office Supplies
CA-2016-136147-0,CA-2016-136147,OFF-BI-10004224,121.10,6,0.70,-100.92,South,Office Supplies
CA-2016-136147-1,CA-2016-136147,TEC-AC-10004568,111.96,5,0.20,-1.40,South,Technology
CA-2016-156118-0,CA-2016-156118,OFF-PA-10000533,15.70,3,0.20,5.10,West,Office Supplies
CA-2016-164084-0,CA-2016-164084,OFF-ST-10003638,70.26,3,0.00,18.97,East,Office Supplies
CA-2016-164084-1,CA-2016-164084,TEC-AC-10002305,90.00,5,0.00,16.20,East,Technology
CA-2016-164084-2,CA-2016-164084,OFF-BI-10000605,6.10,2,0.20,2.06,East,Office Supplies
CA-2016-164084-3,CA-2016-164084,FUR-TA-10003569,481.18,2,0.40,-120.29,East,Furniture
CA-2016-164084-4,CA-2016-164084,OFF-FA-10003059,7.24,4,0.00,2.39,East,Office Supplies
CA-2017-107783-0,CA-2017-107783,FUR-BO-10004409,177.45,5,0.50,-78.08,East,Furniture
CA-2017-107783-1,CA-2017-107783,OFF-BI-10000545,1369.76,6,0.70,-913.18,East,Office Supplies
CA-2017-107783-2,CA-2017-107783,OFF-AP-10004052,9.48,3,0.20,0.71,East,Office Supplies
CA-2018-159793-0,CA-2018-159793,FUR-BO-10001798,130.98,2,0.50,-89.07,East,Furniture
CA-2015-160094-0,CA-2015-160094,OFF-AR-10004010,174.95,5,0.00,45.49,South,Office Supplies
CA-2015-160094-1,CA-2015-160094,OFF-ST-10000585,826.00,5,0.00,214.76,South,Office Supplies
CA-2018-151281-0,CA-2018-151281,FUR-FU-10000397,139.58,7,0.00,39.08,West,Furniture
CA-2018-118346-0,CA-2018-118346,TEC-AC-10000736,399.95,5,0.00,143.98,Central,Technology
CA-2015-129819-0,CA-2015-129819,OFF-BI-10004970,12.39,3,0.00,5.82,South,Office Supplies
US-2018-148551-0,US-2018-148551,OFF-BI-10000545,760.98,5,0.80,-1141.47,Central,Office Supplies
CA-2018-147767-0,CA-2018-147767,OFF-BI-10001670,67.86,6,0.70,-45.24,West,Office Supplies
CA-2016-108259-0,CA-2016-108259,OFF-FA-10000624,31.50,11,0.20,11.81,South,Office Supplies
CA-2016-108259-1,CA-2016-108259,OFF-LA-10002945,5.04,1,0.20,1.64,South,Office Supplies
CA-2016-108259-2,CA-2016-108259,OFF-BI-10000315,39.88,7,0.70,-29.24,South,Office Supplies
CA-2016-108259-3,CA-2016-108259,FUR-FU-10000023,4.71,1,0.20,1.41,South,Furniture
CA-2017-113341-0,CA-2017-113341,FUR-CH-10004698,194.35,3,0.20,19.44,West,Furniture
US-2016-131842-0,US-2016-131842,FUR-CH-10004477,97.42,2,0.20,10.96,South,Furniture
CA-2017-164574-0,CA-2017-164574,OFF-ST-10003816,704.76,5,0.20,26.43,South,Office Supplies
CA-2017-164574-1,CA-2017-164574,OFF-BI-10002429,27.40,3,0.70,-20.09,South,Office Supplies
CA-2015-142769-0,CA-2015-142769,OFF-FA-10000840,5.70,5,0.00,2.68,West,Office Supplies
CA-2015-142769-1,CA-2015-142769,FUR-FU-10001918,14.19,3,0.00,5.53,West,Furniture
CA-2015-142769-2,CA-2015-142769,OFF-SU-10001574,7.30,2,0.00,2.19,West,Office Supplies
CA-2015-142769-3,CA-2015-142769,TEC-AC-10001606,199.98,2,0.00,75.99,West,Technology
CA-2015-142769-4,CA-2015-142769,TEC-AC-10003399,144.96,4,0.00,60.88,West,Technology
CA-2015-142769-5,CA-2015-142769,TEC-AC-10000865,118.00,2,0.00,20.06,West,Technology
CA-2015-142769-6,CA-2015-142769,OFF-PA-10002923,48.94,1,0.00,24.47,West,Office Supplies
CA-2015-142769-7,CA-2015-142769,OFF-AP-10004785,22.66,2,0.00,9.74,West,Office Supplies
CA-2017-168361-0,CA-2017-168361,OFF-BI-10003727,0.84,1,0.80,-1.34,Central,Office Supplies
CA-2017-153185-0,CA-2017-153185,OFF-PA-10002246,30.96,6,0.20,11.22,East,Office Supplies
CA-2018-124765-0,CA-2018-124765,FUR-BO-10003965,723.92,5,0.20,-81.44,South,Furniture
CA-2016-131856-0,CA-2016-131856,FUR-FU-10000175,21.97,4,0.60,-15.93,Central,Furniture
CA-2016-131856-1,CA-2016-131856,TEC-PH-10001336,619.15,6,0.20,69.65,Central,Technology
CA-2016-131856-2,CA-2016-131856,OFF-PA-10001954,127.90,7,0.20,41.57,Central,Office Supplies
CA-2018-126634-0,CA-2018-126634,FUR-FU-10004973,94.20,5,0.00,39.56,West,Furniture
CA-2017-118500-0,CA-2017-118500,OFF-SU-10004231,49.50,5,0.00,13.37,West,Office Supplies
CA-2017-163951-0,CA-2017-163951,OFF-AR-10004269,16.52,5,0.20,1.65,East,Office Supplies
CA-2017-149916-0,CA-2017-149916,OFF-BI-10004002,55.36,4,0.20,19.38,West,Office Supplies
CA-2017-149916-1,CA-2017-149916,TEC-MA-10000752,11.56,1,0.20,3.76,West,Technology
CA-2016-158918-0,CA-2016-158918,OFF-PA-10004947,17.12,4,0.00,7.70,West,Office Supplies
US-2015-159611-0,US-2015-159611,FUR-FU-10004904,182.35,3,0.20,-18.24,East,Furniture
US-2015-159611-1,US-2015-159611,OFF-ST-10002790,118.16,2,0.20,-25.11,East,Office Supplies
CA-2018-163265-0,CA-2018-163265,OFF-FA-10004854,18.37,2,0.20,6.20,Central,Office Supplies
CA-2018-163265-1,CA-2018-163265,FUR-CH-10004063,600.56,3,0.30,-8.58,Central,Furniture
CA-2018-163265-2,CA-2018-163265,OFF-ST-10000642,50.35,3,0.20,-8.18,Central,Office Supplies
CA-2018-163265-3,CA-2018-163265,OFF-AR-10004078,28.03,6,0.20,3.50,Central,Office Supplies
CA-2018-163265-4,CA-2018-163265,FUR-FU-10004270,7.69,1,0.60,-3.65,Central,Furniture
CA-2018-141705-0,CA-2018-141705,FUR-TA-10004607,517.40,5,0.30,-81.31,Central,Furniture
CA-2017-112739-0,CA-2017-112739,OFF-BI-10001132,8.61,8,0.80,-13.34,Central,Office Supplies
CA-2017-112739-1,CA-2017-112739,TEC-AC-10001714,159.56,5,0.20,33.91,Central,Technology
CA-2017-143805-0,CA-2017-143805,OFF-AP-10002945,2104.55,7,0.00,694.50,South,Office Supplies
CA-2017-143805-1,CA-2017-143805,OFF-SU-10004664,40.70,5,0.00,11.80,South,Office Supplies
CA-2015-133634-0,CA-2015-133634,TEC-AC-10002550,47.79,3,0.00,16.25,South,Technology
CA-2018-101665-0,CA-2018-101665,OFF-AR-10002335,5.16,2,0.00,1.34,West,Office Supplies
CA-2017-155446-0,CA-2017-155446,TEC-AC-10001445,21.21,7,0.00,4.45,West,Technology
CA-2018-137323-0,CA-2018-137323,OFF-ST-10003996,96.36,6,0.00,25.05,East,Office Supplies
CA-2017-144015-0,CA-2017-144015,OFF-SU-10003505,231.72,2,0.00,11.59,West,Office Supplies
CA-2017-144015-1,CA-2017-144015,OFF-FA-10000624,17.90,5,0.00,8.95,West,Office Supplies
CA-2017-144015-2,CA-2017-144015,OFF-PA-10002870,12.48,2,0.00,5.62,West,Office Supplies
CA-2015-101427-0,CA-2015-101427,OFF-AR-10002257,8.02,3,0.20,1.10,East,Office Supplies
CA-2017-136770-0,CA-2017-136770,TEC-PH-10003580,259.90,2,0.40,-56.31,East,Technology
CA-2017-136770-1,CA-2017-136770,TEC-PH-10001530,247.19,2,0.40,-49.44,East,Technology
CA-2017-136770-2,CA-2017-136770,TEC-AC-10000420,279.96,5,0.20,48.99,East,Technology
CA-2017-118311-0,CA-2017-118311,TEC-AC-10000892,450.00,5,0.00,162.00,West,Technology
US-2015-112795-0,US-2015-112795,OFF-PA-10001934,19.44,3,0.00,9.53,Central,Office Supplies
CA-2018-127096-0,CA-2018-127096,FUR-TA-10003473,300.90,1,0.20,11.28,West,Furniture
CA-2018-119284-0,CA-2018-119284,TEC-PH-10001051,239.98,3,0.20,27.00,South,Technology
CA-2018-119284-1,CA-2018-119284,FUR-FU-10004351,31.17,4,0.20,9.35,South,Furniture
CA-2018-119284-2,CA-2018-119284,FUR-TA-10004152,120.96,2,0.40,-28.22,South,Furniture
CA-2018-119284-3,CA-2018-119284,TEC-PH-10000560,2239.94,8,0.20,223.99,South,Technology
CA-2018-119284-4,CA-2018-119284,OFF-AP-10004249,76.61,8,0.20,6.70,South,Office Supplies
CA-2018-119284-5,CA-2018-119284,OFF-ST-10001490,142.78,1,0.20,17.85,South,Office Supplies
CA-2018-119284-6,CA-2018-119284,OFF-PA-10000312,91.36,5,0.20,29.69,South,Office Supplies
CA-2016-133494-0,CA-2016-133494,OFF-AP-10002906,3.55,2,0.20,0.44,East,Office Supplies
CA-2017-111318-0,CA-2017-111318,TEC-PH-10004100,115.14,8,0.20,11.51,Central,Technology
US-2015-132745-0,US-2015-132745,OFF-FA-10000254,4.71,1,0.00,0.00,West,Office Supplies
CA-2015-146815-0,CA-2015-146815,FUR-CH-10004289,172.76,2,0.10,13.44,East,Furniture
CA-2015-146815-1,CA-2015-146815,OFF-AR-10003469,3.52,2,0.00,1.69,East,Office Supplies
CA-2015-119144-0,CA-2015-119144,TEC-PH-10004188,79.97,4,0.20,-17.99,West,Technology
CA-2015-119144-1,CA-2015-119144,FUR-BO-10004015,305.97,3,0.15,25.20,West,Furniture
CA-2015-119144-2,CA-2015-119144,OFF-ST-10000991,344.91,3,0.00,10.35,West,Office Supplies
CA-2015-105648-0,CA-2015-105648,FUR-TA-10002958,626.35,3,0.20,-23.49,West,Furniture
US-2016-145422-0,US-2016-145422,FUR-BO-10002213,359.50,3,0.15,-29.61,West,Furniture
CA-2018-136623-0,CA-2018-136623,TEC-PH-10000004,71.95,6,0.20,5.40,West,Technology
CA-2018-136623-1,CA-2018-136623,OFF-BI-10003708,29.80,5,0.20,9.31,West,Office Supplies
CA-2018-121678-0,CA-2018-121678,OFF-BI-10002949,1.82,1,0.70,-1.40,East,Office Supplies
CA-2017-120824-0,CA-2017-120824,OFF-AP-10001242,64.38,4,0.80,-160.96,Central,Office Supplies
CA-2017-120824-1,CA-2017-120824,FUR-FU-10001424,6.98,2,0.60,-4.54,Central,Furniture
CA-2017-120824-2,CA-2017-120824,OFF-AR-10003469,11.26,8,0.20,3.94,Central,Office Supplies
CA-2017-120824-3,CA-2017-120824,OFF-PA-10000232,15.55,3,0.20,5.64,Central,Office Supplies
CA-2017-120824-4,CA-2017-120824,FUR-CH-10000229,379.37,2,0.30,-119.23,Central,Furniture
CA-2017-120824-5,CA-2017-120824,OFF-ST-10002562,67.54,9,0.20,6.75,Central,Office Supplies
CA-2017-120824-6,CA-2017-120824,OFF-BI-10001525,1.52,2,0.80,-2.67,Central,Office Supplies
US-2017-135209-0,US-2017-135209,OFF-PA-10002986,37.41,7,0.20,13.09,South,Office Supplies
US-2017-135209-1,US-2017-135209,OFF-PA-10000143,25.34,6,0.20,8.87,South,Office Supplies
CA-2018-148145-0,CA-2018-148145,OFF-AR-10003752,46.20,4,0.00,21.25,West,Office Supplies
CA-2016-103870-0,CA-2016-103870,TEC-AC-10002370,4.73,3,0.20,0.71,South,Technology
CA-2016-103870-1,CA-2016-103870,FUR-FU-10002030,53.35,3,0.20,16.01,South,Furniture
CA-2016-103870-2,CA-2016-103870,FUR-BO-10002853,131.10,2,0.20,8.19,South,Furniture
CA-2016-103870-3,CA-2016-103870,OFF-ST-10002562,22.51,3,0.20,2.25,South,Office Supplies
CA-2016-103870-4,CA-2016-103870,TEC-AC-10004227,72.74,7,0.20,-12.73,South,Technology
CA-2016-111017-0,CA-2016-111017,OFF-SU-10002573,52.59,3,0.00,15.78,Central,Office Supplies
CA-2018-116988-0,CA-2018-116988,OFF-PA-10003848,19.44,3,0.00,9.33,West,Office Supplies
CA-2018-116988-1,CA-2018-116988,FUR-FU-10001290,126.30,3,0.00,40.42,West,Furniture
CA-2018-116988-2,CA-2018-116988,TEC-AC-10003832,1287.45,5,0.00,244.62,West,Technology
US-2015-169390-0,US-2015-169390,OFF-ST-10001558,64.96,4,0.00,9.74,East,Office Supplies
CA-2017-168774-0,CA-2017-168774,OFF-ST-10001490,535.41,3,0.00,160.62,Central,Office Supplies
CA-2018-161592-0,CA-2018-161592,OFF-BI-10003669,8.10,5,0.70,-5.94,South,Office Supplies
US-2018-131961-0,US-2018-131961,OFF-AR-10004441,13.25,4,0.20,3.64,East,Office Supplies
US-2018-131961-1,US-2018-131961,TEC-PH-10001924,83.99,2,0.40,-21.00,East,Technology
CA-2017-102498-0,CA-2017-102498,OFF-AR-10004456,73.20,5,0.00,21.23,South,Office Supplies
CA-2016-113222-0,CA-2016-113222,OFF-BI-10001890,10.74,3,0.00,5.16,Central,Office Supplies
US-2016-144771-0,US-2016-144771,FUR-FU-10000629,11.03,1,0.20,3.03,West,Furniture
US-2016-144771-1,US-2016-144771,TEC-AC-10002323,53.04,3,0.20,-4.64,West,Technology
CA-2016-162376-0,CA-2016-162376,OFF-AR-10003056,17.12,4,0.00,4.96,East,Office Supplies
CA-2016-162376-1,CA-2016-162376,OFF-PA-10000300,59.94,3,0.00,28.17,East,Office Supplies
CA-2018-128076-0,CA-2018-128076,FUR-FU-10000293,210.58,2,0.00,12.63,West,Furniture
CA-2018-128076-1,CA-2018-128076,OFF-BI-10003638,30.96,2,0.20,10.06,West,Office Supplies
CA-2018-128076-2,CA-2018-128076,TEC-MA-10002109,239.98,2,0.20,39.00,West,Technology
US-2016-163825-0,US-2016-163825,OFF-BI-10003527,3050.38,3,0.20,1143.89,East,Office Supplies
US-2016-163825-1,US-2016-163825,TEC-PH-10004922,133.98,2,0.00,33.49,East,Technology
CA-2017-105662-0,CA-2017-105662,OFF-PA-10001001,93.25,4,0.20,31.47,South,Office Supplies
CA-2017-105662-1,CA-2017-105662,TEC-PH-10001198,177.48,3,0.20,19.97,South,Technology
CA-2018-152198-0,CA-2018-152198,OFF-LA-10000443,17.71,6,0.20,5.98,East,Office Supplies
CA-2018-152198-1,CA-2018-152198,OFF-BI-10003669,4.86,3,0.70,-3.56,East,Office Supplies
CA-2018-152198-2,CA-2018-152198,OFF-BI-10001628,6.26,2,0.70,-5.21,East,Office Supplies
CA-2017-114307-0,CA-2017-114307,OFF-AP-10002350,37.68,2,0.00,10.55,East,Office Supplies
CA-2017-114307-1,CA-2017-114307,OFF-PA-10004100,51.84,8,0.00,24.88,East,Office Supplies
CA-2017-114307-2,CA-2017-114307,FUR-FU-10000794,27.42,3,0.00,9.32,East,Furniture
CA-2017-114307-3,CA-2017-114307,OFF-BI-10002012,5.40,3,0.00,2.59,East,Office Supplies
CA-2017-159891-0,CA-2017-159891,OFF-BI-10003527,1270.99,1,0.00,635.50,South,Office Supplies
CA-2017-159891-1,CA-2017-159891,OFF-EN-10004483,125.36,8,0.00,58.92,South,Office Supplies
CA-2017-112578-0,CA-2017-112578,OFF-ST-10003722,14.03,1,0.00,4.07,West,Office Supplies
CA-2017-112578-1,CA-2017-112578,OFF-SU-10002557,27.96,2,0.00,7.27,West,Office Supplies
CA-2016-107083-0,CA-2016-107083,OFF-AR-10002257,5.34,2,0.20,0.73,Central,Office Supplies
CA-2016-107083-1,CA-2016-107083,OFF-BI-10000756,1.70,2,0.80,-2.54,Central,Office Supplies
CA-2016-107083-2,CA-2016-107083,OFF-AP-10004136,24.59,3,0.80,-67.62,Central,Office Supplies
CA-2016-107083-3,CA-2016-107083,OFF-BI-10002194,7.98,5,0.80,-13.17,Central,Office Supplies
CA-2016-151722-0,CA-2016-151722,TEC-AC-10000892,288.00,4,0.20,57.60,East,Technology
CA-2017-151148-0,CA-2017-151148,TEC-PH-10001870,146.95,3,0.20,9.18,West,Technology
CA-2017-151148-1,CA-2017-151148,FUR-CH-10002304,83.14,4,0.20,5.20,West,Furniture
CA-2018-115882-0,CA-2018-115882,OFF-AP-10002534,942.78,4,0.20,94.28,South,Office Supplies
CA-2018-115882-1,CA-2018-115882,OFF-PA-10001125,74.35,3,0.20,23.23,South,Office Supplies
CA-2016-132276-0,CA-2016-132276,OFF-AP-10000804,26.88,6,0.00,6.72,East,Office Supplies
CA-2016-132276-1,CA-2016-132276,OFF-BI-10002982,10.90,2,0.20,3.81,East,Office Supplies
CA-2017-163636-0,CA-2017-163636,OFF-AR-10001547,3.54,2,0.20,0.31,Central,Office Supplies
CA-2017-102813-0,CA-2017-102813,FUR-CH-10000665,528.43,5,0.30,0.00,Central,Furniture
CA-2017-102813-1,CA-2017-102813,OFF-PA-10000520,41.47,8,0.20,14.52,Central,Office Supplies
CA-2018-135377-0,CA-2018-135377,FUR-BO-10004015,287.98,3,0.20,7.20,East,Furniture
CA-2016-165813-0,CA-2016-165813,OFF-ST-10004258,29.30,3,0.20,2.56,West,Office Supplies
CA-2016-133585-0,CA-2016-133585,OFF-AR-10003696,55.33,2,0.20,6.22,Central,Office Supplies
CA-2016-133585-1,CA-2016-133585,FUR-BO-10001811,1228.00,6,0.32,-36.12,Central,Furniture
CA-2017-116911-0,CA-2017-116911,OFF-BI-10001249,20.42,4,0.20,6.64,West,Office Supplies
CA-2017-116911-1,CA-2017-116911,FUR-TA-10003473,1128.39,3,0.00,259.53,West,Furniture
US-2018-129224-0,US-2018-129224,OFF-LA-10003190,4.61,2,0.20,1.67,South,Office Supplies
CA-2018-145765-0,CA-2018-145765,TEC-PH-10001305,195.96,5,0.20,19.60,West,Technology
CA-2018-145765-1,CA-2018-145765,OFF-PA-10001534,15.55,3,0.20,5.44,West,Office Supplies
CA-2018-145765-2,CA-2018-145765,TEC-AC-10000844,271.97,4,0.20,54.39,West,Technology
CA-2018-126914-0,CA-2018-126914,FUR-CH-10000847,698.35,3,0.20,52.38,South,Furniture
CA-2018-126914-1,CA-2018-126914,FUR-BO-10000468,77.73,2,0.20,-3.89,South,Furniture
CA-2016-169572-0,CA-2016-169572,OFF-BI-10002799,46.62,9,0.00,21.45,South,Office Supplies
CA-2018-162075-0,CA-2018-162075,TEC-PH-10001557,537.54,7,0.20,47.04,Central,Technology
CA-2015-162992-0,CA-2015-162992,OFF-LA-10001934,14.62,2,0.00,6.87,West,Office Supplies
CA-2015-162992-1,CA-2015-162992,OFF-FA-10004248,22.55,5,0.00,8.79,West,Office Supplies
CA-2015-162992-2,CA-2015-162992,TEC-PH-10001944,583.80,5,0.20,72.97,West,Technology
CA-2015-162992-3,CA-2015-162992,TEC-PH-10002085,211.17,4,0.20,15.84,West,Technology
CA-2017-106397-0,CA-2017-106397,OFF-PA-10003441,12.96,2,0.00,6.22,West,Office Supplies
CA-2017-106397-1,CA-2017-106397,OFF-AR-10004602,45.98,2,0.00,12.87,West,Office Supplies
US-2017-150140-0,US-2017-150140,TEC-PH-10002555,1294.75,5,0.00,336.63,East,Technology
CA-2015-116666-0,CA-2015-116666,TEC-CO-10001449,1799.97,5,0.40,240.00,East,Technology
CA-2018-148992-0,CA-2018-148992,OFF-PA-10004285,10.69,2,0.20,3.74,Central,Office Supplies
CA-2017-140935-0,CA-2017-140935,TEC-PH-10000562,221.98,2,0.00,62.15,Central,Technology
CA-2017-140935-1,CA-2017-140935,FUR-BO-10003966,341.96,2,0.00,54.71,Central,Furniture
CA-2015-157644-0,CA-2015-157644,TEC-AC-10003614,34.77,3,0.00,11.47,East,Technology
CA-2015-157644-1,CA-2015-157644,OFF-LA-10003148,18.90,3,0.00,8.69,East,Office Supplies
US-2018-100398-0,US-2018-100398,OFF-BI-10002133,102.72,3,0.20,37.24,West,Office Supplies
CA-2017-113082-0,CA-2017-113082,FUR-FU-10002813,40.48,2,0.00,14.57,East,Furniture
US-2018-110646-0,US-2018-110646,OFF-BI-10004330,33.28,3,0.70,-27.73,East,Office Supplies
US-2018-110646-1,US-2018-110646,TEC-PH-10002807,118.65,5,0.40,19.77,East,Technology
US-2018-110646-2,US-2018-110646,OFF-LA-10001404,14.76,5,0.20,4.98,East,Office Supplies
CA-2018-120614-0,CA-2018-120614,OFF-PA-10004911,37.52,4,0.00,18.01,West,Office Supplies
US-2017-140172-0,US-2017-140172,OFF-AP-10004233,207.14,3,0.10,48.33,Central,Office Supplies
US-2017-140172-1,US-2017-140172,OFF-AR-10002766,13.90,5,0.00,3.75,Central,Office Supplies
CA-2016-127754-0,CA-2016-127754,FUR-CH-10003199,266.35,3,0.20,13.32,West,Furniture
CA-2016-144274-0,CA-2016-144274,TEC-PH-10003012,307.98,2,0.00,89.31,East,Technology
CA-2016-144274-1,CA-2016-144274,OFF-PA-10001583,44.10,6,0.00,20.73,East,Office Supplies
CA-2016-144274-2,CA-2016-144274,OFF-AR-10001940,13.12,4,0.00,5.64,East,Office Supplies
CA-2016-144274-3,CA-2016-144274,OFF-EN-10003286,16.56,2,0.00,7.78,East,Office Supplies
CA-2016-144274-4,CA-2016-144274,OFF-PA-10003441,38.88,6,0.00,18.66,East,Office Supplies
CA-2016-142930-0,CA-2016-142930,OFF-PA-10003395,335.52,4,0.20,117.43,Central,Office Supplies
CA-2018-100622-0,CA-2018-100622,TEC-CO-10003236,959.98,2,0.20,311.99,South,Technology
CA-2018-100622-1,CA-2018-100622,OFF-BI-10002982,4.09,2,0.70,-3.00,South,Office Supplies
CA-2018-100622-2,CA-2018-100622,OFF-AR-10004010,55.98,2,0.20,4.20,South,Office Supplies
CA-2018-100622-3,CA-2018-100622,OFF-PA-10002947,10.69,2,0.20,3.74,South,Office Supplies
CA-2018-117156-0,CA-2018-117156,OFF-EN-10003845,8.86,3,0.20,2.88,East,Office Supplies
CA-2016-115399-0,CA-2016-115399,OFF-LA-10003190,6.91,3,0.20,2.51,East,Office Supplies
US-2015-157847-0,US-2015-157847,OFF-PA-10002986,26.72,5,0.20,9.35,Central,Office Supplies
US-2015-157847-1,US-2015-157847,OFF-PA-10001593,33.49,7,0.20,10.46,Central,Office Supplies
CA-2016-115168-0,CA-2016-115168,OFF-PA-10000528,10.56,2,0.00,4.75,Central,Office Supplies
CA-2015-109680-0,CA-2015-109680,OFF-ST-10001932,386.34,2,0.00,54.09,Central,Office Supplies
CA-2017-167983-0,CA-2017-167983,OFF-BI-10003727,33.44,10,0.20,11.70,West,Office Supplies
CA-2016-145324-0,CA-2016-145324,FUR-FU-10002759,39.96,2,0.00,14.39,South,Furniture
CA-2016-153423-0,CA-2016-153423,OFF-BI-10000545,1217.57,2,0.20,456.59,East,Office Supplies
US-2018-132675-0,US-2018-132675,OFF-ST-10004950,15.51,1,0.00,3.88,South,Office Supplies
US-2018-132675-1,US-2018-132675,TEC-PH-10003171,89.90,2,0.00,25.17,South,Technology
US-2018-132675-2,US-2018-132675,OFF-AR-10000614,14.28,4,0.00,3.71,South,Office Supplies
US-2018-132675-3,US-2018-132675,OFF-AR-10000034,12.72,3,0.00,4.96,South,Office Supplies
US-2018-132675-4,US-2018-132675,OFF-LA-10003766,15.75,5,0.00,7.56,South,Office Supplies
CA-2015-153808-0,CA-2015-153808,OFF-AR-10001725,70.95,3,0.00,18.45,West,Office Supplies
CA-2015-153808-1,CA-2015-153808,OFF-BI-10002794,65.57,2,0.20,23.77,West,Office Supplies
CA-2015-153808-2,CA-2015-153808,TEC-AC-10004171,299.97,3,0.00,131.99,West,Technology
US-2017-112396-0,US-2017-112396,TEC-AC-10003628,89.97,3,0.00,39.59,West,Technology
US-2017-112396-1,US-2017-112396,TEC-AC-10004761,31.86,2,0.00,11.15,West,Technology
CA-2015-141173-0,CA-2015-141173,OFF-ST-10000885,67.15,5,0.00,16.79,Central,Office Supplies
CA-2018-156664-0,CA-2018-156664,OFF-BI-10004209,7.24,3,0.70,-6.03,East,Office Supplies
CA-2018-156664-1,CA-2018-156664,OFF-FA-10002988,4.82,3,0.20,1.75,East,Office Supplies
CA-2018-156664-2,CA-2018-156664,OFF-PA-10002222,91.36,5,0.20,29.69,East,Office Supplies
CA-2018-156664-3,CA-2018-156664,OFF-AP-10004487,130.11,2,0.20,13.01,East,Office Supplies
CA-2016-140718-0,CA-2016-140718,TEC-PH-10003505,74.24,1,0.20,8.35,South,Technology
CA-2016-140718-1,CA-2016-140718,FUR-FU-10000076,159.84,10,0.20,45.95,South,Furniture
CA-2016-140718-2,CA-2016-140718,OFF-BI-10004728,2.89,2,0.70,-2.31,South,Office Supplies
CA-2016-140718-3,CA-2016-140718,OFF-PA-10002250,9.39,2,0.20,3.29,South,Office Supplies
CA-2015-119977-0,CA-2015-119977,OFF-PA-10003823,123.92,4,0.00,55.76,East,Office Supplies
US-2016-115343-0,US-2016-115343,OFF-SU-10000898,55.60,5,0.20,6.25,East,Office Supplies
US-2016-115343-1,US-2016-115343,TEC-AC-10003832,617.98,3,0.20,-7.72,East,Technology
CA-2018-163671-0,CA-2018-163671,OFF-BI-10001679,21.31,3,0.20,7.99,West,Office Supplies
CA-2018-135909-0,CA-2018-135909,TEC-AC-10002335,209.94,6,0.00,39.89,West,Technology
CA-2018-135909-1,CA-2018-135909,TEC-PH-10003187,31.98,2,0.20,-8.00,West,Technology
CA-2018-135909-2,CA-2018-135909,OFF-BI-10003527,5083.96,5,0.20,1906.48,West,Office Supplies
US-2018-114356-0,US-2018-114356,TEC-PH-10003171,35.96,1,0.20,3.60,South,Technology
CA-2016-125934-0,CA-2016-125934,OFF-LA-10000414,31.05,3,0.00,14.90,East,Office Supplies
CA-2016-125934-1,CA-2016-125934,FUR-FU-10002107,8.92,4,0.00,3.92,East,Furniture
CA-2016-125934-2,CA-2016-125934,OFF-BI-10004593,209.60,4,0.00,96.42,East,Office Supplies
CA-2016-125934-3,CA-2016-125934,OFF-AP-10003860,111.04,4,0.00,29.98,East,Office Supplies
CA-2016-125934-4,CA-2016-125934,OFF-PA-10000556,38.88,6,0.00,18.66,East,Office Supplies
CA-2016-158148-0,CA-2016-158148,OFF-AP-10003281,36.27,3,0.00,10.88,South,Office Supplies
CA-2015-120411-0,CA-2015-120411,FUR-BO-10004218,493.43,5,0.30,-70.49,Central,Furniture
CA-2015-120411-1,CA-2015-120411,TEC-PH-10002185,11.12,2,0.20,3.48,Central,Technology
CA-2017-158260-0,CA-2017-158260,TEC-MA-10003176,686.40,2,0.20,77.22,West,Technology
CA-2018-101805-0,CA-2018-101805,OFF-BI-10002003,15.92,5,0.20,5.37,West,Office Supplies
CA-2018-101805-1,CA-2018-101805,FUR-FU-10000023,70.68,12,0.00,31.10,West,Furniture
CA-2018-101805-2,CA-2018-101805,OFF-ST-10002756,541.24,4,0.00,5.41,West,Office Supplies
US-2015-105137-0,US-2015-105137,TEC-MA-10002694,101.99,2,0.70,-71.40,East,Technology
US-2015-105137-1,US-2015-105137,OFF-BI-10002429,18.26,2,0.70,-13.39,East,Office Supplies
CA-2018-142489-0,CA-2018-142489,OFF-BI-10003684,21.99,5,0.80,-32.98,Central,Office Supplies
US-2017-141264-0,US-2017-141264,OFF-SU-10003505,185.38,2,0.20,-34.76,Central,Office Supplies
US-2017-141264-1,US-2017-141264,OFF-AP-10002534,58.92,1,0.80,-153.20,Central,Office Supplies
CA-2018-126928-0,CA-2018-126928,TEC-MA-10004626,480.00,4,0.00,225.60,East,Technology
CA-2018-126928-1,CA-2018-126928,OFF-ST-10000615,34.05,3,0.00,9.53,East,Office Supplies
US-2016-107944-0,US-2016-107944,OFF-PA-10000659,192.72,11,0.00,92.51,West,Office Supplies
US-2016-107944-1,US-2016-107944,TEC-AC-10000736,239.97,3,0.00,86.39,West,Technology
CA-2017-135594-0,CA-2017-135594,TEC-AC-10003038,50.12,7,0.20,-0.63,Central,Technology
US-2018-115252-0,US-2018-115252,TEC-PH-10004071,15.98,2,0.20,1.40,South,Technology
US-2018-115252-1,US-2018-115252,OFF-PA-10001667,14.35,3,0.20,4.49,South,Office Supplies
CA-2015-107398-0,CA-2015-107398,OFF-BI-10001982,6.53,4,0.70,-4.57,East,Office Supplies
CA-2015-107398-1,CA-2015-107398,OFF-BI-10004141,2.86,3,0.70,-2.29,East,Office Supplies
CA-2015-107398-2,CA-2015-107398,OFF-BI-10002103,20.86,8,0.70,-16.68,East,Office Supplies
CA-2015-169642-0,CA-2015-169642,OFF-ST-10002574,276.28,2,0.00,0.00,West,Office Supplies
CA-2018-103968-0,CA-2018-103968,FUR-FU-10003394,629.64,9,0.00,107.04,West,Furniture
CA-2017-147256-0,CA-2017-147256,TEC-PH-10003072,449.97,3,0.00,220.49,Central,Technology
CA-2017-147256-1,CA-2017-147256,OFF-AP-10003057,1927.59,7,0.00,751.76,Central,Office Supplies
CA-2017-162159-0,CA-2017-162159,FUR-CH-10001146,121.78,2,0.00,30.45,South,Furniture
CA-2016-111038-0,CA-2016-111038,FUR-CH-10003973,2676.67,9,0.20,267.67,West,Furniture
CA-2015-124723-0,CA-2015-124723,FUR-TA-10001307,489.23,2,0.30,41.93,Central,Furniture
CA-2017-167241-0,CA-2017-167241,FUR-FU-10004071,312.03,3,0.00,43.68,West,Furniture
CA-2017-167241-1,CA-2017-167241,OFF-ST-10001505,17.94,3,0.00,3.05,West,Office Supplies
CA-2017-167241-2,CA-2017-167241,TEC-PH-10004614,165.60,3,0.20,10.35,West,Technology
CA-2017-167241-3,CA-2017-167241,OFF-PA-10004911,37.52,4,0.00,18.01,West,Office Supplies
CA-2016-163237-0,CA-2016-163237,TEC-PH-10003601,494.97,3,0.00,148.49,South,Technology
CA-2016-163237-1,CA-2016-163237,OFF-LA-10004545,25.06,2,0.00,11.78,South,Office Supplies
CA-2017-150483-0,CA-2017-150483,FUR-FU-10001379,32.06,3,0.60,-12.83,Central,Furniture
CA-2017-150483-1,CA-2017-150483,OFF-PA-10001846,18.50,4,0.20,6.70,Central,Office Supplies
CA-2017-150483-2,CA-2017-150483,FUR-CH-10000422,191.08,3,0.30,-38.22,Central,Furniture
CA-2017-150483-3,CA-2017-150483,OFF-PA-10004621,10.37,2,0.20,3.63,Central,Office Supplies
US-2017-126431-0,US-2017-126431,OFF-LA-10001474,30.53,1,0.00,14.04,East,Office Supplies
US-2017-126431-1,US-2017-126431,TEC-AC-10001635,30.84,3,0.00,6.17,East,Technology
US-2017-126431-2,US-2017-126431,OFF-PA-10001950,75.06,9,0.00,33.78,East,Office Supplies
CA-2017-139934-0,CA-2017-139934,TEC-PH-10001552,66.98,7,0.20,6.70,West,Technology
CA-2016-109603-0,CA-2016-109603,OFF-PA-10003790,182.72,8,0.00,84.05,West,Office Supplies
CA-2018-160661-0,CA-2018-160661,OFF-LA-10002475,21.93,3,0.00,10.31,East,Office Supplies
CA-2018-102610-0,CA-2018-102610,TEC-AC-10000303,95.98,3,0.20,15.60,South,Technology
CA-2018-102610-1,CA-2018-102610,TEC-PH-10000127,143.93,9,0.20,-32.38,South,Technology
CA-2018-102610-2,CA-2018-102610,OFF-BI-10004364,3.56,2,0.70,-2.97,South,Office Supplies
CA-2018-102610-3,CA-2018-102610,OFF-LA-10002195,4.93,2,0.20,1.72,South,Office Supplies
US-2017-144057-0,US-2017-144057,OFF-ST-10001490,856.66,6,0.20,107.08,Central,Office Supplies
US-2017-144057-1,US-2017-144057,OFF-BI-10002852,13.18,4,0.80,-20.44,Central,Office Supplies
US-2017-144057-2,US-2017-144057,OFF-AP-10000390,48.78,4,0.80,-131.72,Central,Office Supplies
US-2017-144057-3,US-2017-144057,OFF-PA-10004327,76.64,2,0.20,26.82,Central,Office Supplies
US-2017-144057-4,US-2017-144057,OFF-BI-10002353,18.53,6,0.80,-27.79,Central,Office Supplies
CA-2015-160276-0,CA-2015-160276,FUR-FU-10003192,177.68,2,0.00,46.20,South,Furniture
CA-2015-132983-0,CA-2015-132983,TEC-AC-10000736,159.98,2,0.00,57.59,East,Technology
CA-2017-145709-0,CA-2017-145709,TEC-PH-10003095,52.68,3,0.20,19.75,South,Technology
CA-2017-145709-1,CA-2017-145709,FUR-FU-10002885,11.57,3,0.20,2.60,South,Furniture
CA-2018-133928-0,CA-2018-133928,OFF-BI-10001525,4.57,4,0.70,-3.81,South,Office Supplies
CA-2017-168032-0,CA-2017-168032,TEC-PH-10004241,1439.97,4,0.20,144.00,Central,Technology
CA-2017-168032-1,CA-2017-168032,OFF-BI-10000546,1.73,3,0.80,-2.68,Central,Office Supplies
CA-2017-168032-2,CA-2017-168032,FUR-TA-10004256,626.10,3,0.50,-538.45,Central,Furniture
CA-2016-143616-0,CA-2016-143616,OFF-AR-10002067,99.20,5,0.00,25.79,West,Office Supplies
US-2016-168704-0,US-2016-168704,FUR-TA-10000688,609.98,4,0.30,-113.28,Central,Furniture
US-2016-168704-1,US-2016-168704,FUR-TA-10002530,211.37,2,0.30,-45.29,Central,Furniture
US-2016-168704-2,US-2016-168704,TEC-PH-10001061,239.98,3,0.20,18.00,Central,Technology
CA-2018-143252-0,CA-2018-143252,FUR-FU-10001057,99.95,5,0.00,22.99,Central,Furniture
CA-2018-143252-1,CA-2018-143252,TEC-AC-10002331,29.34,3,0.00,10.86,Central,Technology
CA-2017-102134-0,CA-2017-102134,FUR-FU-10003724,16.74,2,0.00,4.35,Central,Furniture
CA-2018-130036-0,CA-2018-130036,OFF-PA-10000528,12.67,3,0.20,3.96,East,Office Supplies
CA-2018-130036-1,CA-2018-130036,TEC-AC-10001908,1119.89,14,0.20,209.98,East,Technology
CA-2016-134117-0,CA-2016-134117,OFF-AR-10003903,204.85,5,0.00,53.26,West,Office Supplies
CA-2016-134117-1,CA-2016-134117,TEC-PH-10004908,135.98,2,0.20,17.00,West,Technology
CA-2016-134117-2,CA-2016-134117,OFF-AR-10001940,16.40,5,0.00,7.05,West,Office Supplies
CA-2016-134117-3,CA-2016-134117,OFF-BI-10002026,92.96,2,0.20,31.37,West,Office Supplies
CA-2015-130918-0,CA-2015-130918,OFF-SU-10003936,7.63,3,0.20,-1.81,South,Office Supplies
CA-2017-159023-0,CA-2017-159023,OFF-BI-10002813,4.16,7,0.70,-3.46,West,Office Supplies
CA-2017-159023-1,CA-2017-159023,TEC-MA-10003337,179.99,3,0.70,-251.99,West,Technology
CA-2018-111717-0,CA-2018-111717,FUR-CH-10001545,239.36,3,0.30,-47.87,Central,Furniture
CA-2015-154592-0,CA-2015-154592,OFF-PA-10000062,164.88,3,0.00,80.79,West,Office Supplies
CA-2015-128622-0,CA-2015-128622,OFF-SU-10001574,10.95,3,0.00,3.29,West,Office Supplies
CA-2018-148355-0,CA-2018-148355,OFF-PA-10001972,19.44,3,0.00,9.33,East,Office Supplies
CA-2018-148355-1,CA-2018-148355,OFF-BI-10000201,12.30,5,0.00,6.15,East,Office Supplies
CA-2015-132913-0,CA-2015-132913,OFF-AP-10003278,13.97,1,0.00,3.63,West,Office Supplies
CA-2018-150910-0,CA-2018-150910,FUR-TA-10002903,934.96,6,0.40,-249.32,South,Furniture
CA-2018-150910-1,CA-2018-150910,TEC-AC-10001013,46.86,2,0.20,7.62,South,Technology
CA-2018-150910-2,CA-2018-150910,OFF-ST-10000918,26.16,3,0.20,1.96,South,Office Supplies
CA-2018-150910-3,CA-2018-150910,OFF-AR-10001419,23.13,7,0.20,2.89,South,Office Supplies
CA-2018-150910-4,CA-2018-150910,OFF-AP-10003266,59.24,5,0.20,16.29,South,Office Supplies
CA-2015-156790-0,CA-2015-156790,FUR-BO-10000468,155.46,4,0.20,-7.77,South,Furniture
CA-2015-126480-0,CA-2015-126480,OFF-PA-10004610,8.56,2,0.00,3.85,West,Office Supplies
CA-2018-105620-0,CA-2018-105620,FUR-FU-10004963,21.00,3,0.20,5.78,South,Furniture
CA-2018-105620-1,CA-2018-105620,TEC-MA-10004626,120.00,2,0.50,-7.20,South,Technology
CA-2018-150266-0,CA-2018-150266,TEC-PH-10003437,299.96,5,0.20,37.49,Central,Technology
CA-2018-150266-1,CA-2018-150266,OFF-AP-10002867,67.84,5,0.80,-179.78,Central,Office Supplies
CA-2018-150266-2,CA-2018-150266,FUR-CH-10002126,853.93,5,0.30,-24.40,Central,Furniture
CA-2018-150266-3,CA-2018-150266,OFF-AR-10001761,18.69,4,0.20,3.74,Central,Office Supplies
CA-2017-157280-0,CA-2017-157280,FUR-FU-10004665,273.96,2,0.00,71.23,South,Furniture
CA-2017-157280-1,CA-2017-157280,TEC-AC-10000057,89.97,3,0.00,18.89,South,Technology
CA-2017-157280-2,CA-2017-157280,FUR-FU-10003806,756.80,5,0.00,75.68,South,Furniture
CA-2018-106691-0,CA-2018-106691,OFF-BI-10000145,1.25,2,0.80,-1.93,Central,Office Supplies
CA-2017-134180-0,CA-2017-134180,TEC-AC-10000892,72.00,1,0.20,14.40,East,Technology
CA-2017-134180-1,CA-2017-134180,FUR-CH-10004886,470.15,7,0.30,-13.43,East,Furniture
CA-2015-166730-0,CA-2015-166730,OFF-ST-10002554,39.13,1,0.20,-8.80,South,Office Supplies
CA-2018-157469-0,CA-2018-157469,OFF-AR-10001662,19.73,9,0.20,1.73,East,Office Supplies
CA-2018-157469-1,CA-2018-157469,TEC-PH-10004531,151.19,2,0.40,-25.20,East,Technology
CA-2018-122308-0,CA-2018-122308,FUR-CH-10000665,271.76,2,0.10,60.39,East,Furniture
US-2015-149034-0,US-2015-149034,TEC-AC-10003023,47.50,1,0.20,-1.19,East,Technology
CA-2018-159226-0,CA-2018-159226,FUR-BO-10004709,344.98,7,0.15,28.41,West,Furniture
CA-2018-156622-0,CA-2018-156622,OFF-PA-10000477,36.29,7,0.20,12.70,Central,Office Supplies
CA-2018-156622-1,CA-2018-156622,OFF-PA-10002923,78.30,2,0.20,29.36,Central,Office Supplies
CA-2018-156622-2,CA-2018-156622,FUR-TA-10003008,127.78,1,0.30,-31.03,Central,Furniture
CA-2018-156622-3,CA-2018-156622,OFF-BI-10003707,6.10,2,0.80,-9.16,Central,Office Supplies
CA-2015-119529-0,CA-2015-119529,OFF-BI-10000546,5.76,2,0.00,2.82,East,Office Supplies
CA-2016-150413-0,CA-2016-150413,OFF-BI-10000404,1.72,1,0.80,-2.84,Central,Office Supplies
CA-2015-108182-0,CA-2015-108182,OFF-BI-10001196,8.95,2,0.80,-14.77,Central,Office Supplies
CA-2017-110898-0,CA-2017-110898,OFF-AP-10001626,2.33,3,0.80,-6.30,Central,Office Supplies
CA-2017-110898-1,CA-2017-110898,OFF-BI-10004656,1.73,4,0.80,-2.76,Central,Office Supplies
CA-2017-110898-2,CA-2017-110898,FUR-FU-10003773,159.04,5,0.60,-194.82,Central,Furniture
CA-2017-110898-3,CA-2017-110898,FUR-TA-10000849,145.98,2,0.50,-99.27,Central,Furniture
CA-2016-123092-0,CA-2016-123092,FUR-FU-10000222,77.95,3,0.20,12.67,South,Furniture
CA-2016-123092-1,CA-2016-123092,OFF-BI-10001718,95.97,5,0.70,-73.58,South,Office Supplies
CA-2016-123092-2,CA-2016-123092,TEC-PH-10001700,105.58,2,0.20,9.24,South,Technology
CA-2016-123092-3,CA-2016-123092,OFF-AR-10004078,9.34,2,0.20,1.17,South,Office Supplies
US-2016-128587-0,US-2016-128587,FUR-FU-10003026,9.68,2,0.00,3.78,Central,Furniture
US-2016-128587-1,US-2016-128587,TEC-CO-10003763,4899.93,7,0.00,2302.97,Central,Technology
US-2018-139577-0,US-2018-139577,TEC-AC-10004708,104.75,5,0.00,22.00,West,Technology
CA-2018-159100-0,CA-2018-159100,TEC-AC-10003499,18.53,2,0.20,4.40,South,Technology
CA-2018-159100-1,CA-2018-159100,FUR-TA-10001950,1875.26,7,0.40,-968.88,South,Furniture
CA-2015-109043-0,CA-2015-109043,OFF-PA-10000312,91.36,5,0.20,29.69,South,Office Supplies
CA-2015-109043-1,CA-2015-109043,OFF-AP-10004708,152.24,5,0.20,17.13,South,Office Supplies
US-2018-116491-0,US-2018-116491,TEC-PH-10004531,35.18,2,0.20,12.31,Central,Technology
CA-2018-122763-0,CA-2018-122763,OFF-PA-10000474,56.70,2,0.20,19.14,Central,Office Supplies
CA-2018-122763-1,CA-2018-122763,OFF-PA-10002377,274.06,7,0.20,102.77,Central,Office Supplies
CA-2018-137785-0,CA-2018-137785,FUR-CH-10001482,458.43,5,0.30,-124.43,East,Furniture
CA-2015-133389-0,CA-2015-133389,OFF-BI-10001553,8.23,3,0.70,-6.03,West,Office Supplies
CA-2015-103807-0,CA-2015-103807,TEC-AC-10000199,5.95,1,0.00,0.83,South,Technology
CA-2015-103807-1,CA-2015-103807,OFF-PA-10002195,15.24,3,0.00,7.16,South,Office Supplies
CA-2016-102855-0,CA-2016-102855,TEC-AC-10001767,239.94,6,0.00,26.39,West,Technology
CA-2016-102855-1,CA-2016-102855,OFF-AR-10002467,23.84,8,0.00,6.44,West,Office Supplies
CA-2018-107825-0,CA-2018-107825,OFF-ST-10001321,92.52,6,0.00,24.98,Central,Office Supplies
CA-2018-107825-1,CA-2018-107825,OFF-ST-10000777,37.76,1,0.00,10.57,Central,Office Supplies
CA-2018-107825-2,CA-2018-107825,OFF-LA-10003720,7.38,2,0.00,3.47,Central,Office Supplies
CA-2018-107825-3,CA-2018-107825,FUR-FU-10000206,5.82,2,0.00,2.74,Central,Furniture
CA-2018-106047-0,CA-2018-106047,OFF-PA-10000791,3.82,1,0.20,1.19,East,Office Supplies
CA-2018-127803-0,CA-2018-127803,OFF-BI-10001787,26.16,4,0.00,12.82,South,Office Supplies
CA-2016-137071-0,CA-2016-137071,TEC-AC-10004353,100.80,2,0.20,21.42,Central,Technology
CA-2017-121447-0,CA-2017-121447,FUR-FU-10001861,135.80,7,0.00,66.54,East,Furniture
CA-2018-143084-0,CA-2018-143084,OFF-AR-10002766,13.90,5,0.00,3.75,West,Office Supplies
CA-2018-143084-1,CA-2018-143084,OFF-EN-10003072,19.40,5,0.00,9.31,West,Office Supplies
CA-2017-131639-0,CA-2017-131639,OFF-BI-10001636,13.49,2,0.20,4.38,West,Office Supplies
CA-2017-131639-1,CA-2017-131639,OFF-BI-10000948,11.42,1,0.20,3.85,West,Office Supplies
CA-2017-161361-0,CA-2017-161361,OFF-PA-10001838,17.64,3,0.00,8.64,West,Office Supplies
CA-2017-161361-1,CA-2017-161361,OFF-BI-10002215,17.04,3,0.20,5.54,West,Office Supplies
CA-2015-100706-0,CA-2015-100706,TEC-AC-10001314,99.98,2,0.00,8.00,South,Technology
CA-2015-100706-1,CA-2015-100706,FUR-FU-10002268,29.46,6,0.00,9.72,South,Furniture
CA-2016-129525-0,CA-2016-129525,OFF-BI-10002133,166.92,13,0.70,-116.84,East,Office Supplies
US-2017-141880-0,US-2017-141880,FUR-FU-10001979,98.33,3,0.20,9.83,West,Furniture
CA-2016-165799-0,CA-2016-165799,FUR-CH-10001482,117.88,1,0.10,1.31,East,Furniture
CA-2017-102127-0,CA-2017-102127,TEC-AC-10002018,20.97,3,0.00,9.02,East,Technology
CA-2017-102127-1,CA-2017-102127,TEC-AC-10000397,139.96,4,0.00,9.80,East,Technology
CA-2017-102127-2,CA-2017-102127,FUR-FU-10003976,37.74,3,0.00,12.83,East,Furniture
US-2017-152415-0,US-2017-152415,FUR-FU-10002597,14.82,3,0.00,6.22,East,Furniture
US-2017-152415-1,US-2017-152415,FUR-FU-10004864,191.82,3,0.00,61.38,East,Furniture
CA-2015-138198-0,CA-2015-138198,OFF-BI-10002103,13.90,2,0.20,4.52,East,Office Supplies
CA-2018-128041-0,CA-2018-128041,OFF-AP-10001005,314.60,4,0.00,103.82,West,Office Supplies
CA-2018-128041-1,CA-2018-128041,FUR-TA-10002607,283.56,4,0.00,45.37,West,Furniture
CA-2018-105823-0,CA-2018-105823,FUR-CH-10000454,487.96,2,0.00,146.39,Central,Furniture
CA-2015-152268-0,CA-2015-152268,OFF-BI-10001359,1793.98,2,0.00,843.17,South,Office Supplies
CA-2016-148873-0,CA-2016-148873,OFF-BI-10003196,2.99,4,0.80,-4.49,Central,Office Supplies
CA-2016-148873-1,CA-2016-148873,TEC-AC-10003657,108.77,4,0.20,2.72,Central,Technology
CA-2016-166492-0,CA-2016-166492,OFF-PA-10002262,25.92,4,0.00,12.44,East,Office Supplies
CA-2016-166492-1,CA-2016-166492,OFF-ST-10002214,22.58,2,0.00,5.87,East,Office Supplies
CA-2018-157420-0,CA-2018-157420,TEC-PH-10003555,55.18,3,0.20,-12.41,Central,Technology
CA-2017-117121-0,CA-2017-117121,OFF-BI-10000545,9892.74,13,0.00,4946.37,Central,Office Supplies
CA-2015-138177-0,CA-2015-138177,FUR-TA-10004607,73.92,1,0.50,-45.83,West,Furniture
CA-2015-114335-0,CA-2015-114335,FUR-FU-10000277,337.09,4,0.20,16.85,South,Furniture
CA-2016-168760-0,CA-2016-168760,OFF-AP-10004532,61.44,3,0.00,16.59,West,Office Supplies
CA-2017-168830-0,CA-2017-168830,TEC-AC-10003911,479.97,3,0.00,163.19,West,Technology
CA-2018-137463-0,CA-2018-137463,OFF-BI-10003196,5.98,2,0.20,2.24,West,Office Supplies
CA-2018-137463-1,CA-2018-137463,TEC-AC-10000358,189.95,5,0.00,45.59,West,Technology
CA-2018-137463-2,CA-2018-137463,TEC-AC-10000057,149.95,5,0.00,31.49,West,Technology
CA-2018-137463-3,CA-2018-137463,OFF-AR-10001988,29.95,5,0.00,8.69,West,Office Supplies
CA-2018-137463-4,CA-2018-137463,OFF-LA-10003498,44.40,3,0.00,22.20,West,Office Supplies
CA-2015-124513-0,CA-2015-124513,OFF-AR-10002956,66.03,3,0.00,17.17,East,Office Supplies
CA-2016-165554-0,CA-2016-165554,OFF-PA-10003724,10.86,2,0.00,5.32,West,Office Supplies
CA-2015-141838-0,CA-2015-141838,OFF-AR-10004272,3.36,2,0.00,0.84,West,Office Supplies
CA-2015-141838-1,CA-2015-141838,OFF-BI-10003291,27.94,4,0.20,9.43,West,Office Supplies
CA-2015-141838-2,CA-2015-141838,TEC-PH-10004100,28.78,2,0.20,2.88,West,Technology
CA-2018-117009-0,CA-2018-117009,OFF-SU-10001218,21.96,2,0.00,6.15,West,Office Supplies
CA-2016-128993-0,CA-2016-128993,TEC-AC-10004209,21.98,2,0.00,8.57,West,Technology
CA-2016-160227-0,CA-2016-160227,FUR-CH-10002073,2621.32,11,0.10,553.39,East,Furniture
CA-2016-149097-0,CA-2016-149097,FUR-FU-10003424,74.76,7,0.00,23.92,West,Furniture
CA-2016-149097-1,CA-2016-149097,FUR-TA-10001086,364.78,3,0.20,27.36,West,Furniture
CA-2017-132304-0,CA-2017-132304,FUR-TA-10004619,1115.17,7,0.00,334.55,West,Furniture
CA-2016-136420-0,CA-2016-136420,OFF-BI-10002854,89.70,4,0.20,33.64,West,Office Supplies
CA-2016-136420-1,CA-2016-136420,OFF-LA-10002762,50.12,4,0.00,23.56,West,Office Supplies
CA-2017-101623-0,CA-2017-101623,OFF-FA-10003495,36.48,6,0.00,18.24,East,Office Supplies
US-2015-151015-0,US-2015-151015,OFF-PA-10002581,322.19,13,0.20,100.69,Central,Office Supplies
US-2015-151015-1,US-2015-151015,OFF-BI-10000343,2.95,3,0.80,-4.86,Central,Office Supplies
US-2015-151015-2,US-2015-151015,OFF-PA-10001184,19.14,4,0.20,6.94,Central,Office Supplies
CA-2018-152968-0,CA-2018-152968,TEC-AC-10000521,23.08,2,0.00,6.92,South,Technology
CA-2017-150077-0,CA-2017-150077,TEC-PH-10002890,90.48,2,0.00,23.52,East,Technology
CA-2017-106278-0,CA-2017-106278,FUR-CH-10003061,215.98,3,0.20,-2.70,West,Furniture
CA-2017-106278-1,CA-2017-106278,OFF-EN-10003567,65.94,3,0.00,30.99,West,Office Supplies
CA-2018-147550-0,CA-2018-147550,FUR-FU-10001918,11.35,3,0.20,2.70,East,Furniture
CA-2016-136105-0,CA-2016-136105,OFF-ST-10002444,24.56,2,0.00,6.88,Central,Office Supplies
CA-2017-142524-0,CA-2017-142524,OFF-EN-10003286,16.56,2,0.00,7.78,Central,Office Supplies
CA-2017-142524-1,CA-2017-142524,TEC-AC-10000109,279.95,5,0.00,67.19,Central,Technology
CA-2015-136336-0,CA-2015-136336,OFF-ST-10002574,828.84,6,0.00,0.00,South,Office Supplies
US-2016-136259-0,US-2016-136259,OFF-BI-10000773,7.22,3,0.70,-5.53,East,Office Supplies
US-2016-136259-1,US-2016-136259,OFF-SU-10004661,27.20,4,0.20,2.04,East,Office Supplies
US-2015-124625-0,US-2015-124625,TEC-AC-10003280,89.97,3,0.00,18.89,Central,Technology
CA-2017-108105-0,CA-2017-108105,FUR-FU-10003773,318.08,4,0.00,34.99,South,Furniture
CA-2017-108105-1,CA-2017-108105,OFF-BI-10002412,5.80,1,0.00,2.61,South,Office Supplies
CA-2018-166898-0,CA-2018-166898,TEC-PH-10002564,143.95,6,0.20,17.99,West,Technology
CA-2018-166898-1,CA-2018-166898,OFF-PA-10002262,19.44,3,0.00,9.33,West,Office Supplies
CA-2018-169005-0,CA-2018-169005,OFF-AR-10000246,5.56,2,0.00,1.45,South,Office Supplies
CA-2016-104038-0,CA-2016-104038,OFF-ST-10002554,146.73,3,0.00,2.93,South,Office Supplies
CA-2016-104038-1,CA-2016-104038,OFF-PA-10002751,29.90,5,0.00,13.46,South,Office Supplies
CA-2017-126102-0,CA-2017-126102,OFF-BI-10004318,276.78,2,0.20,89.95,West,Office Supplies
CA-2017-143406-0,CA-2017-143406,OFF-AP-10001564,93.03,2,0.80,-251.19,Central,Office Supplies
CA-2017-143406-1,CA-2017-143406,FUR-CH-10000513,454.96,5,0.30,-136.49,Central,Furniture
CA-2016-150308-0,CA-2016-150308,TEC-PH-10001433,246.17,3,0.20,21.54,South,Technology
CA-2017-131093-0,CA-2017-131093,OFF-ST-10002790,295.40,5,0.20,-62.77,East,Office Supplies
US-2018-148831-0,US-2018-148831,OFF-ST-10002974,348.56,8,0.00,104.57,South,Office Supplies
CA-2016-162950-0,CA-2016-162950,OFF-PA-10003177,15.55,3,0.20,5.44,East,Office Supplies
CA-2016-162950-1,CA-2016-162950,FUR-BO-10001918,482.94,6,0.50,-376.69,East,Furniture
US-2016-132836-0,US-2016-132836,TEC-PH-10001299,299.98,2,0.00,83.99,Central,Technology
US-2016-132836-1,US-2016-132836,OFF-BI-10004224,403.68,6,0.00,181.66,Central,Office Supplies
US-2016-132836-2,US-2016-132836,TEC-PH-10001300,41.90,2,0.00,11.73,Central,Technology
US-2016-132836-3,US-2016-132836,OFF-LA-10004178,28.91,7,0.00,13.30,Central,Office Supplies
US-2015-158365-0,US-2015-158365,OFF-PA-10000289,32.40,5,0.00,15.55,Central,Office Supplies
CA-2018-152933-0,CA-2018-152933,TEC-PH-10002085,369.54,7,0.20,27.72,Central,Technology
CA-2018-152933-1,CA-2018-152933,OFF-PA-10001934,10.37,2,0.20,3.76,Central,Office Supplies
CA-2018-152933-2,CA-2018-152933,TEC-AC-10003033,791.88,3,0.20,128.68,Central,Technology
CA-2016-163181-0,CA-2016-163181,OFF-AR-10001683,23.64,3,0.20,5.32,Central,Office Supplies
CA-2016-163181-1,CA-2016-163181,OFF-ST-10001713,84.78,2,0.20,-16.96,Central,Office Supplies
CA-2016-163181-2,CA-2016-163181,FUR-FU-10000193,64.96,5,0.60,-84.45,Central,Furniture
CA-2016-163181-3,CA-2016-163181,OFF-BI-10000474,32.06,10,0.80,-51.30,Central,Office Supplies
CA-2016-163181-4,CA-2016-163181,OFF-ST-10000129,177.65,2,0.20,-28.87,Central,Office Supplies
CA-2016-163181-5,CA-2016-163181,TEC-MA-10001016,287.91,3,0.40,33.59,Central,Technology
CA-2016-132941-0,CA-2016-132941,OFF-SU-10002557,22.37,2,0.20,1.68,Central,Office Supplies
CA-2016-132941-1,CA-2016-132941,OFF-PA-10002160,32.37,7,0.20,11.73,Central,Office Supplies
CA-2016-132941-2,CA-2016-132941,TEC-AC-10003095,207.98,2,0.20,36.40,Central,Technology
CA-2015-132010-0,CA-2015-132010,OFF-EN-10003160,36.40,5,0.00,17.47,South,Office Supplies
CA-2015-132010-1,CA-2015-132010,TEC-AC-10001542,22.96,2,0.00,4.36,South,Technology
CA-2015-132010-2,CA-2015-132010,OFF-ST-10003641,315.20,4,0.00,6.30,South,Office Supplies
CA-2015-132010-3,CA-2015-132010,OFF-BI-10002432,15.18,3,0.00,7.13,South,Office Supplies
CA-2017-135461-0,CA-2017-135461,TEC-PH-10004094,623.96,5,0.20,39.00,West,Technology
CA-2018-153045-0,CA-2018-153045,TEC-PH-10001817,429.60,2,0.40,-93.08,East,Technology
CA-2018-153045-1,CA-2018-153045,FUR-FU-10002759,31.97,2,0.20,6.39,East,Furniture
CA-2018-153045-2,CA-2018-153045,FUR-CH-10000309,887.27,3,0.30,-63.38,East,Furniture
CA-2018-153045-3,CA-2018-153045,OFF-PA-10003673,21.70,4,0.20,7.05,East,Office Supplies
US-2017-155971-0,US-2017-155971,OFF-LA-10000452,22.05,7,0.00,10.58,West,Office Supplies
US-2017-155971-1,US-2017-155971,OFF-PA-10000210,99.90,5,0.00,46.95,West,Office Supplies
CA-2018-122007-0,CA-2018-122007,OFF-AP-10000358,90.86,7,0.00,26.35,West,Office Supplies
CA-2018-162250-0,CA-2018-162250,OFF-PA-10002137,7.78,1,0.00,3.50,West,Office Supplies
US-2017-158288-0,US-2017-158288,OFF-BI-10003364,78.76,9,0.70,-57.76,East,Office Supplies
CA-2017-128916-0,CA-2017-128916,FUR-FU-10001940,9.55,3,0.60,-3.82,Central,Furniture
CA-2017-128916-1,CA-2017-128916,FUR-FU-10000320,5.34,4,0.60,-2.14,Central,Furniture
CA-2016-157028-0,CA-2016-157028,OFF-AR-10004441,8.28,2,0.00,3.48,West,Office Supplies
CA-2018-112473-0,CA-2018-112473,OFF-ST-10002182,50.14,3,0.20,-11.28,Central,Office Supplies
US-2018-147655-0,US-2018-147655,OFF-BI-10002931,88.07,7,0.70,-58.72,West,Office Supplies
CA-2017-130911-0,CA-2017-130911,FUR-BO-10004357,301.47,3,0.50,-241.18,East,Furniture
CA-2017-130911-1,CA-2017-130911,OFF-AR-10000475,18.66,2,0.20,1.63,East,Office Supplies
CA-2018-100055-0,CA-2018-100055,FUR-FU-10001473,27.46,2,0.00,9.89,East,Furniture
CA-2018-100055-1,CA-2018-100055,OFF-AP-10001469,125.13,3,0.00,36.29,East,Office Supplies
CA-2016-157805-0,CA-2016-157805,TEC-PH-10004447,555.96,5,0.20,41.70,West,Technology
CA-2017-124254-0,CA-2017-124254,OFF-ST-10001469,129.55,3,0.20,-22.67,South,Office Supplies
CA-2017-124254-1,CA-2017-124254,OFF-ST-10000060,51.98,1,0.20,-5.20,South,Office Supplies
CA-2017-124254-2,CA-2017-124254,OFF-PA-10000807,10.27,3,0.20,3.47,South,Office Supplies
CA-2015-123400-0,CA-2015-123400,OFF-BI-10000666,18.34,2,0.70,-12.22,South,Office Supplies
CA-2015-123400-1,CA-2015-123400,TEC-PH-10002890,180.96,5,0.20,13.57,South,Technology
CA-2015-106971-0,CA-2015-106971,TEC-AC-10000844,475.94,7,0.20,95.19,Central,Technology
CA-2018-123029-0,CA-2018-123029,TEC-AC-10002402,159.98,2,0.00,47.99,West,Technology
CA-2017-139409-0,CA-2017-139409,TEC-PH-10003988,43.60,4,0.00,12.21,East,Technology
US-2018-166688-0,US-2018-166688,OFF-BI-10004040,8.29,2,0.20,3.00,West,Office Supplies
US-2018-166688-1,US-2018-166688,TEC-PH-10004094,1123.13,9,0.20,70.20,West,Technology
US-2018-166688-2,US-2018-166688,OFF-AP-10000358,64.90,5,0.00,18.82,West,Office Supplies
CA-2016-126970-0,CA-2016-126970,OFF-BI-10000138,2.81,3,0.80,-4.49,Central,Office Supplies
US-2017-165505-0,US-2017-165505,TEC-AC-10002926,99.98,2,0.00,42.99,East,Technology
US-2017-165505-1,US-2017-165505,OFF-AR-10003477,8.04,6,0.00,2.73,East,Office Supplies
US-2017-165505-2,US-2017-165505,OFF-ST-10001526,1564.29,13,0.00,406.72,East,Office Supplies
US-2015-157070-0,US-2015-157070,OFF-BI-10001765,138.56,4,0.00,66.51,Central,Office Supplies
US-2015-157070-1,US-2015-157070,OFF-AP-10004859,65.52,5,0.10,12.38,Central,Office Supplies
US-2016-106873-0,US-2016-106873,OFF-AR-10003179,14.58,2,0.20,2.37,West,Office Supplies
US-2016-106873-1,US-2016-106873,TEC-AC-10002345,23.20,2,0.20,1.45,West,Technology
US-2016-106873-2,US-2016-106873,OFF-AR-10001246,16.46,7,0.20,1.85,West,Office Supplies
CA-2017-132990-0,CA-2017-132990,FUR-FU-10004864,19.31,2,0.20,3.14,East,Furniture
CA-2015-102645-0,CA-2015-102645,OFF-PA-10001804,40.08,6,0.00,19.24,West,Office Supplies
CA-2015-134215-0,CA-2015-134215,OFF-AP-10001271,101.96,2,0.00,27.53,East,Office Supplies
CA-2015-134215-1,CA-2015-134215,OFF-PA-10004353,259.74,13,0.00,124.68,East,Office Supplies
CA-2015-134215-2,CA-2015-134215,TEC-AC-10002473,255.42,9,0.00,104.72,East,Technology
CA-2017-118934-0,CA-2017-118934,OFF-BI-10003314,4.34,3,0.70,-3.04,South,Office Supplies
CA-2017-118934-1,CA-2017-118934,OFF-BI-10004465,11.88,5,0.70,-7.92,South,Office Supplies
CA-2017-160108-0,CA-2017-160108,FUR-BO-10003450,405.86,7,0.00,32.47,Central,Furniture
CA-2017-160108-1,CA-2017-160108,FUR-CH-10002335,680.01,3,0.00,176.80,Central,Furniture
CA-2016-164007-0,CA-2016-164007,TEC-AC-10003433,2.38,3,0.20,0.74,Central,Technology
CA-2016-164007-1,CA-2016-164007,OFF-AP-10003849,143.13,2,0.80,-393.60,Central,Office Supplies
CA-2017-100300-0,CA-2017-100300,TEC-MA-10000984,4476.80,4,0.20,503.64,West,Technology
CA-2017-100300-1,CA-2017-100300,OFF-PA-10000418,104.85,1,0.00,50.33,West,Office Supplies
CA-2017-100300-2,CA-2017-100300,OFF-AP-10001242,241.44,3,0.00,72.43,West,Office Supplies
CA-2017-140571-0,CA-2017-140571,OFF-PA-10001954,319.76,14,0.00,147.09,South,Office Supplies
CA-2017-140571-1,CA-2017-140571,OFF-PA-10001954,45.68,2,0.00,21.01,South,Office Supplies
US-2017-155768-0,US-2017-155768,FUR-FU-10000448,31.96,2,0.00,1.60,West,Furniture
US-2017-155768-1,US-2017-155768,OFF-PA-10001357,47.90,1,0.00,22.99,West,Office Supplies
US-2017-155768-2,US-2017-155768,OFF-ST-10002292,1112.94,3,0.00,222.59,West,Office Supplies
US-2017-155768-3,US-2017-155768,OFF-EN-10001219,22.92,3,0.00,11.23,West,Office Supplies
CA-2018-119424-0,CA-2018-119424,TEC-PH-10002564,71.98,3,0.20,9.00,West,Technology
CA-2018-119424-1,CA-2018-119424,OFF-PA-10001639,19.44,3,0.00,9.33,West,Office Supplies
CA-2017-118178-0,CA-2017-118178,OFF-BI-10001153,31.09,3,0.70,-20.72,South,Office Supplies
CA-2017-166618-0,CA-2017-166618,TEC-PH-10003356,13.98,2,0.00,3.91,East,Technology
CA-2017-166618-1,CA-2017-166618,OFF-AR-10001725,23.65,1,0.00,6.15,East,Office Supplies
CA-2018-156776-0,CA-2018-156776,TEC-PH-10002415,707.88,3,0.20,44.24,West,Technology
CA-2018-156776-1,CA-2018-156776,OFF-BI-10003355,11.95,3,0.20,4.18,West,Office Supplies
CA-2018-156776-2,CA-2018-156776,OFF-BI-10000216,31.13,3,0.20,11.67,West,Office Supplies
CA-2018-156776-3,CA-2018-156776,TEC-AC-10004803,55.76,4,0.00,7.81,West,Technology
CA-2018-156776-4,CA-2018-156776,OFF-PA-10001970,24.56,2,0.00,11.54,West,Office Supplies
CA-2018-156776-5,CA-2018-156776,FUR-FU-10004848,51.75,1,0.00,15.53,West,Furniture
CA-2018-156776-6,CA-2018-156776,FUR-CH-10002317,207.18,1,0.20,25.90,West,Furniture
CA-2018-156776-7,CA-2018-156776,OFF-AP-10002534,1473.10,5,0.00,412.47,West,Office Supplies
US-2016-130512-0,US-2016-130512,OFF-SU-10001935,3.49,2,0.20,-0.70,East,Office Supplies
US-2016-130512-1,US-2016-130512,TEC-AC-10000290,21.73,4,0.20,3.80,East,Technology
US-2016-130512-2,US-2016-130512,OFF-ST-10002574,663.07,6,0.20,-165.77,East,Office Supplies
US-2016-130512-3,US-2016-130512,OFF-BI-10004519,99.59,2,0.70,-82.99,East,Office Supplies
US-2016-130512-4,US-2016-130512,OFF-PA-10003625,49.57,2,0.20,15.49,East,Office Supplies
CA-2016-141810-0,CA-2016-141810,OFF-BI-10001524,29.37,7,0.80,-47.00,Central,Office Supplies
CA-2016-141810-1,CA-2016-141810,TEC-PH-10002200,344.70,2,0.20,38.78,Central,Technology
CA-2015-146843-0,CA-2015-146843,OFF-SU-10001664,47.99,7,0.20,3.60,West,Office Supplies
CA-2015-146843-1,CA-2015-146843,TEC-AC-10002550,102.24,4,0.20,-16.61,West,Technology
CA-2015-103310-0,CA-2015-103310,OFF-PA-10004353,39.96,2,0.00,19.18,West,Office Supplies
CA-2015-103310-1,CA-2015-103310,TEC-PH-10001817,1432.00,5,0.20,125.30,West,Technology
CA-2015-103310-2,CA-2015-103310,OFF-SU-10004737,41.04,6,0.00,11.08,West,Office Supplies
CA-2015-103310-3,CA-2015-103310,FUR-CH-10002320,256.78,1,0.20,32.10,West,Furniture
CA-2017-152688-0,CA-2017-152688,FUR-BO-10001337,120.98,1,0.00,12.10,East,Furniture
CA-2017-152688-1,CA-2017-152688,OFF-BI-10004584,315.98,1,0.00,148.51,East,Office Supplies
CA-2017-153836-0,CA-2017-153836,OFF-BI-10004817,28.75,3,0.20,10.06,East,Office Supplies
CA-2017-153836-1,CA-2017-153836,OFF-AR-10004602,114.95,5,0.00,32.19,East,Office Supplies
CA-2017-104689-0,CA-2017-104689,OFF-AR-10001149,23.04,8,0.00,6.91,West,Office Supplies
CA-2017-146423-0,CA-2017-146423,OFF-AR-10004817,15.48,3,0.00,4.49,East,Office Supplies
CA-2017-146423-1,CA-2017-146423,OFF-PA-10003797,51.84,8,0.00,24.88,East,Office Supplies
CA-2018-140781-0,CA-2018-140781,TEC-AC-10000682,39.82,3,0.20,7.47,Central,Technology
CA-2018-141747-0,CA-2018-141747,OFF-ST-10003996,16.06,1,0.00,4.18,West,Office Supplies
CA-2018-142776-0,CA-2018-142776,OFF-EN-10003160,7.28,1,0.00,3.49,Central,Office Supplies
CA-2018-142776-1,CA-2018-142776,OFF-BI-10002012,5.40,3,0.00,2.59,Central,Office Supplies
CA-2016-167479-0,CA-2016-167479,OFF-PA-10002105,19.44,3,0.00,9.33,West,Office Supplies
CA-2015-144071-0,CA-2015-144071,FUR-FU-10000397,39.88,2,0.00,11.17,West,Furniture
CA-2015-144071-1,CA-2015-144071,FUR-FU-10000758,79.44,3,0.00,28.60,West,Furniture
US-2018-120908-0,US-2018-120908,OFF-LA-10004677,20.66,7,0.20,6.97,East,Office Supplies
CA-2017-152646-0,CA-2017-152646,OFF-PA-10004451,32.40,5,0.00,15.55,West,Office Supplies
CA-2018-103765-0,CA-2018-103765,OFF-AP-10002311,13.76,1,0.80,-24.77,Central,Office Supplies
US-2018-118157-0,US-2018-118157,OFF-EN-10004459,15.28,2,0.00,7.49,Central,Office Supplies
US-2016-164238-0,US-2016-164238,OFF-ST-10002352,44.69,7,0.20,3.35,East,Office Supplies
US-2016-164238-1,US-2016-164238,FUR-BO-10000780,301.47,3,0.50,-205.00,East,Furniture
CA-2018-103212-0,CA-2018-103212,OFF-LA-10000248,11.07,3,0.00,5.20,South,Office Supplies
CA-2018-103212-1,CA-2018-103212,FUR-TA-10003473,1504.52,4,0.00,346.04,South,Furniture
CA-2018-103212-2,CA-2018-103212,OFF-PA-10004355,25.92,4,0.00,12.44,South,Office Supplies
CA-2018-121160-0,CA-2018-121160,OFF-BI-10001308,7.54,6,0.80,-13.19,Central,Office Supplies
CA-2018-121160-1,CA-2018-121160,OFF-BI-10003094,1.41,2,0.80,-2.32,Central,Office Supplies
CA-2018-121160-2,CA-2018-121160,OFF-BI-10004040,4.14,4,0.80,-6.42,Central,Office Supplies
CA-2018-121160-3,CA-2018-121160,OFF-ST-10002485,52.75,3,0.20,-12.53,Central,Office Supplies
CA-2018-140515-0,CA-2018-140515,OFF-AP-10001205,381.36,7,0.00,106.78,West,Office Supplies
CA-2015-153619-0,CA-2015-153619,OFF-AR-10001868,6.72,4,0.00,3.36,West,Office Supplies
CA-2018-133718-0,CA-2018-133718,OFF-BI-10003429,15.19,3,0.20,5.51,West,Office Supplies
CA-2018-133718-1,CA-2018-133718,OFF-PA-10002689,58.32,9,0.00,27.99,West,Office Supplies
CA-2015-148383-0,CA-2015-148383,OFF-BI-10003650,946.76,6,0.70,-694.29,West,Office Supplies
CA-2017-126732-0,CA-2017-126732,FUR-FU-10001889,94.68,9,0.00,31.24,West,Furniture
CA-2017-126732-1,CA-2017-126732,OFF-ST-10000321,23.67,3,0.00,0.95,West,Office Supplies
CA-2017-126732-2,CA-2017-126732,TEC-PH-10001530,1091.17,4,0.20,68.20,West,Technology
CA-2017-126732-3,CA-2017-126732,OFF-AR-10004752,18.69,7,0.00,5.23,West,Office Supplies
CA-2017-126732-4,CA-2017-126732,FUR-TA-10001539,568.73,3,0.20,28.44,West,Furniture
CA-2017-126732-5,CA-2017-126732,OFF-BI-10001553,7.31,1,0.20,2.56,West,Office Supplies
CA-2018-138156-0,CA-2018-138156,FUR-FU-10003601,147.57,2,0.20,-3.69,East,Furniture
CA-2018-110310-0,CA-2018-110310,OFF-PA-10001685,56.78,7,0.20,20.58,South,Office Supplies
CA-2018-110310-1,CA-2018-110310,OFF-BI-10001097,5.61,3,0.70,-3.92,South,Office Supplies
CA-2018-110310-2,CA-2018-110310,OFF-AR-10001662,6.58,3,0.20,0.58,South,Office Supplies
CA-2015-113271-0,CA-2015-113271,OFF-BI-10002609,14.30,6,0.20,4.65,West,Office Supplies
CA-2015-113271-1,CA-2015-113271,FUR-BO-10004218,119.83,1,0.15,7.05,West,Furniture
CA-2015-113271-2,CA-2015-113271,OFF-AR-10003251,5.56,2,0.00,2.22,West,Office Supplies
CA-2015-113271-3,CA-2015-113271,OFF-PA-10002365,32.40,5,0.00,15.55,West,Office Supplies
CA-2018-130106-0,CA-2018-130106,OFF-AR-10003651,9.84,3,0.00,2.85,West,Office Supplies
CA-2018-130106-1,CA-2018-130106,OFF-AR-10003732,2.78,1,0.00,0.72,West,Office Supplies
CA-2017-127761-0,CA-2017-127761,OFF-BI-10002557,3.64,1,0.20,1.36,East,Office Supplies
CA-2017-127761-1,CA-2017-127761,TEC-PH-10003691,881.93,7,0.00,220.48,East,Technology
CA-2017-105354-0,CA-2017-105354,OFF-BI-10001107,115.84,8,0.00,54.44,Central,Office Supplies
CA-2018-155712-0,CA-2018-155712,OFF-BI-10004224,107.65,2,0.20,33.64,West,Office Supplies
CA-2018-102309-0,CA-2018-102309,TEC-AC-10001114,199.95,5,0.00,63.98,South,Technology
CA-2018-102309-1,CA-2018-102309,OFF-PA-10002005,12.96,2,0.00,6.22,South,Office Supplies
CA-2015-168368-0,CA-2015-168368,FUR-CH-10001146,60.89,1,0.00,15.22,Central,Furniture
CA-2015-168368-1,CA-2015-168368,OFF-LA-10004853,14.94,3,0.00,6.87,Central,Office Supplies
CA-2015-168368-2,CA-2015-168368,OFF-BI-10004728,9.64,2,0.00,4.43,Central,Office Supplies
CA-2015-168368-3,CA-2015-168368,FUR-FU-10002298,332.94,3,0.00,53.27,Central,Furniture
CA-2015-168368-4,CA-2015-168368,OFF-BI-10004654,51.90,3,0.00,24.39,Central,Office Supplies
CA-2015-168368-5,CA-2015-168368,OFF-ST-10002583,64.96,2,0.00,2.60,Central,Office Supplies
CA-2018-167976-0,CA-2018-167976,OFF-SU-10004661,25.50,3,0.00,6.63,Central,Office Supplies
CA-2018-111388-0,CA-2018-111388,FUR-CH-10003061,215.98,3,0.20,-2.70,West,Furniture
CA-2016-124499-0,CA-2016-124499,FUR-CH-10000513,389.97,3,0.00,35.10,Central,Furniture
CA-2016-124499-1,CA-2016-124499,OFF-AP-10002191,269.91,5,0.10,53.98,Central,Office Supplies
US-2018-128118-0,US-2018-128118,OFF-BI-10000216,11.67,3,0.70,-7.78,South,Office Supplies
US-2018-128118-1,US-2018-128118,OFF-EN-10003448,64.85,7,0.20,24.32,South,Office Supplies
CA-2015-125759-0,CA-2015-125759,FUR-FU-10002111,14.56,2,0.00,5.53,West,Furniture
CA-2016-151869-0,CA-2016-151869,FUR-CH-10001545,102.58,1,0.10,6.84,East,Furniture
CA-2016-151869-1,CA-2016-151869,OFF-PA-10002947,20.04,3,0.00,9.62,East,Office Supplies
US-2018-102183-0,US-2018-102183,OFF-BI-10003476,32.09,7,0.20,11.23,East,Office Supplies
US-2018-102183-1,US-2018-102183,OFF-BI-10001359,4305.55,6,0.20,1453.12,East,Office Supplies
CA-2017-100510-0,CA-2017-100510,FUR-FU-10000320,10.02,3,0.00,4.41,East,Furniture
CA-2017-100510-1,CA-2017-100510,TEC-PH-10001835,631.96,4,0.00,303.34,East,Technology
CA-2018-146983-0,CA-2018-146983,OFF-BI-10003650,1577.94,3,0.00,757.41,South,Office Supplies
US-2015-134054-0,US-2015-134054,OFF-AR-10000937,255.85,7,0.00,112.57,West,Office Supplies
CA-2017-113236-0,CA-2017-113236,OFF-ST-10000532,184.70,6,0.20,13.85,South,Office Supplies
CA-2017-113236-1,CA-2017-113236,TEC-AC-10001267,47.92,2,0.20,11.98,South,Technology
CA-2018-122539-0,CA-2018-122539,OFF-LA-10004853,15.94,4,0.20,5.18,East,Office Supplies
CA-2018-122539-1,CA-2018-122539,OFF-BI-10001759,8.00,7,0.70,-5.60,East,Office Supplies
CA-2018-122539-2,CA-2018-122539,FUR-CH-10003379,398.97,2,0.30,-28.50,East,Furniture
CA-2017-166772-0,CA-2017-166772,FUR-BO-10002853,163.88,2,0.00,40.97,West,Furniture
US-2018-152898-0,US-2018-152898,OFF-AP-10000027,67.90,5,0.00,20.37,South,Office Supplies
CA-2017-160486-0,CA-2017-160486,OFF-PA-10002421,72.22,4,0.20,25.28,South,Office Supplies
CA-2018-102218-0,CA-2018-102218,OFF-LA-10002475,11.70,2,0.20,3.95,West,Office Supplies
CA-2015-161032-0,CA-2015-161032,FUR-CH-10001482,392.94,3,0.00,43.22,Central,Furniture
CA-2016-102778-0,CA-2016-102778,FUR-FU-10000087,18.18,1,0.20,4.77,South,Furniture
CA-2018-154011-0,CA-2018-154011,OFF-BI-10003166,6.89,3,0.80,-11.02,Central,Office Supplies
CA-2018-154011-1,CA-2018-154011,FUR-TA-10000688,457.49,3,0.30,-84.96,Central,Furniture
US-2018-165456-0,US-2018-165456,FUR-CH-10003981,1079.32,6,0.30,-15.42,East,Furniture
CA-2015-111857-0,CA-2015-111857,OFF-PA-10001878,48.91,1,0.00,22.99,West,Office Supplies
CA-2015-163650-0,CA-2015-163650,OFF-AR-10002375,9.84,3,0.00,2.85,East,Office Supplies
CA-2015-163650-1,CA-2015-163650,OFF-BI-10004965,34.50,3,0.00,15.53,East,Office Supplies
CA-2018-124114-0,CA-2018-124114,OFF-BI-10004022,0.56,1,0.80,-0.95,Central,Office Supplies
US-2018-116505-0,US-2018-116505,OFF-BI-10000050,43.80,6,0.00,20.59,East,Office Supplies
CA-2018-161340-0,CA-2018-161340,OFF-PA-10002464,13.87,3,0.20,5.03,East,Office Supplies
CA-2018-161340-1,CA-2018-161340,FUR-BO-10004709,115.96,4,0.50,-64.94,East,Furniture
US-2016-163433-0,US-2016-163433,TEC-AC-10003590,41.42,2,0.20,8.28,Central,Technology
US-2016-163433-1,US-2016-163433,TEC-PH-10003357,244.77,4,0.20,24.48,Central,Technology
US-2016-163433-2,US-2016-163433,OFF-AR-10003373,74.35,3,0.20,6.51,Central,Office Supplies
US-2016-163433-3,US-2016-163433,OFF-BI-10003676,4.31,2,0.80,-6.90,Central,Office Supplies
US-2016-163433-4,US-2016-163433,FUR-CH-10000225,56.69,1,0.30,-20.25,Central,Furniture
US-2016-163433-5,US-2016-163433,TEC-PH-10001870,97.97,2,0.20,6.12,Central,Technology
US-2016-163433-6,US-2016-163433,OFF-AR-10003481,7.87,3,0.20,0.89,Central,Office Supplies
US-2016-163433-7,US-2016-163433,OFF-PA-10003936,15.55,3,0.20,5.44,Central,Office Supplies
US-2016-163433-8,US-2016-163433,OFF-BI-10000320,1.48,1,0.80,-2.29,Central,Office Supplies
CA-2016-137603-0,CA-2016-137603,OFF-AR-10001972,8.40,5,0.00,2.18,West,Office Supplies
CA-2015-128237-0,CA-2015-128237,OFF-AR-10003829,6.56,2,0.00,1.90,West,Office Supplies
CA-2015-128237-1,CA-2015-128237,OFF-AR-10003338,14.88,2,0.00,3.72,West,Office Supplies
CA-2015-128237-2,CA-2015-128237,TEC-AC-10002558,45.48,4,0.00,15.92,West,Technology
CA-2015-128237-3,CA-2015-128237,OFF-AR-10000034,25.44,6,0.00,9.92,West,Office Supplies
US-2017-102141-0,US-2017-102141,OFF-BI-10001510,146.69,8,0.20,45.84,East,Office Supplies
CA-2018-148642-0,CA-2018-148642,OFF-LA-10000134,4.93,2,0.20,1.72,Central,Office Supplies
CA-2018-148642-1,CA-2018-148642,OFF-AR-10000588,63.49,4,0.20,4.76,Central,Office Supplies
CA-2016-111948-0,CA-2016-111948,OFF-ST-10003282,418.32,7,0.00,117.13,Central,Office Supplies
CA-2016-111948-1,CA-2016-111948,OFF-AP-10002311,123.86,2,0.10,46.79,Central,Office Supplies
CA-2017-161907-0,CA-2017-161907,TEC-PH-10000141,118.78,3,0.40,-27.72,East,Technology
CA-2017-161907-1,CA-2017-161907,OFF-SU-10000646,769.18,4,0.20,-163.45,East,Office Supplies
CA-2018-124940-0,CA-2018-124940,TEC-AC-10002076,47.90,1,0.20,-2.99,Central,Technology
US-2018-108343-0,US-2018-108343,OFF-PA-10000743,13.36,2,0.00,6.41,East,Office Supplies
US-2018-108343-1,US-2018-108343,FUR-CH-10002780,163.76,2,0.10,25.47,East,Furniture
US-2018-108343-2,US-2018-108343,FUR-FU-10000747,183.92,4,0.00,31.27,East,Furniture
US-2017-111563-0,US-2017-111563,FUR-FU-10002445,11.38,3,0.60,-5.69,Central,Furniture
US-2017-111563-1,US-2017-111563,FUR-FU-10000723,66.11,4,0.60,-84.29,Central,Furniture
CA-2018-121853-0,CA-2018-121853,OFF-PA-10003641,211.04,8,0.00,97.08,West,Office Supplies
CA-2018-121853-1,CA-2018-121853,FUR-CH-10003973,594.82,2,0.20,59.48,West,Furniture
CA-2018-121853-2,CA-2018-121853,OFF-BI-10000977,72.96,3,0.20,23.71,West,Office Supplies
US-2018-130687-0,US-2018-130687,FUR-FU-10004053,80.96,4,0.00,34.81,West,Furniture
US-2018-130687-1,US-2018-130687,TEC-PH-10002033,455.71,2,0.20,34.18,West,Technology
US-2018-130687-2,US-2018-130687,OFF-AR-10004260,25.98,1,0.00,7.27,West,Office Supplies
CA-2016-164497-0,CA-2016-164497,OFF-AP-10004655,45.28,4,0.00,15.40,West,Office Supplies
US-2016-153283-0,US-2016-153283,OFF-EN-10001539,15.56,2,0.00,7.31,East,Office Supplies
CA-2017-108056-0,CA-2017-108056,TEC-PH-10001817,859.20,3,0.20,75.18,West,Technology
CA-2018-127726-0,CA-2018-127726,OFF-AP-10002578,195.68,4,0.00,50.88,South,Office Supplies
CA-2018-127726-1,CA-2018-127726,OFF-FA-10000992,14.20,4,0.00,6.67,South,Office Supplies
CA-2018-110198-0,CA-2018-110198,FUR-BO-10001798,314.35,3,0.20,-15.72,South,Furniture
CA-2018-110198-1,CA-2018-110198,OFF-LA-10004409,4.61,2,0.20,1.50,South,Office Supplies
CA-2018-130715-0,CA-2018-130715,OFF-FA-10000621,17.90,5,0.00,8.77,West,Office Supplies
CA-2015-155264-0,CA-2015-155264,OFF-BI-10003196,2.99,1,0.20,1.12,West,Office Supplies
CA-2015-155264-1,CA-2015-155264,OFF-BI-10003727,20.06,6,0.20,7.02,West,Office Supplies
CA-2015-155264-2,CA-2015-155264,OFF-PA-10003228,146.73,3,0.00,68.96,West,Office Supplies
CA-2015-155264-3,CA-2015-155264,OFF-LA-10002787,18.75,5,0.00,9.00,West,Office Supplies
CA-2015-155264-4,CA-2015-155264,TEC-PH-10001305,117.58,3,0.20,11.76,West,Technology
CA-2017-119123-0,CA-2017-119123,OFF-BI-10001036,51.18,7,0.20,19.19,West,Office Supplies
CA-2018-109085-0,CA-2018-109085,FUR-TA-10001086,455.97,5,0.40,-106.39,East,Furniture
CA-2018-109085-1,CA-2018-109085,OFF-BI-10001525,5.71,5,0.70,-4.76,East,Office Supplies
CA-2018-109085-2,CA-2018-109085,TEC-PH-10000526,57.59,1,0.40,-11.52,East,Technology
CA-2018-109085-3,CA-2018-109085,FUR-FU-10004973,30.14,2,0.20,8.29,East,Furniture
CA-2018-109085-4,CA-2018-109085,FUR-CH-10003981,899.43,5,0.30,-12.85,East,Furniture
CA-2017-114860-0,CA-2017-114860,FUR-FU-10000277,842.72,8,0.00,202.25,West,Furniture
CA-2017-114860-1,CA-2017-114860,FUR-FU-10001934,41.96,2,0.00,10.91,West,Furniture
CA-2017-159009-0,CA-2017-159009,OFF-BI-10004970,13.22,4,0.20,4.46,West,Office Supplies
CA-2017-159009-1,CA-2017-159009,FUR-CH-10003396,184.75,3,0.20,-20.78,West,Furniture
CA-2018-148411-0,CA-2018-148411,FUR-CH-10003973,520.46,2,0.30,-14.87,Central,Furniture
CA-2018-148411-1,CA-2018-148411,OFF-PA-10002109,11.42,3,0.20,3.71,Central,Office Supplies
CA-2016-110324-0,CA-2016-110324,OFF-PA-10001826,19.44,3,0.00,9.33,Central,Office Supplies
CA-2016-110324-1,CA-2016-110324,OFF-AR-10000823,3.64,2,0.00,1.02,Central,Office Supplies
CA-2016-110324-2,CA-2016-110324,OFF-PA-10001776,18.54,2,0.00,8.71,Central,Office Supplies
CA-2017-168046-0,CA-2017-168046,OFF-BI-10003676,43.12,5,0.20,15.09,East,Office Supplies
CA-2017-168046-1,CA-2017-168046,FUR-TA-10001095,313.72,3,0.40,-99.35,East,Furniture
CA-2017-168046-2,CA-2017-168046,FUR-FU-10000747,45.98,1,0.00,7.82,East,Furniture
CA-2017-168046-3,CA-2017-168046,OFF-ST-10004337,428.68,7,0.00,0.00,East,Office Supplies
CA-2018-111591-0,CA-2018-111591,OFF-BI-10004410,30.58,6,0.20,10.32,West,Office Supplies
CA-2018-111591-1,CA-2018-111591,OFF-FA-10004838,13.02,7,0.00,0.39,West,Office Supplies
CA-2018-111591-2,CA-2018-111591,FUR-FU-10002364,22.14,3,0.00,6.42,West,Furniture
CA-2018-111591-3,CA-2018-111591,OFF-ST-10001809,359.32,4,0.00,7.19,West,Office Supplies
US-2015-166828-0,US-2015-166828,OFF-PA-10001846,11.56,2,0.00,5.66,Central,Office Supplies
CA-2015-108147-0,CA-2015-108147,OFF-BI-10003876,68.48,2,0.20,25.68,East,Office Supplies
CA-2015-108147-1,CA-2015-108147,OFF-ST-10003470,1676.88,6,0.00,83.84,East,Office Supplies
CA-2017-154998-0,CA-2017-154998,OFF-PA-10004243,37.94,2,0.00,18.21,East,Office Supplies
CA-2018-113460-0,CA-2018-113460,FUR-CH-10000422,272.97,3,0.00,43.68,East,Furniture
CA-2016-111339-0,CA-2016-111339,FUR-FU-10002506,41.57,4,0.20,-4.16,East,Furniture
CA-2016-111339-1,CA-2016-111339,FUR-CH-10000863,317.06,3,0.30,-86.06,East,Furniture
CA-2016-111339-2,CA-2016-111339,OFF-FA-10002988,8.04,5,0.20,2.91,East,Office Supplies
CA-2018-102820-0,CA-2018-102820,TEC-PH-10003437,419.94,7,0.20,52.49,West,Technology
CA-2017-149671-0,CA-2017-149671,OFF-SU-10002537,61.38,6,0.00,15.96,West,Office Supplies
CA-2016-126347-0,CA-2016-126347,TEC-AC-10003063,50.00,2,0.00,10.50,West,Technology
CA-2018-108756-0,CA-2018-108756,TEC-AC-10003237,31.80,3,0.00,13.67,East,Technology
CA-2018-155362-0,CA-2018-155362,OFF-ST-10001031,32.56,2,0.00,8.47,Central,Office Supplies
CA-2017-117625-0,CA-2017-117625,OFF-EN-10001535,7.07,2,0.20,2.39,Central,Office Supplies
CA-2015-154158-0,CA-2015-154158,OFF-PA-10001295,45.53,3,0.20,15.93,South,Office Supplies
CA-2015-154158-1,CA-2015-154158,FUR-CH-10004698,64.78,1,0.20,6.48,South,Furniture
CA-2015-154158-2,CA-2015-154158,OFF-ST-10000078,424.27,2,0.20,-10.61,South,Office Supplies
CA-2015-154158-3,CA-2015-154158,OFF-AR-10001868,1.34,1,0.20,0.50,South,Office Supplies
CA-2015-154158-4,CA-2015-154158,OFF-ST-10004950,83.92,5,0.20,-1.05,South,Office Supplies
CA-2018-100433-0,CA-2018-100433,OFF-PA-10003441,25.92,4,0.00,12.44,East,Office Supplies
CA-2018-163097-0,CA-2018-163097,FUR-FU-10004973,120.58,8,0.20,33.16,West,Furniture
US-2018-127292-0,US-2018-127292,OFF-PA-10000157,79.92,4,0.00,37.56,East,Office Supplies
US-2018-127292-1,US-2018-127292,OFF-PA-10001970,12.28,1,0.00,5.77,East,Office Supplies
US-2018-127292-2,US-2018-127292,OFF-AP-10000828,542.94,3,0.00,152.02,East,Office Supplies
US-2018-127292-3,US-2018-127292,OFF-EN-10001509,2.04,1,0.00,0.96,East,Office Supplies
CA-2016-163734-0,CA-2016-163734,OFF-ST-10003692,228.92,5,0.20,14.31,Central,Office Supplies
CA-2018-162474-0,CA-2018-162474,TEC-PH-10004700,7.99,1,0.20,2.60,Central,Technology
CA-2016-130848-0,CA-2016-130848,FUR-CH-10000422,582.34,8,0.20,-29.12,West,Furniture
CA-2015-125997-0,CA-2015-125997,TEC-PH-10003484,629.95,5,0.00,157.49,East,Technology
CA-2015-125997-1,CA-2015-125997,FUR-CH-10001394,631.78,2,0.10,140.40,East,Furniture
CA-2015-125997-2,CA-2015-125997,FUR-BO-10002213,801.57,2,0.20,-10.02,East,Furniture
CA-2015-125997-3,CA-2015-125997,OFF-LA-10002762,75.18,6,0.00,35.33,East,Office Supplies
CA-2015-125997-4,CA-2015-125997,OFF-AP-10003842,30.98,1,0.00,8.05,East,Office Supplies
CA-2015-125997-5,CA-2015-125997,TEC-PH-10003072,1349.91,9,0.00,661.46,East,Technology
CA-2017-103128-0,CA-2017-103128,OFF-AR-10003394,14.11,6,0.20,1.23,Central,Office Supplies
CA-2016-167696-0,CA-2016-167696,OFF-EN-10001539,31.12,4,0.00,14.63,South,Office Supplies
CA-2015-159814-0,CA-2015-159814,FUR-FU-10001731,4.27,2,0.20,0.96,West,Furniture
CA-2017-105459-0,CA-2017-105459,FUR-TA-10001095,209.15,2,0.40,-66.23,East,Furniture
CA-2017-105459-1,CA-2017-105459,OFF-ST-10000078,1591.02,6,0.00,286.38,East,Office Supplies
CA-2018-141663-0,CA-2018-141663,OFF-FA-10004076,7.92,5,0.20,1.68,East,Office Supplies
CA-2015-152618-0,CA-2015-152618,TEC-MA-10003626,574.91,2,0.30,156.05,Central,Technology
CA-2015-152618-1,CA-2015-152618,OFF-PA-10001215,8.45,2,0.20,2.64,Central,Office Supplies
CA-2018-162789-0,CA-2018-162789,TEC-AC-10002842,1071.00,9,0.00,171.36,East,Technology
CA-2018-162789-1,CA-2018-162789,FUR-FU-10004864,12.07,1,0.00,3.98,East,Furniture
US-2018-110149-0,US-2018-110149,OFF-BI-10000014,3.27,1,0.70,-2.51,East,Office Supplies
US-2018-110149-1,US-2018-110149,FUR-FU-10001475,87.92,5,0.20,15.39,East,Furniture
CA-2017-108959-0,CA-2017-108959,OFF-ST-10001272,104.70,1,0.20,6.54,West,Office Supplies
CA-2016-164777-0,CA-2016-164777,FUR-CH-10002024,2803.92,5,0.20,0.00,West,Furniture
CA-2017-132017-0,CA-2017-132017,OFF-BI-10004001,6.82,2,0.80,-11.59,Central,Office Supplies
CA-2016-127824-0,CA-2016-127824,TEC-PH-10004094,249.58,2,0.20,15.60,West,Technology
CA-2016-127824-1,CA-2016-127824,OFF-PA-10001184,17.94,3,0.00,8.79,West,Office Supplies
CA-2016-127824-2,CA-2016-127824,FUR-FU-10002505,10.11,3,0.00,3.24,West,Furniture
CA-2015-148285-0,CA-2015-148285,OFF-PA-10001166,10.37,2,0.20,3.63,South,Office Supplies
CA-2015-148285-1,CA-2015-148285,OFF-PA-10000349,11.95,3,0.20,4.03,South,Office Supplies
CA-2018-152926-0,CA-2018-152926,OFF-AP-10004708,15.22,2,0.80,-38.82,Central,Office Supplies
CA-2018-152926-1,CA-2018-152926,OFF-AP-10001947,21.98,6,0.80,-56.06,Central,Office Supplies
CA-2015-145254-0,CA-2015-145254,TEC-PH-10000441,604.75,6,0.20,60.48,West,Technology
CA-2015-145254-1,CA-2015-145254,OFF-SU-10004664,40.70,5,0.00,11.80,West,Office Supplies
CA-2015-145254-2,CA-2015-145254,TEC-PH-10004531,302.38,3,0.20,37.80,West,Technology
CA-2015-145254-3,CA-2015-145254,TEC-AC-10002167,45.00,3,0.00,4.95,West,Technology
CA-2015-116246-0,CA-2015-116246,FUR-CH-10002024,3785.29,6,0.10,420.59,East,Furniture
CA-2017-160479-0,CA-2017-160479,OFF-AR-10002445,35.40,5,0.00,13.45,West,Office Supplies
CA-2015-167486-0,CA-2015-167486,FUR-FU-10003268,199.90,5,0.00,39.98,East,Furniture
CA-2015-152100-0,CA-2015-152100,FUR-CH-10000015,1212.96,8,0.30,-69.31,Central,Furniture
CA-2016-166219-0,CA-2016-166219,TEC-PH-10004165,1099.96,5,0.20,82.50,Central,Technology
CA-2016-166219-1,CA-2016-166219,FUR-TA-10004607,103.48,1,0.30,-16.26,Central,Furniture
CA-2016-111864-0,CA-2016-111864,OFF-LA-10004677,5.90,2,0.20,1.99,East,Office Supplies
CA-2016-119627-0,CA-2016-119627,TEC-AC-10002217,30.08,2,0.20,-5.26,West,Technology
CA-2016-119627-1,CA-2016-119627,OFF-PA-10001937,36.29,7,0.20,12.70,West,Office Supplies
CA-2016-119627-2,CA-2016-119627,OFF-AR-10000203,10.27,3,0.20,1.16,West,Office Supplies
CA-2016-119627-3,CA-2016-119627,TEC-AC-10001142,252.80,4,0.20,-31.60,West,Technology
CA-2016-160787-0,CA-2016-160787,OFF-BI-10003712,2.95,2,0.70,-2.06,East,Office Supplies
CA-2018-107853-0,CA-2018-107853,OFF-PA-10000520,12.96,2,0.00,6.22,West,Office Supplies
CA-2018-126144-0,CA-2018-126144,TEC-PH-10001079,285.58,4,0.40,-57.12,East,Technology
US-2015-154655-0,US-2015-154655,OFF-SU-10000898,22.24,2,0.20,2.50,Central,Office Supplies
CA-2015-100391-0,CA-2015-100391,OFF-PA-10001471,14.62,2,0.00,6.73,East,Office Supplies
CA-2015-165477-0,CA-2015-165477,OFF-AP-10003281,48.36,5,0.20,6.04,East,Office Supplies
CA-2018-165904-0,CA-2018-165904,OFF-AR-10003156,16.26,2,0.20,1.22,South,Office Supplies
CA-2018-165904-1,CA-2018-165904,TEC-PH-10000576,219.18,2,0.20,19.18,South,Technology
CA-2016-104052-0,CA-2016-104052,TEC-PH-10003215,95.84,4,0.20,34.74,Central,Technology
CA-2016-168277-0,CA-2016-168277,OFF-LA-10004484,12.39,3,0.00,5.70,Central,Office Supplies
CA-2017-158617-0,CA-2017-158617,OFF-PA-10002245,35.88,6,0.00,16.15,Central,Office Supplies
CA-2018-136882-0,CA-2018-136882,FUR-FU-10003664,477.30,5,0.00,138.42,Central,Furniture
US-2017-148957-0,US-2017-148957,OFF-LA-10002195,12.32,4,0.00,5.91,West,Office Supplies
CA-2015-140032-0,CA-2015-140032,OFF-BI-10000822,8.61,2,0.20,3.01,West,Office Supplies
CA-2018-145506-0,CA-2018-145506,OFF-ST-10004963,136.26,9,0.00,5.45,West,Office Supplies
CA-2016-129546-0,CA-2016-129546,OFF-AP-10002495,186.15,3,0.00,55.84,West,Office Supplies
CA-2016-129546-1,CA-2016-129546,OFF-BI-10004001,81.79,6,0.20,26.58,West,Office Supplies
CA-2016-129546-2,CA-2016-129546,OFF-SU-10004884,47.19,3,0.00,13.69,West,Office Supplies
CA-2016-129546-3,CA-2016-129546,TEC-PH-10003555,36.78,2,0.20,-8.28,West,Technology
CA-2017-140977-0,CA-2017-140977,TEC-MA-10003493,91.47,1,0.50,-1.83,South,Technology
CA-2018-151855-0,CA-2018-151855,TEC-AC-10002380,27.19,3,0.20,0.34,South,Technology
CA-2018-151855-1,CA-2018-151855,OFF-BI-10004209,12.06,5,0.70,-10.05,South,Office Supplies
CA-2015-138240-0,CA-2015-138240,OFF-AR-10002135,144.60,3,0.00,41.93,West,Office Supplies
CA-2015-138240-1,CA-2015-138240,TEC-PH-10002583,15.99,1,0.20,-3.00,West,Technology
CA-2015-101833-0,CA-2015-101833,OFF-PA-10003591,34.44,3,0.00,17.22,East,Office Supplies
CA-2015-100867-0,CA-2015-100867,TEC-PH-10004922,321.55,6,0.20,20.10,West,Technology
US-2018-109610-0,US-2018-109610,FUR-CH-10001854,701.96,2,0.00,168.47,South,Furniture
CA-2015-156545-0,CA-2015-156545,OFF-AR-10003560,19.46,4,0.20,3.40,East,Office Supplies
CA-2015-109127-0,CA-2015-109127,OFF-LA-10004409,17.28,6,0.00,7.95,East,Office Supplies
CA-2017-126858-0,CA-2017-126858,FUR-FU-10000448,31.96,2,0.00,1.60,West,Furniture
CA-2018-102925-0,CA-2018-102925,OFF-BI-10002735,164.69,6,0.20,55.58,East,Office Supplies
CA-2018-102925-1,CA-2018-102925,FUR-TA-10003469,166.50,2,0.40,-66.60,East,Furniture
CA-2018-102925-2,CA-2018-102925,OFF-PA-10001870,12.96,2,0.00,6.22,East,Office Supplies
CA-2018-102925-3,CA-2018-102925,OFF-PA-10004071,110.96,2,0.00,53.26,East,Office Supplies
CA-2018-102925-4,CA-2018-102925,TEC-PH-10001448,99.98,2,0.00,4.00,East,Technology
CA-2018-102925-5,CA-2018-102925,OFF-BI-10002706,11.42,1,0.20,3.71,East,Office Supplies
CA-2018-102925-6,CA-2018-102925,FUR-CH-10004875,128.12,2,0.10,24.20,East,Furniture
CA-2018-102925-7,CA-2018-102925,FUR-FU-10004245,101.40,5,0.00,38.53,East,Furniture
CA-2016-100818-0,CA-2016-100818,OFF-LA-10000443,5.90,2,0.20,1.99,Central,Office Supplies
CA-2016-100818-1,CA-2016-100818,OFF-PA-10001125,173.49,7,0.20,54.22,Central,Office Supplies
CA-2016-100818-2,CA-2016-100818,FUR-FU-10002703,51.56,2,0.60,-61.87,Central,Furniture
CA-2016-100818-3,CA-2016-100818,OFF-BI-10004364,3.56,3,0.80,-6.24,Central,Office Supplies
CA-2015-126193-0,CA-2015-126193,OFF-FA-10000936,13.16,5,0.20,4.11,Central,Office Supplies
CA-2015-126193-1,CA-2015-126193,OFF-BI-10001249,3.83,3,0.80,-6.51,Central,Office Supplies
CA-2015-126193-2,CA-2015-126193,OFF-BI-10004632,304.99,5,0.80,-533.73,Central,Office Supplies
CA-2018-150504-0,CA-2018-150504,OFF-ST-10000615,18.16,2,0.20,1.82,Central,Office Supplies
CA-2016-158351-0,CA-2016-158351,TEC-AC-10001838,319.98,2,0.20,92.00,East,Technology
CA-2015-122679-0,CA-2015-122679,OFF-AR-10004757,19.68,6,0.00,6.49,West,Office Supplies
CA-2017-164770-0,CA-2017-164770,FUR-BO-10003893,781.86,10,0.32,-137.98,Central,Furniture
CA-2017-164770-1,CA-2017-164770,OFF-PA-10003893,30.82,9,0.20,9.63,Central,Office Supplies
CA-2018-130505-0,CA-2018-130505,FUR-TA-10001932,673.34,3,0.30,-76.95,East,Furniture
US-2018-125213-0,US-2018-125213,OFF-FA-10001561,6.54,3,0.00,2.16,East,Office Supplies
CA-2016-156566-0,CA-2016-156566,TEC-PH-10001817,572.80,2,0.20,50.12,West,Technology
US-2017-102232-0,US-2017-102232,OFF-AR-10000538,197.05,7,0.00,59.12,South,Office Supplies
CA-2018-111738-0,CA-2018-111738,OFF-BI-10004584,2022.27,8,0.20,682.52,West,Office Supplies
CA-2018-111738-1,CA-2018-111738,OFF-AR-10000817,9.12,3,0.00,3.10,West,Office Supplies
CA-2018-163188-0,CA-2018-163188,OFF-BI-10000756,38.16,9,0.00,19.08,Central,Office Supplies
CA-2017-105207-0,CA-2017-105207,FUR-TA-10000617,1592.85,7,0.00,350.43,Central,Furniture
CA-2017-105207-1,CA-2017-105207,OFF-BI-10004364,11.88,2,0.00,5.35,Central,Office Supplies
US-2017-123610-0,US-2017-123610,TEC-AC-10004518,120.00,6,0.00,46.80,West,Technology
US-2017-123610-1,US-2017-123610,OFF-AP-10002222,8.67,1,0.00,2.34,West,Office Supplies
CA-2018-118213-0,CA-2018-118213,OFF-PA-10002615,4.41,1,0.00,2.03,Central,Office Supplies
CA-2018-118213-1,CA-2018-118213,OFF-PA-10000565,167.94,3,0.00,82.29,Central,Office Supplies
CA-2018-118213-2,CA-2018-118213,OFF-PA-10003673,67.80,10,0.00,31.19,Central,Office Supplies
CA-2017-149237-0,CA-2017-149237,FUR-FU-10002088,26.94,3,0.00,11.31,Central,Furniture
US-2016-158589-0,US-2016-158589,FUR-FU-10001546,32.04,3,0.00,8.01,West,Furniture
CA-2017-101329-0,CA-2017-101329,OFF-AR-10000614,32.13,9,0.00,8.35,East,Office Supplies
CA-2017-101329-1,CA-2017-101329,OFF-AR-10003190,2.88,1,0.00,0.81,East,Office Supplies
CA-2017-113607-0,CA-2017-113607,TEC-PH-10004094,1091.93,7,0.00,272.98,East,Technology
CA-2017-113607-1,CA-2017-113607,OFF-PA-10001970,111.96,2,0.00,54.86,East,Office Supplies
CA-2015-149104-0,CA-2015-149104,OFF-AR-10002952,26.70,2,0.00,7.48,Central,Office Supplies
CA-2015-149104-1,CA-2015-149104,OFF-BI-10004209,40.20,5,0.00,18.09,Central,Office Supplies
CA-2015-149104-2,CA-2015-149104,OFF-AR-10004685,13.89,3,0.00,4.58,Central,Office Supplies
CA-2015-149104-3,CA-2015-149104,OFF-ST-10000991,689.82,6,0.00,20.69,Central,Office Supplies
CA-2017-105263-0,CA-2017-105263,OFF-AR-10002399,38.34,9,0.00,15.72,East,Office Supplies
CA-2015-130575-0,CA-2015-130575,OFF-BI-10002353,9.26,3,0.80,-13.90,Central,Office Supplies
CA-2018-142461-0,CA-2018-142461,FUR-BO-10001811,204.67,1,0.32,-6.02,Central,Furniture
CA-2017-125220-0,CA-2017-125220,TEC-AC-10003033,1649.75,5,0.00,544.42,Central,Technology
CA-2015-100293-0,CA-2015-100293,OFF-PA-10000176,91.06,6,0.20,31.87,South,Office Supplies
CA-2015-154165-0,CA-2015-154165,OFF-AR-10003631,54.21,14,0.20,8.81,Central,Office Supplies
CA-2016-123939-0,CA-2016-123939,TEC-PH-10000923,26.98,3,0.40,4.05,East,Technology
CA-2016-123939-1,CA-2016-123939,OFF-LA-10003190,6.91,3,0.20,2.51,East,Office Supplies
CA-2016-123939-2,CA-2016-123939,OFF-ST-10003208,435.50,3,0.20,48.99,East,Office Supplies
US-2018-104451-0,US-2018-104451,OFF-AP-10000692,81.08,4,0.00,22.70,West,Office Supplies
CA-2017-101189-0,CA-2017-101189,OFF-ST-10004180,93.02,2,0.00,3.72,West,Office Supplies
CA-2015-169446-0,CA-2015-169446,TEC-PH-10002817,323.98,3,0.20,36.45,Central,Technology
CA-2015-169446-1,CA-2015-169446,OFF-PA-10000295,15.55,3,0.20,5.44,Central,Office Supplies
CA-2015-169446-2,CA-2015-169446,OFF-ST-10000419,32.59,3,0.20,-7.74,Central,Office Supplies
CA-2018-156958-0,CA-2018-156958,OFF-BI-10001524,83.92,5,0.20,29.37,West,Office Supplies
CA-2018-156958-1,CA-2018-156958,FUR-FU-10003268,199.90,5,0.00,39.98,West,Furniture
CA-2018-156958-2,CA-2018-156958,TEC-PH-10000148,31.18,3,0.20,-7.01,West,Technology
CA-2018-156958-3,CA-2018-156958,OFF-BI-10001543,172.75,6,0.20,60.46,West,Office Supplies
CA-2018-156958-4,CA-2018-156958,OFF-BI-10002071,9.30,2,0.20,3.02,West,Office Supplies
CA-2018-101637-0,CA-2018-101637,OFF-ST-10002352,12.77,2,0.20,0.96,Central,Office Supplies
CA-2018-111759-0,CA-2018-111759,OFF-PA-10003127,52.76,2,0.00,24.27,West,Office Supplies
CA-2018-102729-0,CA-2018-102729,OFF-ST-10000464,55.62,2,0.20,5.56,Central,Office Supplies
CA-2017-116596-0,CA-2017-116596,FUR-CH-10000553,427.64,14,0.10,80.78,East,Furniture
CA-2017-116596-1,CA-2017-116596,OFF-FA-10000134,40.67,7,0.00,12.61,East,Office Supplies
CA-2017-116596-2,CA-2017-116596,OFF-ST-10000636,33.48,2,0.00,1.34,East,Office Supplies
CA-2017-116596-3,CA-2017-116596,OFF-BI-10002949,9.73,2,0.20,3.28,East,Office Supplies
CA-2018-124191-0,CA-2018-124191,FUR-FU-10002364,8.86,3,0.60,-6.86,Central,Furniture
CA-2017-148747-0,CA-2017-148747,FUR-BO-10002613,477.67,2,0.15,84.29,West,Furniture
US-2018-169488-0,US-2018-169488,OFF-PA-10002659,16.90,5,0.00,7.77,East,Office Supplies
US-2018-169488-1,US-2018-169488,OFF-PA-10000157,39.96,2,0.00,18.78,East,Office Supplies
CA-2016-135727-0,CA-2016-135727,FUR-CH-10004540,191.97,7,0.20,16.80,West,Furniture
CA-2016-135251-0,CA-2016-135251,OFF-LA-10004544,35.52,3,0.20,13.32,Central,Office Supplies
CA-2016-135251-1,CA-2016-135251,OFF-BI-10001097,6.23,5,0.80,-9.66,Central,Office Supplies
CA-2016-135251-2,CA-2016-135251,OFF-PA-10003302,56.70,2,0.20,19.14,Central,Office Supplies
CA-2016-135251-3,CA-2016-135251,FUR-BO-10003965,369.20,3,0.32,-114.02,Central,Furniture
CA-2015-166590-0,CA-2015-166590,TEC-AC-10003433,1.98,2,0.00,0.89,Central,Technology
CA-2015-166590-1,CA-2015-166590,OFF-PA-10000482,75.88,2,0.00,35.66,Central,Office Supplies
CA-2017-131744-0,CA-2017-131744,OFF-PA-10004610,6.85,2,0.20,2.14,East,Office Supplies
CA-2017-131744-1,CA-2017-131744,OFF-BI-10003910,4.63,2,0.70,-3.85,East,Office Supplies
CA-2017-131744-2,CA-2017-131744,OFF-AP-10001394,453.60,3,0.20,90.72,East,Office Supplies
CA-2016-160864-0,CA-2016-160864,OFF-BI-10004654,13.85,3,0.20,5.19,West,Office Supplies
CA-2016-147690-0,CA-2016-147690,OFF-ST-10001526,577.58,6,0.20,43.32,East,Office Supplies
CA-2016-163923-0,CA-2016-163923,TEC-AC-10000358,151.96,4,0.00,36.47,South,Technology
CA-2017-125724-0,CA-2017-125724,FUR-FU-10000246,68.43,7,0.20,8.55,West,Furniture
CA-2016-111612-0,CA-2016-111612,FUR-FU-10003799,71.12,5,0.20,9.78,East,Furniture
CA-2016-111612-1,CA-2016-111612,OFF-FA-10003021,3.01,2,0.20,0.56,East,Office Supplies
CA-2016-156853-0,CA-2016-156853,OFF-PA-10003656,184.66,7,0.00,84.94,East,Office Supplies
CA-2015-103086-0,CA-2015-103086,FUR-FU-10004586,5.31,2,0.60,-1.59,Central,Furniture
CA-2017-129280-0,CA-2017-129280,TEC-AC-10003832,132.52,5,0.20,34.79,East,Technology
CA-2017-129280-1,CA-2017-129280,OFF-ST-10002554,195.64,5,0.20,-44.02,East,Office Supplies
CA-2017-129280-2,CA-2017-129280,FUR-FU-10001876,51.97,2,0.20,10.39,East,Furniture
CA-2017-129280-3,CA-2017-129280,TEC-AC-10002637,431.98,3,0.20,-75.60,East,Technology
CA-2017-129280-4,CA-2017-129280,TEC-MA-10003589,224.94,3,0.70,-164.95,East,Technology
CA-2017-129280-5,CA-2017-129280,OFF-LA-10000081,6.00,2,0.20,2.10,East,Office Supplies
CA-2016-161242-0,CA-2016-161242,OFF-PA-10001838,11.76,2,0.00,5.76,West,Office Supplies
CA-2015-130428-0,CA-2015-130428,FUR-CH-10002965,1125.49,7,0.20,98.48,South,Furniture
CA-2015-130428-1,CA-2015-130428,OFF-BI-10001636,12.64,5,0.70,-10.12,South,Office Supplies
CA-2015-130428-2,CA-2015-130428,OFF-AR-10004027,4.03,2,0.20,1.06,South,Office Supplies
CA-2018-104388-0,CA-2018-104388,TEC-PH-10002293,79.96,4,0.00,22.39,Central,Technology
CA-2016-113131-0,CA-2016-113131,OFF-BI-10003196,6.73,6,0.70,-4.49,East,Office Supplies
CA-2016-113131-1,CA-2016-113131,OFF-ST-10001172,33.57,2,0.20,1.68,East,Office Supplies
CA-2016-113131-2,CA-2016-113131,OFF-EN-10003068,15.84,2,0.20,5.54,East,Office Supplies
CA-2016-113131-3,CA-2016-113131,OFF-LA-10003510,24.42,1,0.20,7.94,East,Office Supplies
CA-2016-113131-4,CA-2016-113131,OFF-AR-10003504,17.12,5,0.20,1.93,East,Office Supplies
CA-2016-148495-0,CA-2016-148495,FUR-FU-10001889,31.56,3,0.00,10.41,West,Furniture
CA-2016-143147-0,CA-2016-143147,FUR-CH-10000863,105.69,1,0.30,-28.69,Central,Furniture
CA-2016-143147-1,CA-2016-143147,TEC-MA-10004679,399.54,2,0.40,-79.91,Central,Technology
CA-2016-143147-2,CA-2016-143147,FUR-CH-10004754,104.93,5,0.30,-4.50,Central,Furniture
CA-2018-152975-0,CA-2018-152975,TEC-PH-10004586,1079.85,3,0.00,323.95,East,Technology
CA-2018-152975-1,CA-2018-152975,OFF-ST-10001370,70.98,1,0.00,3.55,East,Office Supplies
CA-2018-152975-2,CA-2018-152975,OFF-AR-10001988,29.95,5,0.00,8.69,East,Office Supplies
CA-2018-152975-3,CA-2018-152975,FUR-CH-10003298,589.41,5,0.10,-6.55,East,Furniture
CA-2017-107475-0,CA-2017-107475,OFF-FA-10002988,9.65,6,0.20,3.50,East,Office Supplies
CA-2018-116127-0,CA-2018-116127,FUR-BO-10002213,400.78,1,0.20,-5.01,East,Furniture
CA-2018-132584-0,CA-2018-132584,OFF-ST-10000344,53.72,4,0.00,13.97,Central,Office Supplies
CA-2017-160598-0,CA-2017-160598,OFF-PA-10002319,31.01,1,0.20,11.24,South,Office Supplies
CA-2017-108630-0,CA-2017-108630,OFF-BI-10002437,61.12,5,0.20,22.16,West,Office Supplies
US-2018-129203-0,US-2018-129203,OFF-ST-10001418,195.14,4,0.20,-43.91,Central,Office Supplies
CA-2018-110940-0,CA-2018-110940,OFF-AR-10000380,121.54,4,0.20,15.19,Central,Office Supplies
CA-2015-119172-0,CA-2015-119172,OFF-PA-10003036,17.47,3,0.20,5.68,Central,Office Supplies
CA-2015-119172-1,CA-2015-119172,OFF-BI-10002026,104.58,9,0.80,-172.56,Central,Office Supplies
US-2017-105452-0,US-2017-105452,FUR-FU-10003691,24.70,5,0.60,-9.88,Central,Furniture
US-2017-105452-1,US-2017-105452,FUR-FU-10003806,302.72,5,0.60,-378.40,Central,Furniture
CA-2018-108931-0,CA-2018-108931,OFF-PA-10002741,8.56,2,0.00,3.85,East,Office Supplies
CA-2018-108931-1,CA-2018-108931,OFF-PA-10003845,11.56,2,0.00,5.66,East,Office Supplies
CA-2018-104619-0,CA-2018-104619,OFF-AP-10001492,25.86,3,0.00,6.72,West,Office Supplies
CA-2018-104619-1,CA-2018-104619,OFF-BI-10004318,276.78,2,0.20,89.95,West,Office Supplies
CA-2018-104619-2,CA-2018-104619,TEC-PH-10000193,110.35,3,0.20,8.28,West,Technology
CA-2016-149517-0,CA-2016-149517,FUR-FU-10003464,60.84,3,0.00,19.47,West,Furniture
CA-2016-116841-0,CA-2016-116841,OFF-AP-10002403,35.21,1,0.20,2.64,West,Office Supplies
CA-2018-107797-0,CA-2018-107797,OFF-PA-10003848,41.47,8,0.20,14.52,Central,Office Supplies
CA-2017-117604-0,CA-2017-117604,OFF-PA-10001357,239.50,5,0.00,114.96,South,Office Supplies
CA-2015-130155-0,CA-2015-130155,OFF-SU-10004737,34.20,5,0.00,9.23,South,Office Supplies
CA-2017-129861-0,CA-2017-129861,FUR-TA-10003715,376.87,3,0.40,-213.56,East,Furniture
CA-2016-138625-0,CA-2016-138625,OFF-AP-10003099,197.72,4,0.00,55.36,South,Office Supplies
US-2018-122672-0,US-2018-122672,TEC-AC-10002323,70.72,4,0.20,-6.19,East,Technology
US-2018-122672-1,US-2018-122672,OFF-ST-10002344,194.35,3,0.20,-43.73,East,Office Supplies
CA-2018-117128-0,CA-2018-117128,OFF-PA-10000007,21.60,6,0.00,9.94,East,Office Supplies
CA-2018-117128-1,CA-2018-117128,OFF-LA-10000248,11.07,3,0.00,5.20,East,Office Supplies
CA-2017-130638-0,CA-2017-130638,FUR-FU-10002116,282.84,4,0.00,19.80,West,Furniture
CA-2017-130638-1,CA-2017-130638,OFF-LA-10002195,27.72,9,0.00,13.31,West,Office Supplies
CA-2018-144365-0,CA-2018-144365,OFF-FA-10000735,11.68,4,0.00,5.26,South,Office Supplies
CA-2017-110086-0,CA-2017-110086,TEC-PH-10001299,239.98,2,0.20,24.00,West,Technology
CA-2015-128524-0,CA-2015-128524,OFF-AP-10002892,22.98,1,0.00,6.89,West,Office Supplies
CA-2015-128524-1,CA-2015-128524,TEC-AC-10002718,102.13,7,0.00,15.32,West,Technology
CA-2015-128524-2,CA-2015-128524,OFF-BI-10003527,2033.58,2,0.20,762.59,West,Office Supplies
CA-2017-140256-0,CA-2017-140256,OFF-AR-10002255,5.76,2,0.00,1.67,West,Office Supplies
CA-2018-160633-0,CA-2018-160633,TEC-CO-10002095,899.98,3,0.40,75.00,East,Technology
CA-2018-160633-1,CA-2018-160633,OFF-AR-10004022,86.35,3,0.20,5.40,East,Office Supplies
CA-2018-160633-2,CA-2018-160633,TEC-AC-10002335,139.96,5,0.20,-1.75,East,Technology
CA-2015-115133-0,CA-2015-115133,OFF-AP-10001634,16.70,6,0.20,1.25,East,Office Supplies
CA-2015-115133-1,CA-2015-115133,TEC-AC-10002370,3.15,2,0.20,0.47,East,Technology
CA-2015-115133-2,CA-2015-115133,OFF-PA-10000174,32.90,4,0.20,11.10,East,Office Supplies
CA-2018-137449-0,CA-2018-137449,OFF-AP-10000240,21.39,2,0.80,-54.55,Central,Office Supplies
CA-2018-137449-1,CA-2018-137449,FUR-TA-10002855,307.31,3,0.30,-39.51,Central,Furniture
CA-2018-137449-2,CA-2018-137449,FUR-BO-10000780,410.00,3,0.32,-96.47,Central,Furniture
CA-2018-103520-0,CA-2018-103520,OFF-PA-10001846,9.25,2,0.20,3.35,Central,Office Supplies
CA-2015-139283-0,CA-2015-139283,OFF-BI-10002049,14.67,3,0.00,6.75,Central,Office Supplies
CA-2015-118192-0,CA-2015-118192,OFF-PA-10002947,37.41,7,0.20,13.09,East,Office Supplies
CA-2015-118192-1,CA-2015-118192,OFF-BI-10003476,3.44,2,0.70,-2.52,East,Office Supplies
CA-2017-168844-0,CA-2017-168844,OFF-BI-10002609,7.15,3,0.20,2.32,East,Office Supplies
CA-2017-168844-1,CA-2017-168844,TEC-PH-10003215,179.70,6,0.00,88.05,East,Technology
CA-2018-154809-0,CA-2018-154809,OFF-AP-10004785,90.64,8,0.00,38.98,Central,Office Supplies
CA-2015-151330-0,CA-2015-151330,TEC-AC-10000865,177.00,3,0.00,30.09,East,Technology
CA-2015-151330-1,CA-2015-151330,OFF-ST-10000615,79.45,7,0.00,22.25,East,Office Supplies
CA-2015-151330-2,CA-2015-151330,FUR-CH-10000749,1628.82,9,0.00,260.61,East,Furniture
CA-2015-124702-0,CA-2015-124702,FUR-FU-10003553,137.54,2,0.00,55.02,West,Furniture
CA-2015-124702-1,CA-2015-124702,FUR-TA-10003008,730.20,4,0.00,94.93,West,Furniture
US-2018-125808-0,US-2018-125808,OFF-PA-10001846,11.56,2,0.00,5.66,West,Office Supplies
CA-2016-116638-0,CA-2016-116638,FUR-TA-10000198,4297.64,13,0.40,-1862.31,South,Furniture
CA-2015-104563-0,CA-2015-104563,OFF-AR-10000390,20.65,5,0.00,9.50,West,Office Supplies
CA-2015-104563-1,CA-2015-104563,OFF-ST-10000934,204.90,5,0.00,0.00,West,Office Supplies
CA-2015-104563-2,CA-2015-104563,FUR-CH-10002780,436.70,6,0.20,21.84,West,Furniture
CA-2015-104563-3,CA-2015-104563,FUR-CH-10004495,481.57,2,0.20,54.18,West,Furniture
US-2018-107979-0,US-2018-107979,TEC-AC-10002006,89.54,7,0.20,12.31,West,Technology
US-2018-107979-1,US-2018-107979,OFF-ST-10002485,35.17,2,0.20,-8.35,West,Office Supplies
US-2018-107979-2,US-2018-107979,OFF-BI-10000778,72.59,2,0.70,-48.39,West,Office Supplies
CA-2015-150518-0,CA-2015-150518,OFF-ST-10000877,221.16,4,0.00,57.50,Central,Office Supplies
CA-2015-150518-1,CA-2015-150518,TEC-PH-10002103,281.97,3,0.00,78.95,Central,Technology
CA-2017-107104-0,CA-2017-107104,FUR-BO-10002213,3406.66,8,0.15,160.31,West,Furniture
CA-2017-107104-1,CA-2017-107104,OFF-AR-10004269,37.17,9,0.00,10.41,West,Office Supplies
CA-2017-107104-2,CA-2017-107104,OFF-AP-10000055,64.96,2,0.00,19.49,West,Office Supplies
CA-2017-107104-3,CA-2017-107104,FUR-FU-10002937,595.38,6,0.00,297.69,West,Furniture
CA-2018-161893-0,CA-2018-161893,TEC-AC-10001874,95.98,2,0.20,12.00,West,Technology
CA-2018-161893-1,CA-2018-161893,OFF-BI-10004506,4.94,2,0.70,-3.62,West,Office Supplies
CA-2015-156160-0,CA-2015-156160,FUR-FU-10001876,97.44,3,0.00,35.08,East,Furniture
CA-2015-156160-1,CA-2015-156160,OFF-BI-10003355,3.98,1,0.20,1.39,East,Office Supplies
CA-2015-156160-2,CA-2015-156160,OFF-AR-10003876,13.04,4,0.00,5.74,East,Office Supplies
CA-2015-156160-3,CA-2015-156160,FUR-CH-10004983,579.53,4,0.10,83.71,East,Furniture
CA-2015-100860-0,CA-2015-100860,OFF-LA-10001982,18.75,5,0.00,9.00,West,Office Supplies
CA-2017-160717-0,CA-2017-160717,TEC-PH-10001459,3023.93,9,0.20,226.79,West,Technology
CA-2017-160717-1,CA-2017-160717,TEC-AC-10002134,26.96,2,0.00,3.77,West,Technology
CA-2017-160717-2,CA-2017-160717,TEC-PH-10001760,477.60,3,0.20,161.19,West,Technology
CA-2018-132619-0,CA-2018-132619,OFF-ST-10001511,193.95,3,0.00,9.70,West,Office Supplies
US-2016-120957-0,US-2016-120957,OFF-PA-10003953,12.96,2,0.00,6.22,West,Office Supplies
CA-2018-157448-0,CA-2018-157448,FUR-FU-10003268,119.94,3,0.00,23.99,West,Furniture
CA-2018-157448-1,CA-2018-157448,FUR-FU-10001847,12.42,3,0.00,4.47,West,Furniture
CA-2017-126270-0,CA-2017-126270,OFF-BI-10002764,18.09,7,0.20,6.56,West,Office Supplies
CA-2017-126270-1,CA-2017-126270,OFF-EN-10004386,71.97,3,0.00,35.98,West,Office Supplies
CA-2018-145275-0,CA-2018-145275,OFF-LA-10001569,14.94,3,0.00,6.87,South,Office Supplies
CA-2016-133396-0,CA-2016-133396,OFF-AR-10001446,64.68,7,0.20,8.09,South,Office Supplies
US-2018-140312-0,US-2018-140312,TEC-PH-10003442,22.00,5,0.20,1.38,West,Technology
CA-2017-114867-0,CA-2017-114867,OFF-PA-10000477,7.97,2,0.20,2.69,East,Office Supplies
CA-2017-114867-1,CA-2017-114867,TEC-PH-10002645,1499.97,5,0.40,-374.99,East,Technology
US-2015-164644-0,US-2015-164644,OFF-ST-10003123,26.63,1,0.20,1.33,Central,Office Supplies
CA-2017-137393-0,CA-2017-137393,FUR-FU-10001617,41.60,4,0.00,14.14,West,Furniture
US-2015-120175-0,US-2015-120175,OFF-EN-10003862,64.02,6,0.00,29.45,Central,Office Supplies
CA-2017-144785-0,CA-2017-144785,OFF-AR-10001573,6.99,3,0.00,2.03,East,Office Supplies
CA-2017-144785-1,CA-2017-144785,OFF-SU-10004290,6.84,1,0.00,1.85,East,Office Supplies
CA-2016-130113-0,CA-2016-130113,OFF-ST-10000046,323.10,2,0.00,61.39,West,Office Supplies
CA-2016-130113-1,CA-2016-130113,TEC-PH-10003505,668.16,9,0.20,75.17,West,Technology
CA-2018-122770-0,CA-2018-122770,OFF-LA-10004559,8.64,3,0.00,4.23,West,Office Supplies
CA-2018-122770-1,CA-2018-122770,OFF-PA-10003172,38.88,6,0.00,18.66,West,Office Supplies
CA-2018-122770-2,CA-2018-122770,FUR-FU-10001473,201.04,8,0.00,54.28,West,Furniture
CA-2018-122770-3,CA-2018-122770,OFF-PA-10000232,12.96,2,0.00,6.35,West,Office Supplies
CA-2018-118668-0,CA-2018-118668,TEC-AC-10000682,16.59,1,0.00,5.81,West,Technology
CA-2018-116498-0,CA-2018-116498,OFF-AR-10003405,35.10,6,0.00,10.18,West,Office Supplies
US-2018-130603-0,US-2018-130603,OFF-BI-10000301,11.65,9,0.80,-17.47,Central,Office Supplies
US-2018-135986-0,US-2018-135986,OFF-PA-10001534,32.40,5,0.00,15.55,South,Office Supplies
US-2018-135986-1,US-2018-135986,TEC-PH-10003691,503.96,4,0.00,125.99,South,Technology
CA-2018-140536-0,CA-2018-140536,OFF-AR-10001545,7.04,4,0.00,2.04,East,Office Supplies
CA-2016-130183-0,CA-2016-130183,FUR-BO-10001811,614.00,3,0.32,-18.06,Central,Furniture
CA-2016-107902-0,CA-2016-107902,OFF-ST-10001837,470.36,11,0.00,122.29,East,Office Supplies
CA-2018-130148-0,CA-2018-130148,OFF-PA-10000551,31.08,6,0.00,15.23,West,Office Supplies
CA-2018-130148-1,CA-2018-130148,OFF-SU-10001574,7.30,2,0.00,2.19,West,Office Supplies
US-2017-151260-0,US-2017-151260,OFF-AP-10002892,73.54,4,0.20,9.19,East,Office Supplies
CA-2015-144281-0,CA-2015-144281,OFF-LA-10003930,491.55,5,0.00,240.86,Central,Office Supplies
CA-2017-122511-0,CA-2017-122511,FUR-FU-10001037,30.34,4,0.20,9.48,East,Furniture
CA-2018-154116-0,CA-2018-154116,OFF-PA-10004569,22.83,3,0.00,10.73,West,Office Supplies
CA-2018-154116-1,CA-2018-154116,OFF-AP-10000027,54.32,4,0.00,16.30,West,Office Supplies
CA-2018-154116-2,CA-2018-154116,TEC-PH-10000675,196.78,3,0.20,14.76,West,Technology
CA-2017-105291-0,CA-2017-105291,OFF-FA-10003059,3.62,2,0.00,1.19,West,Office Supplies
CA-2018-147032-0,CA-2018-147032,OFF-PA-10003256,11.54,1,0.00,5.54,East,Office Supplies
CA-2018-147032-1,CA-2018-147032,OFF-BI-10003656,849.95,5,0.00,390.98,East,Office Supplies
CA-2018-147032-2,CA-2018-147032,OFF-BI-10002897,11.01,3,0.00,5.39,East,Office Supplies
CA-2018-125990-0,CA-2018-125990,OFF-BI-10004826,39.62,3,0.20,13.87,West,Office Supplies
CA-2017-161746-0,CA-2017-161746,FUR-CH-10004626,242.14,3,0.20,12.11,West,Furniture
CA-2017-161746-1,CA-2017-161746,OFF-AR-10000390,12.39,3,0.00,5.70,West,Office Supplies
CA-2017-161746-2,CA-2017-161746,FUR-FU-10003731,19.96,2,0.00,5.59,West,Furniture
CA-2017-161746-3,CA-2017-161746,OFF-ST-10002743,340.92,3,0.00,3.41,West,Office Supplies
CA-2015-114251-0,CA-2015-114251,FUR-FU-10001468,273.57,2,0.20,-34.20,East,Furniture
CA-2015-114251-1,CA-2015-114251,OFF-BI-10003684,13.19,2,0.70,-8.80,East,Office Supplies
CA-2015-114251-2,CA-2015-114251,OFF-ST-10003716,1080.10,6,0.20,-94.51,East,Office Supplies
CA-2015-114251-3,CA-2015-114251,TEC-AC-10001101,51.56,5,0.20,-6.45,East,Technology
CA-2015-114251-4,CA-2015-114251,TEC-AC-10004864,58.42,2,0.20,16.79,East,Technology
CA-2017-116379-0,CA-2017-116379,OFF-BI-10001543,57.58,2,0.20,20.15,West,Office Supplies
US-2017-144477-0,US-2017-144477,OFF-AR-10000914,37.31,4,0.20,2.80,East,Office Supplies
CA-2017-108210-0,CA-2017-108210,TEC-PH-10002293,79.96,5,0.20,8.00,Central,Technology
CA-2017-108210-1,CA-2017-108210,TEC-AC-10000109,223.96,5,0.20,11.20,Central,Technology
CA-2018-166835-0,CA-2018-166835,OFF-ST-10002574,221.02,2,0.20,-55.26,East,Office Supplies
CA-2017-119641-0,CA-2017-119641,FUR-FU-10002445,18.96,2,0.00,7.58,Central,Furniture
CA-2017-105781-0,CA-2017-105781,FUR-CH-10001802,326.65,3,0.10,39.92,East,Furniture
CA-2017-105781-1,CA-2017-105781,TEC-AC-10003628,89.97,3,0.00,39.59,East,Technology
CA-2015-101364-0,CA-2015-101364,OFF-BI-10003984,296.71,13,0.20,100.14,East,Office Supplies
CA-2016-117898-0,CA-2016-117898,OFF-EN-10004459,12.22,2,0.20,4.43,Central,Office Supplies
CA-2018-142293-0,CA-2018-142293,TEC-AC-10001109,89.97,3,0.00,37.79,West,Technology
CA-2018-167395-0,CA-2018-167395,OFF-AP-10001293,286.86,7,0.00,80.32,East,Office Supplies
CA-2018-167395-1,CA-2018-167395,TEC-PH-10004977,979.95,5,0.00,284.19,East,Technology
CA-2018-167395-2,CA-2018-167395,OFF-SU-10001935,4.36,2,0.00,0.17,East,Office Supplies
CA-2015-111962-0,CA-2015-111962,OFF-BI-10001308,10.05,2,0.20,3.14,West,Office Supplies
CA-2015-111962-1,CA-2015-111962,OFF-ST-10000046,807.75,5,0.00,153.47,West,Office Supplies
CA-2018-124261-0,CA-2018-124261,OFF-AR-10003504,34.24,8,0.00,9.93,West,Office Supplies
CA-2015-114321-0,CA-2015-114321,FUR-CH-10001797,500.24,13,0.00,145.07,South,Furniture
CA-2015-114321-1,CA-2015-114321,OFF-PA-10000246,20.12,2,0.00,9.26,South,Office Supplies
CA-2015-114321-2,CA-2015-114321,OFF-BI-10001359,896.99,1,0.00,421.59,South,Office Supplies
CA-2015-128062-0,CA-2015-128062,OFF-PA-10001583,5.88,1,0.20,1.98,East,Office Supplies
US-2016-100069-0,US-2016-100069,TEC-PH-10004667,269.98,2,0.00,72.89,Central,Technology
CA-2018-129294-0,CA-2018-129294,OFF-ST-10002615,310.12,2,0.00,80.63,West,Office Supplies
CA-2018-129294-1,CA-2018-129294,OFF-BI-10004236,70.46,6,0.20,22.90,West,Office Supplies
CA-2018-129294-2,CA-2018-129294,OFF-BI-10001757,19.68,5,0.20,6.89,West,Office Supplies
CA-2018-129294-3,CA-2018-129294,OFF-AP-10001154,140.67,3,0.00,54.86,West,Office Supplies
CA-2016-117086-0,CA-2016-117086,FUR-BO-10004834,4404.90,5,0.00,1013.13,East,Furniture
CA-2018-131303-0,CA-2018-131303,OFF-LA-10001074,62.65,5,0.00,29.45,West,Office Supplies
CA-2017-137127-0,CA-2017-137127,OFF-LA-10001641,9.45,3,0.00,4.54,East,Office Supplies
CA-2018-141782-0,CA-2018-141782,OFF-EN-10002230,268.58,4,0.20,90.64,Central,Office Supplies
CA-2018-137505-0,CA-2018-137505,FUR-TA-10000617,364.08,2,0.20,9.10,West,Furniture
CA-2018-137505-1,CA-2018-137505,FUR-TA-10001676,71.09,2,0.20,-1.78,West,Furniture
US-2015-140914-0,US-2015-140914,FUR-FU-10000175,10.98,2,0.60,-7.96,Central,Furniture
US-2015-140914-1,US-2015-140914,FUR-CH-10003379,797.94,4,0.30,-57.00,Central,Furniture
CA-2017-158358-0,CA-2017-158358,TEC-AC-10002567,159.98,2,0.00,57.59,East,Technology
CA-2017-113390-0,CA-2017-113390,OFF-AR-10003183,5.34,2,0.20,0.67,Central,Office Supplies
CA-2017-113390-1,CA-2017-113390,OFF-AR-10001446,27.72,3,0.20,3.46,Central,Office Supplies
US-2017-158680-0,US-2017-158680,OFF-BI-10000145,2.50,1,0.20,0.90,West,Office Supplies
CA-2018-113705-0,CA-2018-113705,OFF-LA-10000476,8.26,2,0.00,3.80,South,Office Supplies
CA-2018-113705-1,CA-2018-113705,OFF-BI-10001679,17.76,2,0.00,8.88,South,Office Supplies
CA-2018-113705-2,CA-2018-113705,OFF-ST-10001128,332.94,3,0.00,9.99,South,Office Supplies
CA-2018-113705-3,CA-2018-113705,FUR-TA-10002533,292.10,2,0.00,58.42,South,Furniture
CA-2018-113705-4,CA-2018-113705,TEC-PH-10004006,206.10,5,0.00,55.65,South,Technology
CA-2018-113705-5,CA-2018-113705,OFF-PA-10002615,17.64,4,0.00,8.11,South,Office Supplies
CA-2017-146913-0,CA-2017-146913,FUR-CH-10001854,1403.92,5,0.20,70.20,West,Furniture
CA-2018-159135-0,CA-2018-159135,OFF-AR-10000657,4.30,2,0.00,1.42,South,Office Supplies
CA-2015-121762-0,CA-2015-121762,TEC-AC-10000736,239.97,3,0.00,86.39,West,Technology
CA-2015-121762-1,CA-2015-121762,OFF-AP-10001293,81.96,2,0.00,22.95,West,Office Supplies
CA-2015-121762-2,CA-2015-121762,OFF-SU-10000157,238.62,2,0.00,4.77,West,Office Supplies
CA-2015-123855-0,CA-2015-123855,TEC-PH-10000215,139.80,5,0.20,12.23,West,Technology
CA-2018-101959-0,CA-2018-101959,OFF-BI-10001757,9.84,2,0.00,4.72,East,Office Supplies
CA-2018-101959-1,CA-2018-101959,OFF-PA-10002137,7.78,1,0.00,3.50,East,Office Supplies
CA-2018-102659-0,CA-2018-102659,OFF-BI-10000088,54.90,5,0.00,26.90,Central,Office Supplies
CA-2018-142328-0,CA-2018-142328,OFF-PA-10000380,50.04,6,0.00,25.02,West,Office Supplies
CA-2017-123533-0,CA-2017-123533,FUR-BO-10001619,339.92,5,0.20,8.50,South,Furniture
CA-2017-123533-1,CA-2017-123533,OFF-PA-10001609,10.53,4,0.20,3.42,South,Office Supplies
CA-2017-123533-2,CA-2017-123533,OFF-AP-10002765,42.38,2,0.20,4.24,South,Office Supplies
CA-2017-104983-0,CA-2017-104983,OFF-PA-10000167,123.92,5,0.20,38.73,East,Office Supplies
CA-2017-160234-0,CA-2017-160234,TEC-PH-10004434,135.95,1,0.00,39.43,South,Technology
CA-2015-169019-0,CA-2015-169019,OFF-BI-10004995,2177.58,8,0.80,-3701.89,Central,Office Supplies
CA-2015-169019-1,CA-2015-169019,FUR-FU-10004666,17.50,3,0.60,-10.06,Central,Furniture
CA-2015-169019-2,CA-2015-169019,OFF-BI-10001524,16.78,4,0.80,-26.85,Central,Office Supplies
CA-2015-169019-3,CA-2015-169019,TEC-AC-10002076,431.14,9,0.20,-26.95,Central,Technology
CA-2015-169019-4,CA-2015-169019,OFF-BI-10001679,8.88,5,0.80,-13.32,Central,Office Supplies
CA-2015-169019-5,CA-2015-169019,OFF-AP-10003281,4.84,2,0.80,-12.09,Central,Office Supplies
CA-2017-153178-0,CA-2017-153178,TEC-PH-10001944,437.85,3,0.00,131.35,East,Technology
CA-2017-153178-1,CA-2017-153178,OFF-BI-10004390,673.57,2,0.20,252.59,East,Office Supplies
CA-2016-149748-0,CA-2016-149748,OFF-PA-10002120,274.80,5,0.00,134.65,East,Office Supplies
CA-2016-149748-1,CA-2016-149748,OFF-ST-10004340,62.18,1,0.00,16.79,East,Office Supplies
CA-2016-149748-2,CA-2016-149748,FUR-FU-10001847,8.28,2,0.00,2.98,East,Furniture
CA-2016-155635-0,CA-2016-155635,OFF-BI-10000962,48.81,3,0.00,23.92,South,Office Supplies
US-2015-114377-0,US-2015-114377,FUR-CH-10004754,149.90,5,0.00,40.47,South,Furniture
CA-2018-144491-0,CA-2018-144491,FUR-BO-10001811,1023.33,5,0.32,-30.10,Central,Furniture
CA-2018-144491-1,CA-2018-144491,FUR-CH-10004063,600.56,3,0.30,-8.58,Central,Furniture
CA-2018-144491-2,CA-2018-144491,TEC-AC-10004901,39.99,1,0.20,7.00,Central,Technology
CA-2018-144491-3,CA-2018-144491,FUR-CH-10001714,211.25,2,0.30,-66.39,Central,Furniture
CA-2015-127166-0,CA-2015-127166,OFF-EN-10003134,56.06,6,0.20,21.02,Central,Office Supplies
CA-2015-127166-1,CA-2015-127166,FUR-CH-10003396,107.77,2,0.30,-29.25,Central,Furniture
CA-2015-127166-2,CA-2015-127166,OFF-PA-10001560,4.83,1,0.20,1.63,Central,Office Supplies
CA-2015-127166-3,CA-2015-127166,OFF-BI-10000977,18.24,3,0.80,-31.01,Central,Office Supplies
CA-2017-125920-0,CA-2017-125920,OFF-BI-10003429,3.80,3,0.80,-5.89,Central,Office Supplies
CA-2016-128608-0,CA-2016-128608,OFF-AR-10001374,10.37,2,0.20,1.56,East,Office Supplies
CA-2016-128608-1,CA-2016-128608,TEC-PH-10004977,235.19,2,0.40,-43.12,East,Technology
CA-2016-128608-2,CA-2016-128608,TEC-PH-10000912,26.38,4,0.40,2.64,East,Technology
CA-2016-128608-3,CA-2016-128608,TEC-AC-10000487,10.38,2,0.20,2.21,East,Technology
CA-2016-128608-4,CA-2016-128608,TEC-PH-10002262,107.12,3,0.40,-21.42,East,Technology
CA-2018-137918-0,CA-2018-137918,OFF-SU-10000898,97.30,7,0.00,28.22,West,Office Supplies
CA-2016-122973-0,CA-2016-122973,OFF-BI-10004182,3.33,2,0.20,1.21,East,Office Supplies
CA-2016-122973-1,CA-2016-122973,TEC-PH-10002468,135.99,1,0.00,36.72,East,Technology
CA-2016-122973-2,CA-2016-122973,FUR-FU-10002364,7.38,1,0.00,2.14,East,Furniture
CA-2017-136322-0,CA-2017-136322,FUR-FU-10002878,45.57,2,0.20,9.68,South,Furniture
CA-2017-136322-1,CA-2017-136322,OFF-BI-10004817,28.75,8,0.70,-21.08,South,Office Supplies
CA-2018-107209-0,CA-2018-107209,FUR-CH-10001146,194.85,4,0.20,12.18,South,Furniture
CA-2018-145093-0,CA-2018-145093,OFF-BI-10001116,2.11,2,0.80,-3.38,Central,Office Supplies
US-2015-139640-0,US-2015-139640,OFF-PA-10000304,25.92,5,0.20,9.07,West,Office Supplies
US-2015-139640-1,US-2015-139640,OFF-AR-10002240,120.77,4,0.20,9.06,West,Office Supplies
CA-2017-117583-0,CA-2017-117583,OFF-PA-10001246,25.92,4,0.00,12.44,East,Office Supplies
CA-2017-117583-1,CA-2017-117583,OFF-AR-10000658,34.65,3,0.00,9.70,East,Office Supplies
CA-2017-117583-2,CA-2017-117583,OFF-PA-10000100,204.95,5,0.00,100.43,East,Office Supplies
CA-2017-117583-3,CA-2017-117583,OFF-BI-10004233,79.95,5,0.00,38.38,East,Office Supplies
CA-2016-162201-0,CA-2016-162201,OFF-PA-10002581,173.49,7,0.20,54.22,South,Office Supplies
CA-2016-162201-1,CA-2016-162201,OFF-ST-10000046,516.96,4,0.20,-6.46,South,Office Supplies
CA-2016-162201-2,CA-2016-162201,FUR-FU-10001185,173.21,7,0.20,45.47,South,Furniture
CA-2016-162201-3,CA-2016-162201,OFF-AR-10003856,4.45,2,0.20,0.33,South,Office Supplies
CA-2016-162201-4,CA-2016-162201,OFF-LA-10001982,9.00,3,0.20,3.15,South,Office Supplies
CA-2016-162201-5,CA-2016-162201,OFF-PA-10001215,42.24,10,0.20,13.20,South,Office Supplies
CA-2016-162201-6,CA-2016-162201,OFF-BI-10002429,18.26,2,0.70,-13.39,South,Office Supplies
US-2015-164406-0,US-2015-164406,OFF-AP-10003287,152.91,3,0.00,42.81,West,Office Supplies
US-2015-164406-1,US-2015-164406,OFF-PA-10000167,92.94,3,0.00,41.82,West,Office Supplies
US-2015-164406-2,US-2015-164406,OFF-BI-10002309,17.86,4,0.20,6.25,West,Office Supplies
US-2015-164406-3,US-2015-164406,OFF-BI-10003638,46.44,3,0.20,15.09,West,Office Supplies
US-2015-164406-4,US-2015-164406,FUR-CH-10003833,195.14,4,0.20,-12.20,West,Furniture
CA-2018-169999-0,CA-2018-169999,OFF-ST-10001511,129.30,2,0.00,6.46,East,Office Supplies
CA-2018-169999-1,CA-2018-169999,OFF-BI-10004728,11.57,3,0.20,3.76,East,Office Supplies
US-2018-152842-0,US-2018-152842,FUR-CH-10004218,242.35,3,0.20,15.15,South,Furniture
CA-2015-113257-0,CA-2015-113257,TEC-AC-10004171,319.97,4,0.20,95.99,Central,Technology
CA-2015-113257-1,CA-2015-113257,FUR-FU-10001706,8.62,7,0.60,-2.59,Central,Furniture
CA-2015-133963-0,CA-2015-133963,OFF-PA-10001526,3.98,1,0.20,1.44,Central,Office Supplies
CA-2018-130302-0,CA-2018-130302,TEC-AC-10002001,895.94,7,0.20,190.39,East,Technology
CA-2017-126627-0,CA-2017-126627,FUR-FU-10004963,14.00,4,0.60,-6.30,Central,Furniture
CA-2017-126627-1,CA-2017-126627,OFF-BI-10001597,16.39,2,0.80,-26.23,Central,Office Supplies
US-2017-125402-0,US-2017-125402,OFF-PA-10000141,10.90,5,0.00,5.12,West,Office Supplies
US-2017-125402-1,US-2017-125402,OFF-LA-10003923,29.60,2,0.00,14.80,West,Office Supplies
US-2017-125402-2,US-2017-125402,OFF-LA-10001771,4.98,1,0.00,2.29,West,Office Supplies
US-2017-125402-3,US-2017-125402,TEC-CO-10001943,479.98,3,0.20,161.99,West,Technology
US-2017-125402-4,US-2017-125402,TEC-PH-10003356,44.74,8,0.20,4.47,West,Technology
US-2017-125402-5,US-2017-125402,OFF-AR-10002255,5.76,2,0.00,1.67,West,Office Supplies
US-2017-125402-6,US-2017-125402,FUR-CH-10000665,483.14,4,0.20,60.39,West,Furniture
CA-2015-163867-0,CA-2015-163867,OFF-LA-10001771,15.94,4,0.20,5.18,Central,Office Supplies
CA-2015-163867-1,CA-2015-163867,FUR-FU-10001475,61.54,7,0.60,-40.00,Central,Furniture
CA-2015-163867-2,CA-2015-163867,OFF-ST-10000877,132.70,3,0.20,9.95,Central,Office Supplies
CA-2018-169327-0,CA-2018-169327,OFF-AP-10001492,43.10,5,0.00,11.21,West,Office Supplies
CA-2018-169327-1,CA-2018-169327,FUR-FU-10004188,511.50,5,0.00,132.99,West,Furniture
CA-2018-169327-2,CA-2018-169327,OFF-BI-10004330,147.92,5,0.20,46.23,West,Office Supplies
CA-2015-142979-0,CA-2015-142979,OFF-AR-10002987,39.68,2,0.00,16.27,West,Office Supplies
CA-2017-158155-0,CA-2017-158155,FUR-FU-10000732,12.56,2,0.00,4.02,East,Furniture
CA-2017-158155-1,CA-2017-158155,OFF-BI-10001670,90.48,3,0.20,33.93,East,Office Supplies
CA-2017-158155-2,CA-2017-158155,OFF-PA-10000533,13.08,2,0.00,6.02,East,Office Supplies
CA-2017-158155-3,CA-2017-158155,FUR-FU-10002253,214.70,5,0.00,83.73,East,Furniture
CA-2018-138870-0,CA-2018-138870,FUR-FU-10002396,50.32,4,0.00,21.13,West,Furniture
CA-2018-138870-1,CA-2018-138870,OFF-PA-10004438,24.56,2,0.00,11.54,West,Office Supplies
CA-2015-120950-0,CA-2015-120950,OFF-PA-10000587,43.68,6,0.00,20.97,South,Office Supplies
CA-2016-164301-0,CA-2016-164301,FUR-TA-10001889,3393.68,8,0.00,610.86,West,Furniture
CA-2018-113278-0,CA-2018-113278,OFF-ST-10001590,67.40,5,0.00,17.52,Central,Office Supplies
CA-2018-113278-1,CA-2018-113278,OFF-FA-10003472,2.52,2,0.00,0.10,Central,Office Supplies
CA-2018-113278-2,CA-2018-113278,TEC-PH-10000169,67.80,4,0.00,1.36,Central,Technology
CA-2018-113278-3,CA-2018-113278,OFF-ST-10002562,18.76,2,0.00,5.25,Central,Office Supplies
CA-2018-113278-4,CA-2018-113278,TEC-AC-10001445,12.12,4,0.00,2.55,Central,Technology
CA-2018-113278-5,CA-2018-113278,OFF-PA-10004156,11.34,1,0.00,5.56,Central,Office Supplies
CA-2018-113278-6,CA-2018-113278,TEC-AC-10004469,159.80,4,0.00,70.31,Central,Technology
CA-2018-113278-7,CA-2018-113278,FUR-FU-10001037,18.96,2,0.00,8.53,Central,Furniture
US-2016-116981-0,US-2016-116981,OFF-ST-10002615,1085.42,7,0.00,282.21,East,Office Supplies
US-2016-116981-1,US-2016-116981,OFF-AP-10000595,13.11,3,0.00,3.41,East,Office Supplies
CA-2015-114195-0,CA-2015-114195,FUR-FU-10002253,68.70,2,0.20,16.32,East,Furniture
CA-2015-114195-1,CA-2015-114195,OFF-BI-10000494,3.13,2,0.70,-2.61,East,Office Supplies
CA-2015-114195-2,CA-2015-114195,OFF-BI-10001658,22.43,3,0.70,-17.94,East,Office Supplies
CA-2018-146269-0,CA-2018-146269,OFF-ST-10003208,290.34,2,0.20,32.66,Central,Office Supplies
CA-2018-146269-1,CA-2018-146269,OFF-AR-10004790,19.15,2,0.20,1.20,Central,Office Supplies
CA-2017-100587-0,CA-2017-100587,OFF-PA-10004609,6.48,1,0.00,3.11,East,Office Supplies
CA-2017-166653-0,CA-2017-166653,OFF-EN-10003055,63.97,2,0.20,19.99,East,Office Supplies
CA-2016-130855-0,CA-2016-130855,OFF-SU-10003936,6.36,2,0.00,0.06,East,Office Supplies
US-2018-166324-0,US-2018-166324,OFF-ST-10000078,848.54,4,0.20,-21.21,East,Office Supplies
US-2018-166324-1,US-2018-166324,OFF-BI-10000174,8.70,5,0.70,-6.38,East,Office Supplies
US-2018-166324-2,US-2018-166324,TEC-PH-10004080,122.38,3,0.40,-24.48,East,Technology
CA-2017-122581-0,CA-2017-122581,FUR-CH-10002961,573.17,7,0.10,63.69,East,Furniture
CA-2016-104297-0,CA-2016-104297,OFF-PA-10000474,85.06,3,0.20,28.71,East,Office Supplies
CA-2015-153927-0,CA-2015-153927,OFF-BI-10000138,14.04,3,0.00,6.74,South,Office Supplies
CA-2015-153927-1,CA-2015-153927,TEC-AC-10000023,272.61,13,0.00,98.14,South,Technology
CA-2015-112291-0,CA-2015-112291,OFF-EN-10001415,11.16,2,0.00,5.58,West,Office Supplies
CA-2015-112291-1,CA-2015-112291,TEC-AC-10001284,62.31,3,0.00,22.43,West,Technology
CA-2015-112291-2,CA-2015-112291,TEC-AC-10000736,159.98,2,0.00,57.59,West,Technology
CA-2015-146997-0,CA-2015-146997,OFF-FA-10003467,5.94,3,0.00,0.00,Central,Office Supplies
CA-2018-169607-0,CA-2018-169607,OFF-PA-10000477,9.96,2,0.00,4.68,East,Office Supplies
CA-2016-127544-0,CA-2016-127544,TEC-AC-10000736,79.99,1,0.00,28.80,East,Technology
CA-2018-166499-0,CA-2018-166499,OFF-AR-10002467,8.94,3,0.00,2.41,East,Office Supplies
US-2017-115441-0,US-2017-115441,OFF-PA-10004996,20.62,2,0.00,9.69,Central,Office Supplies
US-2017-115441-1,US-2017-115441,TEC-AC-10003116,124.25,7,0.00,48.46,Central,Technology
US-2017-115441-2,US-2017-115441,TEC-PH-10002262,297.55,5,0.00,83.31,Central,Technology
US-2017-115441-3,US-2017-115441,FUR-CH-10004626,403.56,4,0.00,96.85,Central,Furniture
US-2017-115441-4,US-2017-115441,FUR-FU-10001756,95.20,5,0.00,27.61,Central,Furniture
CA-2015-115049-0,CA-2015-115049,TEC-AC-10004859,153.82,11,0.20,38.46,Central,Technology
CA-2015-156342-0,CA-2015-156342,OFF-PA-10001725,62.02,2,0.20,22.48,Central,Office Supplies
CA-2017-112830-0,CA-2017-112830,FUR-FU-10004306,466.32,3,0.20,34.97,East,Furniture
CA-2017-112830-1,CA-2017-112830,FUR-FU-10004845,82.64,2,0.20,0.00,East,Furniture
US-2015-117380-0,US-2015-117380,FUR-TA-10000198,330.59,1,0.40,-143.25,East,Furniture
CA-2018-117646-0,CA-2018-117646,OFF-ST-10000036,237.10,3,0.20,20.75,West,Office Supplies
CA-2018-117646-1,CA-2018-117646,FUR-FU-10001037,22.75,3,0.20,7.11,West,Furniture
CA-2018-117646-2,CA-2018-117646,OFF-PA-10001950,6.67,1,0.20,2.08,West,Office Supplies
CA-2015-122609-0,CA-2015-122609,FUR-FU-10004587,25.13,3,0.60,-6.91,Central,Furniture
CA-2015-122609-1,CA-2015-122609,TEC-AC-10002567,127.98,2,0.20,25.60,Central,Technology
US-2016-129007-0,US-2016-129007,FUR-FU-10004973,131.88,7,0.00,55.39,West,Furniture
US-2016-129007-1,US-2016-129007,OFF-BI-10001628,25.03,3,0.20,7.82,West,Office Supplies
US-2016-129007-2,US-2016-129007,FUR-CH-10000155,717.72,3,0.20,71.77,West,Furniture
US-2016-129007-3,US-2016-129007,FUR-FU-10002379,207.35,5,0.00,24.88,West,Furniture
US-2016-129007-4,US-2016-129007,FUR-FU-10004018,44.67,3,0.00,12.06,West,Furniture
US-2016-129007-5,US-2016-129007,OFF-PA-10000994,209.70,2,0.00,100.66,West,Office Supplies
US-2015-157231-0,US-2015-157231,OFF-BI-10002852,115.36,7,0.00,56.53,South,Office Supplies
CA-2016-132388-0,CA-2016-132388,FUR-CH-10001714,362.14,3,0.20,-54.32,West,Furniture
CA-2016-132388-1,CA-2016-132388,OFF-LA-10000414,31.05,3,0.00,14.90,West,Office Supplies
CA-2018-160927-0,CA-2018-160927,OFF-PA-10003848,12.96,2,0.00,6.22,Central,Office Supplies
CA-2018-160927-1,CA-2018-160927,OFF-PA-10000176,94.85,5,0.00,45.53,Central,Office Supplies
CA-2018-160927-2,CA-2018-160927,OFF-ST-10001590,13.48,1,0.00,3.50,Central,Office Supplies
CA-2018-160927-3,CA-2018-160927,FUR-FU-10000010,14.91,3,0.00,4.62,Central,Furniture
CA-2016-105508-0,CA-2016-105508,OFF-EN-10003055,39.98,1,0.00,17.99,East,Office Supplies
CA-2017-149272-0,CA-2017-149272,FUR-CH-10000863,528.43,5,0.30,-143.43,Central,Furniture
CA-2017-149272-1,CA-2017-149272,OFF-BI-10004233,22.39,7,0.80,-35.82,Central,Office Supplies
CA-2015-111360-0,CA-2015-111360,OFF-BI-10003350,5.74,3,0.70,-4.59,East,Office Supplies
US-2018-162124-0,US-2018-162124,TEC-AC-10001990,191.97,4,0.20,28.80,Central,Technology
CA-2016-159534-0,CA-2016-159534,OFF-BI-10003982,49.85,3,0.20,16.82,East,Office Supplies
CA-2016-159534-1,CA-2016-159534,OFF-EN-10004386,23.99,1,0.00,11.99,East,Office Supplies
CA-2016-159534-2,CA-2016-159534,OFF-BI-10003656,1087.94,8,0.20,353.58,East,Office Supplies
CA-2016-159534-3,CA-2016-159534,TEC-PH-10002310,199.98,2,0.00,53.99,East,Technology
CA-2016-159534-4,CA-2016-159534,OFF-ST-10001172,83.92,4,0.00,20.14,East,Office Supplies
CA-2017-129630-0,CA-2017-129630,FUR-FU-10000260,24.27,3,0.00,8.74,West,Furniture
CA-2017-129630-1,CA-2017-129630,TEC-CO-10003763,2799.96,5,0.20,944.99,West,Technology
CA-2016-104948-0,CA-2016-104948,OFF-BI-10001267,9.87,2,0.20,3.46,West,Office Supplies
CA-2016-104948-1,CA-2016-104948,FUR-BO-10004357,683.33,4,0.15,-40.20,West,Furniture
CA-2016-104948-2,CA-2016-104948,OFF-PA-10004610,29.96,7,0.00,13.48,West,Office Supplies
CA-2015-166555-0,CA-2015-166555,TEC-PH-10004912,164.85,3,0.00,47.81,East,Technology
CA-2017-114405-0,CA-2017-114405,OFF-AP-10003278,33.53,3,0.20,2.51,East,Office Supplies
CA-2017-114405-1,CA-2017-114405,OFF-ST-10001627,36.74,3,0.20,3.67,East,Office Supplies
CA-2018-132955-0,CA-2018-132955,OFF-BI-10002735,102.93,3,0.00,48.38,East,Office Supplies
CA-2017-164889-0,CA-2017-164889,FUR-TA-10001676,71.09,2,0.20,-1.78,West,Furniture
CA-2017-169824-0,CA-2017-169824,FUR-FU-10004864,60.35,5,0.00,19.92,East,Furniture
CA-2017-169824-1,CA-2017-169824,OFF-SU-10000952,35.52,4,0.00,9.95,East,Office Supplies
CA-2017-169824-2,CA-2017-169824,OFF-AR-10000462,11.20,7,0.00,4.82,East,Office Supplies
CA-2018-164028-0,CA-2018-164028,TEC-AC-10001772,223.58,14,0.00,87.20,West,Technology
CA-2015-143371-0,CA-2015-143371,OFF-ST-10001128,998.82,9,0.00,29.96,West,Office Supplies
CA-2015-143371-1,CA-2015-143371,OFF-SU-10002537,51.15,5,0.00,13.30,West,Office Supplies
CA-2016-145415-0,CA-2016-145415,OFF-ST-10000419,40.74,3,0.00,0.41,West,Office Supplies
CA-2015-111157-0,CA-2015-111157,OFF-PA-10000327,3.42,1,0.20,1.07,East,Office Supplies
CA-2015-111157-1,CA-2015-111157,TEC-AC-10004353,151.20,3,0.20,32.13,East,Technology
CA-2018-121559-0,CA-2018-121559,FUR-CH-10003746,1925.88,6,0.00,539.25,Central,Furniture
CA-2018-121559-1,CA-2018-121559,OFF-AP-10002945,2405.20,8,0.00,793.72,Central,Office Supplies
CA-2018-121559-2,CA-2018-121559,TEC-AC-10004568,83.97,3,0.00,15.95,Central,Technology
CA-2018-121559-3,CA-2018-121559,TEC-AC-10001714,39.89,1,0.00,14.76,Central,Technology
CA-2018-121559-4,CA-2018-121559,OFF-BI-10002072,17.38,2,0.00,8.69,Central,Office Supplies
CA-2016-141593-0,CA-2016-141593,OFF-BI-10001153,55.26,2,0.20,20.72,West,Office Supplies
CA-2016-141593-1,CA-2016-141593,OFF-PA-10004983,6.48,1,0.00,3.11,West,Office Supplies
CA-2016-141593-2,CA-2016-141593,OFF-BI-10000948,34.25,3,0.20,11.56,West,Office Supplies
CA-2016-141593-3,CA-2016-141593,FUR-TA-10002622,273.57,2,0.20,10.26,West,Furniture
US-2015-143287-0,US-2015-143287,OFF-PA-10001776,46.35,5,0.00,21.78,East,Office Supplies
US-2015-143287-1,US-2015-143287,OFF-PA-10004039,223.92,4,0.00,109.72,East,Office Supplies
US-2015-143287-2,US-2015-143287,OFF-SU-10001574,7.30,2,0.00,2.19,East,Office Supplies
CA-2018-137421-0,CA-2018-137421,OFF-AR-10001761,9.34,2,0.20,1.87,West,Office Supplies
CA-2018-141446-0,CA-2018-141446,TEC-AC-10002305,18.00,1,0.00,3.24,South,Technology
CA-2016-168088-0,CA-2016-168088,OFF-PA-10000675,65.58,2,0.20,23.77,Central,Office Supplies
CA-2016-168088-1,CA-2016-168088,FUR-BO-10004218,383.47,4,0.32,-67.67,Central,Furniture
CA-2016-143700-0,CA-2016-143700,OFF-PA-10003072,10.37,2,0.20,3.63,East,Office Supplies
CA-2017-146374-0,CA-2017-146374,FUR-FU-10002671,13.40,1,0.00,6.43,East,Furniture
CA-2017-146374-1,CA-2017-146374,OFF-PA-10000349,4.98,1,0.00,2.34,East,Office Supplies
CA-2017-146374-2,CA-2017-146374,OFF-EN-10004483,109.69,7,0.00,51.55,East,Office Supplies
CA-2018-153871-0,CA-2018-153871,OFF-BI-10004209,40.20,5,0.00,18.09,East,Office Supplies
CA-2018-153871-1,CA-2018-153871,OFF-BI-10004600,735.98,2,0.00,331.19,East,Office Supplies
CA-2018-153871-2,CA-2018-153871,OFF-AP-10003622,22.75,7,0.00,6.60,East,Office Supplies
CA-2016-103772-0,CA-2016-103772,OFF-BI-10002867,119.56,2,0.00,55.00,South,Office Supplies
CA-2016-103772-1,CA-2016-103772,OFF-AR-10000538,140.75,5,0.00,42.23,South,Office Supplies
CA-2017-130225-0,CA-2017-130225,OFF-EN-10000056,99.57,2,0.20,33.60,Central,Office Supplies
US-2017-103674-0,US-2017-103674,TEC-PH-10004080,271.96,5,0.20,27.20,West,Technology
US-2017-103674-1,US-2017-103674,OFF-AR-10004752,18.69,7,0.00,5.23,West,Office Supplies
US-2017-103674-2,US-2017-103674,OFF-PA-10000743,13.36,2,0.00,6.41,West,Office Supplies
US-2017-103674-3,US-2017-103674,TEC-PH-10002496,249.58,2,0.20,31.20,West,Technology
US-2017-103674-4,US-2017-103674,OFF-FA-10003467,13.86,7,0.00,0.00,West,Office Supplies
US-2017-103674-5,US-2017-103674,OFF-BI-10003727,13.38,4,0.20,4.68,West,Office Supplies
US-2017-103674-6,US-2017-103674,OFF-BI-10002026,437.47,14,0.20,153.12,West,Office Supplies
US-2016-151435-0,US-2016-151435,FUR-TA-10001039,85.98,1,0.00,22.35,South,Furniture
CA-2018-163566-0,CA-2018-163566,OFF-LA-10004484,16.52,5,0.20,5.37,East,Office Supplies
US-2017-157728-0,US-2017-157728,OFF-PA-10002195,35.56,7,0.00,16.71,Central,Office Supplies
US-2017-157728-1,US-2017-157728,TEC-PH-10001305,97.98,2,0.00,27.43,Central,Technology
CA-2016-100251-0,CA-2016-100251,OFF-LA-10003766,31.50,10,0.00,15.12,East,Office Supplies
CA-2016-100251-1,CA-2016-100251,OFF-SU-10000898,55.60,4,0.00,16.12,East,Office Supplies
CA-2017-125794-0,CA-2017-125794,TEC-AC-10003399,36.24,1,0.00,15.22,West,Technology
CA-2018-163629-0,CA-2018-163629,TEC-AC-10001539,79.99,1,0.00,28.80,South,Technology
CA-2018-163629-1,CA-2018-163629,TEC-PH-10004006,206.10,5,0.00,55.65,South,Technology
CA-2015-110422-0,CA-2015-110422,FUR-FU-10001889,25.25,3,0.20,4.10,South,Furniture
CA-2018-121258-0,CA-2018-121258,FUR-FU-10000747,91.96,2,0.00,15.63,West,Furniture
CA-2018-121258-1,CA-2018-121258,TEC-PH-10003645,258.58,2,0.20,19.39,West,Technology
CA-2018-121258-2,CA-2018-121258,OFF-PA-10004041,29.60,4,0.00,13.32,West,Office Supplies
CA-2018-119914-0,CA-2018-119914,OFF-AP-10002684,243.16,2,0.00,72.95,West,Office Supplies